school_id,name,co2027,athletes_all
sch_3fd58f3a395376a7,Houston Cyp. Ridge,143,250
sch_f802d5bd30d9ce27,San Antonio Reagan,136,445
sch_dc7ef7cd1a3b1956,Houston Cyp. Falls,135,381
sch_f58e3668bbec4d58,San Antonio Johnson,130,304
sch_1eb2d6d1eb0d46e8,Liberty Hill High School,130,299
sch_dc9c62ab6330fc9c,Bridgeland,129,358
sch_3438347f7318ec86,Houston Cyp. Ranch,127,350
sch_6150ae661cd0c0db,Coppell,124,400
sch_fe277cc93625968d,Lake Belton,120,356
sch_fa37332e08227349,Arlington Lamar,120,280
sch_eb426ca3ddec76d8,Belton,118,329
sch_c25d4156db71c965,Buda Johnson,117,247
sch_61166bb2d7e9db8d,Hutto High School,114,404
sch_a7d64422476ed57b,Dallas Highland Park,114,334
sch_c57987358025e60b,Sheldon King,112,329
sch_ebddaa85bc6ab36c,Hendrickson,111,278
sch_8ded261c696460cf,Cedar Park Vista Ridge,111,264
sch_9046c426f12207d0,Carroll High School,109,284
sch_24f6eb82db339c6e,Euless Trinity,109,265
sch_c3c3fa6376e0d702,Cy-Fair,108,341
sch_30a01ec61e290aa0,Georgetown East View,108,317
sch_c386f29f71979fe2,North Crowley,108,262
sch_e7baa7ae93a9dcb3,Frisco Wakeland,107,275
sch_3dd33d9d9689f0ea,Austin Bowie,106,372
sch_db5a12616ab9c966,Cibolo Steele,105,330
sch_6356f0c0c7d3d9b9,Lewisville Hebron,105,260
sch_d4d52b8bd46d40c2,Houston Jersey Village,105,241
sch_d456dc0d4b37225d,Argyle,104,351
sch_b02229231bb74aa9,Round Rock,104,349
sch_12e9d1ce32c8b3ad,Humble Kingwood,104,343
sch_d0d75f9fd7aa9dda,Northside Sotomayor,104,220
sch_72dcf744ea5ee36f,Georgetown High,103,306
sch_7c5b1e85b6fa0ac1,The Colony,102,238
sch_7856660291465158,Prosper,102,229
sch_41e0629b811ab0af,Killeen Shoemaker,101,245
sch_40569572431a66eb,Hurst Bell,100,308
sch_7b3de66c6b47fb7d,North Forney,100,220
sch_b08ce6716e30af89,Leander Glenn,99,250
sch_9d5caa2d76d7ea36,McKinney North,97,292
sch_ba8f67d88d43bb2f,Conroe Caney Creek,97,263
sch_505db2d1921e312b,Alamo Heights,97,255
sch_303dac72dd7b97c4,Houston Cyp. Creek,96,463
sch_8064bc3fbf66baf8,Wolfforth Frenship,96,351
sch_b2e4098de65d7701,Humble Kingwood Park,96,348
sch_e962bdc09e0079fb,Cypress Woods High School,96,311
sch_82c025ba62ae6feb,Austin Westlake,96,283
sch_23f104db9a1d22fb,Cypress Park,96,240
sch_a13182350eadf5b4,Northwest Nelson,95,322
sch_037548da1f3da6e4,Flower Mound,95,298
sch_3912697bcda96cfe,Pearland Dawson,95,279
sch_11c7e199d30d37b5,Killeen High School,95,201
sch_2e2be1b3fa673a1a,Irving,94,641
sch_5e38345df1dbe789,Austin Lake Travis,94,304
sch_19d173d89d377693,College Station,94,270
sch_c03cd531f44fd644,Leander Rouse,94,231
sch_500e48d59a1f0c9a,Irving MacArthur,94,230
sch_280486cd883a7ab6,Carrollton Smith,94,224
sch_48896952b672b8ee,Dickinson,94,210
sch_0ea58ad612600bd4,New Caney,94,201
sch_4bb3d4211ca21435,Katy Seven Lakes,93,316
sch_e13a690bd881df47,Wylie High School,93,286
sch_095afffd4413e665,Tomball,92,317
sch_70b658295d9dcc70,Austin Vandegrift,92,302
sch_c4195860ee344b17,Killeen Harker Heights,92,266
sch_ab4a0fabfbe3f207,Klein Collins,92,259
sch_24cd2c9e0e4fb7a6,Killeen Ellison,92,238
sch_be5d25cf4582f724,The Woodlands,91,328
sch_43a5be6f9f315d59,College Station A&M Cons,91,304
sch_fdbbd7d9b2697116,Cedar Park,91,247
sch_ef929c38bedbac47,Midlothian,91,239
sch_128b3096a09c4a62,Mansfield Lake Ridge,91,223
sch_2006aa645e51f87f,San Antonio Southwest,90,226
sch_42ffeb8f9a15d23f,Waller,90,189
sch_2e0c807428b744df,Katy,89,323
sch_78f06d4529544841,Alief Elsik,89,241
sch_d4dc78f3047aafaf,Houston Cyp. Lakes,89,241
sch_dfc1e7c9800d0ad2,Langham Creek High School,89,240
sch_245fc91565dd092e,Conroe Oak Ridge,89,229
sch_a855fcdfdcfbf0d4,Aledo,89,226
sch_af8d15bd90cab942,Mansfield,88,205
sch_ea9e31bafeb0a8d2,Whitehouse,87,333
sch_e4152afb711a5988,CC Flour Bluff,87,318
sch_1c0655a381937ccf,Westwood,87,304
sch_b6374d3a78d2895e,El Paso Bel Air,87,193
sch_6fce007a97b9d07e,Lubbock-Cooper Liberty High School,87,178
sch_4367e9eb1359fe49,Tyler Legacy,86,279
sch_6c12b9577fb16485,Conroe Woodlands College Park,86,276
sch_eb5ddc7a3ce49c28,Killeen Chaparral,86,256
sch_f8b3f416e8ef790b,Comal Canyon,86,240
sch_67fc0272b531e8ec,Frisco Lebanon Trail,86,182
sch_e38d7d0bb94d2a6e,Buda Hays,85,252
sch_35a859ae6313c3fa,Lake Worth,84,261
sch_b3eda016452cfb67,Boerne,84,226
sch_ce952647e7433524,Waxahachie,84,220
sch_e8c895c87f14ab95,Conroe Grand Oaks,83,270
sch_35afee282913e50e,Schertz Clemens,83,255
sch_b5e0d337c657291d,Round Rock Cedar Ridge,83,223
sch_0cc8027d3c79ed39,Denton Braswell,83,217
sch_641dce4a4e3af220,Northwest Eaton,83,187
sch_61517daddcba32a7,Frisco Lone Star,83,183
sch_24e20c5c5ffc26e7,Keller,82,456
sch_63dd3005c86ad8ab,Houston Cyp. Springs,82,247
sch_d11539a544cb55f6,Leander,82,208
sch_9c86c7c578a9b1e3,White Settlement Brewer,82,204
sch_0f1dd4ab3634344b,Arlington Houston,82,166
sch_1e0880c0c1e79d6a,El Paso Eastwood,81,250
sch_df7d94398775d597,Northwest,81,245
sch_7d74279d213dd15d,Rock Hill,81,244
sch_64ce6a2d6815d823,Pearland High School,81,213
sch_184cdac3a13f8182,Frisco,81,206
sch_babe9bb18a611f8e,Wylie East,80,274
sch_18316bc22197d907,Dripping Springs High School,80,264
sch_45cff53ee0dedc10,Boerne Champion,80,254
sch_d00b5740d7117b3d,San Antonio Churchill,80,254
sch_491e3344f6c84423,Waco Midway,80,254
sch_cf45a162e47c91a9,Tomball Memorial,80,234
sch_321f0877e76463e7,Forney,79,283
sch_da9c1bb7c773420c,Mission Sharyland,79,224
sch_cb80f61dbd52ae06,Ft Worth South Hills,79,186
sch_b04ac63b9926e8f3,Sunnyvale,78,300
sch_cf03ddf1b69be68a,Katy Cinco Ranch,78,256
sch_6d345954d5d0cce4,Lucas Lovejoy,78,223
sch_784fd3fb2a5b69ee,San Antonio Warren,78,197
sch_565d9ee801d60309,Saginaw,78,165
sch_c005e10740cc3524,Mont Belvieu Barbers Hill,77,304
sch_c9cca20182190c0c,Katy Jordan,77,267
sch_d96d09905048d91d,Del Rio,77,261
sch_c83610dc5299ba6c,Houston Nimitz,77,217
sch_4ad158929e8a66d4,Keller Central,77,204
sch_a4014a0c2b19963e,West Columbia,77,188
sch_0a85a7361037b269,Cornerstone Christian Schools,76,355
sch_84e84c71b71e112a,Colleyville Heritage,76,273
sch_fedc3a28fc6b4ded,Medina Valley,76,268
sch_7f926a273b0b32c3,N Richland Hills Richland,76,258
sch_746fe53af16f1b17,Harlingen South,76,229
sch_e8282f5e6c25ae4a,Houston Benjamin Davis,76,222
sch_d938d330337cb358,Dallas Wilson,76,206
sch_30070b3e72ac7243,El Paso Eastlake,76,202
sch_7d8169d8bded934f,Amarillo Tascosa,76,195
sch_9b66a950d2b9aff0,Little Elm,76,195
sch_ce5de608fa6572c5,Royse City,75,272
sch_2413fba458adc92e,Ferris,75,256
sch_cd7e035a57ae377e,Donna,75,220
sch_667625638b737ecf,Allen,75,217
sch_dc11074b8b4778cf,Haltom City Haltom,75,217
sch_8f27adce3b0f9448,LC Clear Creek,75,210
sch_444323830cfb1b48,Round Rock Stony Point,75,198
sch_db01507dc3a09f0a,Northside Brennan,75,196
sch_81d7f109e283d696,West Fork,75,196
sch_fc50712ca09e2e49,Abilene Cooper,75,167
sch_274d893fb749c6ca,Montgomery,74,204
sch_d999d674a07c042b,Huntsville,74,197
sch_f4f3a79e340a6d45,New Braunfels High School,74,193
sch_73e8745ad6de927c,Waco University,74,187
sch_a6051a0010fcf646,San Antonio Marshall,74,165
sch_1a774b68ceb80dae,Channelview,74,159
sch_299ccb8773399720,Corpus Christi Carroll,73,514
sch_9a5f9fa8f61f49ea,Katy Tompkins,73,239
sch_63a4cb6e101c51e7,Wimberley High School,73,229
sch_57a79dc767f6e586,Donna North,73,220
sch_4a842d2d5db2f104,Keller Fossil Ridge,73,218
sch_45cb8ebfba0c3f61,Clute Brazoswood,73,205
sch_532e95da1294a480,San Antonio East Central,73,201
sch_08c6955d432b0cfb,Richardson,73,198
sch_0d9631cfd27cf5f7,Baytown Goose Crk Mem,73,192
sch_e7ee885ad0005fab,Cedar Creek,73,163
sch_86e413f38bab907e,North Mesquite,73,153
sch_c638d42ac71df6c3,Kyle Lehman,73,149
sch_5390ad8fed8478f5,Celina,72,512
sch_6904ecac6e9e81dc,McKinney,72,233
sch_d2e2200af594fd74,Garland Sachse,72,199
sch_1655816e10e22f52,Angleton,72,189
sch_f6e11253e7970652,Austin High,71,303
sch_61e2e227ca30ccf9,Humble Summer Creek,71,265
sch_df7537c7eea988cf,Midland Lee,71,227
sch_8256617e5fa054c3,Plano East,71,225
sch_eff32ff251907b86,Corpus Christi Veterans Memorial,71,221
sch_3f54cecf45f64e0a,Pharr-San Juan-Alamo,71,217
sch_80ce043962753b83,Pasadena Dobie,71,213
sch_390874df4d8fa537,Irving Nimitz,71,202
sch_b878faa7caa5ad17,El Paso Montwood,71,201
sch_e36e0a321ef72eee,La Grange,71,197
sch_b445c813af923f47,Eagle Pass Winn,71,186
sch_c0701333585f7bd0,Amarillo,70,684
sch_69b089178c849310,Klein Oak,70,249
sch_f74970902d59cd9e,Katy Freeman HS,70,244
sch_0a6a5062b7305cb3,Edinburg Vela,70,240
sch_b281bfca3b2a8fe6,Austin Anderson,70,220
sch_3691e076415c38d0,San Benito,70,218
sch_50a6d89da895196a,Lewisville,70,203
sch_cdd1394802963508,Amarillo Palo Duro,70,183
sch_5a3b31c88008a910,Corsicana,70,183
sch_fce597548e037af5,Fort Worth Paschal,70,182
sch_27bfe3217b7443ce,LC Clear Falls,70,171
sch_e4e03a463cb4fe97,Dallas South Oak Cliff,70,155
sch_29631c960a12f068,Bastrop,69,296
sch_a7385ee7d1583e96,Rockwall,69,199
sch_bd111a3ebc0439f6,Midlothian Heritage,69,196
sch_23aa417afef27bae,Austin Akins,69,182
sch_d625cda93cecf2bb,Crowley,69,182
sch_214e55da71a67550,Garland Rowlett,69,169
sch_df984078d0d1d093,Palestine,68,407
sch_66ee37821bd7b1d6,Lancaster,68,382
sch_bb196a71a0b478cd,Magnolia,68,257
sch_708938429144e5a5,Cleveland,68,254
sch_bac83149bcdb252c,El Paso Coronado,68,247
sch_c8bc60281f02be8b,Pampa,68,242
sch_8226e6dc26897899,Lindale,68,237
sch_c213eb2fcd902883,Round Rock McNeil,68,209
sch_fc14add36edf213b,Burleson Centennial,68,200
sch_70bf40b12aef5e33,Harlan,68,187
sch_f3d2d2736d16dbee,San Antonio Southside,68,184
sch_688096fc3819994f,Garland Naaman Forest,68,175
sch_ae265ae3f623d6b0,Grand Prairie,68,164
sch_d46b0452e11a2d9c,West Plains,67,258
sch_e868ead9d931e8bc,Lewisville Marcus,67,251
sch_6e5d272fe3fa0d92,Spring Westfield,67,192
sch_e369f63998d18d93,Mount Pleasant,67,191
sch_2a3e72388ed070d4,North Garland,67,180
sch_19582a49fdb141ab,Houston Eisenhower,67,178
sch_1ed78a1659da90f6,Carrollton Creekview,67,171
sch_bf3624a55bd17f05,Bridgeport HS,67,166
sch_24755780721793b4,Beaumont West Brook,67,149
sch_d01acc5e76aa14a5,Northside Taft,67,138
sch_753b3e6601028444,Robinson,66,344
sch_97c2164dac4fe939,Comal Pieper,66,252
sch_e575c74e9eca36de,Grapevine,66,217
sch_b0bbb17d4169b90a,Weslaco,66,206
sch_5e14d2ff775a4b51,Birdville,66,201
sch_b6618610674325b1,Eagle Mountain High School,66,194
sch_28f10e3acfed8841,Bryan High,66,185
sch_58e88accc3a32034,Duncanville,66,182
sch_8ffce4346c02e712,Lake Creek,66,175
sch_e14e5e826f5b4159,Converse Judson,66,173
sch_e44170560b01c46f,El Paso Parkland,66,168
sch_d7a4e58f5f9ba570,Greenwood,65,395
sch_13b5ff99f8ce89b7,Galena Park North Shore,65,319
sch_fbf1730650108c4f,Denton Guyer,65,266
sch_446d78958b000bc5,Copperas Cove,65,231
sch_c4f26ca742d7ab2b,Denton,65,223
sch_be759f923764d0e7,El Paso Franklin,65,222
sch_45e0c56420bb144c,Granbury,65,221
sch_f3bd27420e4668b8,Richardson Pearce,65,217
sch_9e6b5fa244a2bcae,Ennis High School,65,208
sch_a1cfc8290ed6dd66,Temple,65,206
sch_b5164ce22f4fd842,Ft Worth North Side,65,200
sch_e22a67bc4b28bc13,Arlington Martin,65,192
sch_f465a77c7cc09d68,Frisco Liberty,65,190
sch_e4fdaa57cc9fc45c,Humble,65,189
sch_163960cbc6de6ff4,Laredo United South,65,187
sch_038761a712a53294,Paetow,65,183
sch_ffb4b7ae1653a71e,San Angelo Central,65,181
sch_3517fee49e208076,Burleson,65,165
sch_e007f7899dd37c5e,Cedar Hill,65,159
sch_3acbbf1a70ddb93f,Rosenberg Terry,65,154
sch_04264e4f6b4f1b3b,Southwest Legacy,65,153
sch_af114e8e42591a89,San Antonio Cole,65,139
sch_eb5ede9f2736050b,Deer Park,64,217
sch_a27ebeadc016b589,PSJA Memorial,64,215
sch_dc1787057d5f52fd,Garland,64,201
sch_4aef85180ffec912,Arlington,64,196
sch_99df428a36db61e8,Conroe High,64,189
sch_8b9f123027c30ddb,Chisholm Trail,64,171
sch_6b3d9e31139b8c37,Sharyland Pioneer,63,347
sch_4e29bea766a7c577,Red Oak,63,245
sch_2796e9d92330abd7,Kaufman,63,238
sch_e03398908c2c462f,Plano,63,225
sch_cdda493ffb0141c3,Needville,63,214
sch_871e5c8582fe5207,Laredo Alexander,63,205
sch_25014de6ccda0f76,Klein,63,200
sch_5cce8e343b7895f0,Seguin,63,186
sch_7f82808a91535f65,Kerrville Tivy,63,175
sch_f625a69c5f7e6e0e,Springtown,63,165
sch_23b55ed9fda0069a,Denton Ryan,63,164
sch_88dda02fff0b955e,El Paso Pebble Hills,63,161
sch_ab0fd504920a76d8,Lubbock Monterey,63,161
sch_cced1124b2905710,Melissa,63,161
sch_41f82c30fb4b955c,Mansfield Legacy,63,154
sch_c3c51f3372d6f5f3,Lampasas,63,152
sch_fe698e1ac5479b0e,West Mesquite,63,151
sch_5d73dc87fdc78f2e,Lubbock-Cooper High School,63,149
sch_26cf06235c8a171c,Austin Travis,63,121
sch_bbb3f09e17ba7c80,Sulphur Springs,62,287
sch_3caea3a92a9fefce,Joshua,62,221
sch_ab98a4552f5c70b5,Del Valle,62,206
sch_02e3fa68d3403766,Weiss,62,188
sch_81f09fa0646f1b74,Abilene Wylie,62,184
sch_9cb8c3ada1c106f6,Austin LASA,62,184
sch_f0c2c90ddc6ddbdc,El Paso Andress,62,182
sch_35b4f9f120f0fe99,Princeton,62,182
sch_d8ef38cf8ed041b1,Northside Clark,62,174
sch_2332b8eb83fa1e61,El Paso Hanks,62,171
sch_afea4bcab8b0a8ee,Decatur,62,165
sch_da60895273edf518,Northside O'Connor,62,163
sch_1568c612e61b24f0,Graham,62,145
sch_2aad149012fe8f6a,Frisco Emerson,62,139
sch_734c2514d989ef80,Klein Cain,61,198
sch_1961b8ad093f0b4f,Rockwall Heath,61,181
sch_03d04d05bbf51f65,Magnolia West,61,180
sch_0dbda22a42c30bd7,Odessa,61,177
sch_9ccb664b55ab44e7,Austin McCallum,61,176
sch_8b3481eb253e1f36,Fredericksburg,61,170
sch_b6afaa3f5da5b43f,Dallas Skyline,61,148
sch_6b36c48c5f2bbfe5,Brock,60,313
sch_abebdb88ca2e6293,Life Waxahachie,60,275
sch_f85d0042beda6538,Katy Taylor,60,251
sch_ef90d46d62297440,Friendswood,60,227
sch_7035bb2ef7c71adb,Athens,60,221
sch_0bb561f2aa802b23,Prosper Walnut Grove High School,60,213
sch_271aab1a8d09c671,Baytown Lee,60,203
sch_4fab726f589f55dd,Mansfield Summit,60,178
sch_20167da52b5d68f1,Aubrey HS,60,171
sch_9654d05339074f4a,Corpus Christi Ray,60,163
sch_b343761846aba11e,Ft Worth Arlington Heights,60,150
sch_51012b329587f841,Fort Bend Clements,60,148
sch_a35086adffb106fc,Victoria East,60,130
sch_8f437f200d4cd53b,Stafford,60,113
sch_d75b4e64645c1519,Trinity,59,256
sch_831e8d4a26400cfa,Smithson Valley,59,243
sch_8aa38fa6176877c5,Longview Pine Tree,59,242
sch_8421911c25ba7126,Abilene,59,234
sch_7133260c4c05dee7,Lockhart,59,216
sch_abf40ca1295c67ec,McAllen Memorial,59,207
sch_aaed50270bfaf3b0,Tuscola Jim Ned,59,198
sch_f8b04263152bdcf2,Lago Vista,59,189
sch_1c085eb9b2859476,Katy Mayde Creek,59,169
sch_986486cbba1ace11,Ridge Point High School,59,168
sch_baa1e5c38000a4c7,Frisco Memorial,59,166
sch_683e401b66787249,Mesquite Poteet,59,163
sch_39787b6ead1b42ce,Fort Worth Boswell,59,162
sch_1c3555b59d5f2dfc,El Paso Harmony Science Academy,59,159
sch_551c623f8eb25977,San Antonio Highlands,59,159
sch_d5708bc1888243ca,Richardson Berkner,59,157
sch_55851ce28e8aa2f1,Cleburne,59,155
sch_e9f226568cdad7de,San Antonio Lee,59,147
sch_dd892a98fedb6ad5,SA Veterans Memorial,59,146
sch_ee7326af36c45d22,Plainview,58,286
sch_d72de8fcb94713a4,Liberty,58,232
sch_f87ade799ab2338d,Davenport,58,213
sch_fc483cd41ad25061,Clear Lake High School,58,206
sch_4ab88924b44b71aa,McKinney Boyd,58,198
sch_43d86f8de82acf5e,Brownsville Porter,58,192
sch_066eafddd9df8b83,Vernon,58,188
sch_dcb44f1d06d0064f,Azle,58,183
sch_10566e5b3831117c,Laredo Nixon,58,151
sch_351a0c1e9d44574f,Randle High School,58,149
sch_c00b896592e58616,Farmersville,58,138
sch_0d1501c5a3b93a7d,Gatesville,58,135
sch_19907465333cc7cb,San Antonio Central Catholic,58,124
sch_834ae031ce43c3de,Dallas Samuell,58,113
sch_e936e4198df98933,Greenhill,57,239
sch_122f87eab1ba184f,Edcouch-Elsa,57,213
sch_3a1d9a34e0cc4159,Laredo Martin,57,175
sch_b96a876b65f0fa7c,Burkburnett,57,167
sch_a0e8f7f2625ec17a,San Antonio Harlandale,57,151
sch_8e127f039e0f13fc,Baytown Sterling,57,139
sch_f7a80b60d44ef492,Austin LBJ,57,134
sch_209ef132abd29ee3,Dallas Adams,57,130
sch_5a3981694bf217f0,Frisco Heritage,57,128
sch_dc1fdf2aa7382dcc,West,56,252
sch_1da2df5f51684b16,Hillsboro,56,249
sch_37842dc62e7df1ac,Humble Atascocita,56,225
sch_990f19e4195b09a1,Splendora,56,199
sch_8ebe3cb3168c6f6d,Texarkana Texas,56,184
sch_61ce41480021f252,Floresville,56,180
sch_110213f65b55b5b9,Sealy,56,180
sch_50686c8107ff9689,South Grand Prairie,56,174
sch_3be17831d56f9d46,Odessa Permian,56,173
sch_8e0c98c4d947f711,Anna,56,169
sch_47d86f408144296e,Stephenville,56,167
sch_92ab2a5e8e35a4c3,Fulshear,56,162
sch_923301f06a5a2a5a,Mesquite,56,161
sch_4eca32b1a340ad73,San Antonio Madison,56,158
sch_ad6f4406f0b1a978,Fort Bend Elkins,56,154
sch_7c1f905e95d19441,Tyler,56,153
sch_dbe960707a29dc88,Houston Aldine,56,148
sch_3c0484cb5e0650ca,Fort Bend Kempner,56,141
sch_8ad0362df658ccb5,Iowa Colony,56,137
sch_82325bd7c484a4d2,Ingram Moore,55,216
sch_6211b322db76c04d,Caddo Mills HS,55,204
sch_d99839a8108f78f7,Canutillo,55,197
sch_1f78617c76523f86,Brenham,55,190
sch_c0894e3d4509e4db,Taylor,55,189
sch_8c5e92913ce5cc8d,Richmond Foster,55,172
sch_317c3a0df7df2173,Texas City,55,170
sch_7c376342a162063b,Frisco Centennial,55,169
sch_9ca2dafce341edea,Alvarado,55,167
sch_f321320318db1fc3,Pasadena Memorial,55,167
sch_e33f5828a34197ac,Texas High,55,159
sch_46a3484314d58490,Crandall,55,153
sch_8883265894b2d70d,Geronimo Navarro,55,146
sch_b9d48bfd6f4e5334,Navasota,54,329
sch_cf978942f4ba3c92,Andrews,54,245
sch_1bca8189ba352bf1,Pleasanton,54,236
sch_401200bb61f6afa9,Gonzales,54,233
sch_b3d6af35b6ba2145,Garland Lakeview Centennial,54,227
sch_dfd6d9255ca1f024,Canyon,54,217
sch_fa0a429f79ddca48,Alief Hastings,54,212
sch_f222047968f9f490,Katy Morton Ranch,54,203
sch_4441e33b129ab18f,Little River Academy,54,198
sch_868f97c886b111a3,Midland,54,196
sch_c6fcfcfbcf7753a2,Godley,54,186
sch_5b3ca42cea8e1cf9,LC Clear Springs,54,184
sch_ba086722cf798a34,Laredo United,54,182
sch_458c4fbde9644c61,Lubbock High,54,181
sch_e6ba8167be3e39e4,Rio Grande City,54,173
sch_ad13be66bb39d6f9,San Antonio Antonian,54,162
sch_9a0643e55af7fb9e,El Paso Chapin,54,158
sch_794bf5b527958ba5,Lake Highlands,54,158
sch_25466ed824cf59e3,Northside Brandeis,54,154
sch_aa8c1d168d488367,San Antonio Roosevelt,54,153
sch_4a1718e714d0d296,Pflugerville Connally,54,152
sch_f4c6ad20049e28cb,Northside Holmes,54,137
sch_1a4715400ebeeeee,El Paso Ysleta,54,127
sch_b16ca4fc11e3f41b,Bridge City,54,123
sch_64ab106f8d98b04e,Dayton,53,271
sch_79127d1fd95eca5f,Keller Timber Creek,53,208
sch_b56664ec582492fb,Brownwood,53,190
sch_f5a578f7b4313a2e,Paris,53,183
sch_6de58f9c3d0755e7,Ft Worth Trimble Tech,53,179
sch_d67d7c23bac60be7,Pasadena South Houston,53,171
sch_accbe5d0cd7edd3d,PSJA North,53,168
sch_c3f1a80b0ae31255,Hamshire-Fannett,53,162
sch_da0078841a884abd,Dallas Ursuline Academy,53,160
sch_ef6615322aa80f15,Shadow Creek,53,149
sch_8b791ebfd342fa4d,Dallas White,53,145
sch_8fe6037c24f0a21d,Frisco Reedy,53,144
sch_8b2567d4a000a017,ILTX - Windmill Lakes Orem,53,130
sch_e246041bfb2f5672,Smithville,53,113
sch_2ed491234fb82feb,Eagle Pass,52,351
sch_ac1cc8780a14d5f6,THESA Riders,52,280
sch_6c9b440420204340,Bullard,52,238
sch_7b9dbbafd2371d00,Weatherford,52,215
sch_5724cc343b5fb884,Mission,52,195
sch_3b3d39dcf110ab55,Greenville,52,193
sch_0cb801d7b617ca77,El Paso Socorro,52,192
sch_42a60f6ad888bdb9,Carthage,52,181
sch_3830af3b7b09b1b7,Ft Worth Southwest,52,162
sch_fb7eb282b3a76916,El Paso Burges,52,154
sch_b767c01e4b0ddfe9,Lubbock Coronado,52,152
sch_4c645df8e72df032,San Antonio MacArthur,52,148
sch_7cc7d047e8de4f1d,Brownsville Hanna,52,145
sch_d20fcd877e632eee,Everman,52,141
sch_c13ad3963b6fb372,San Antonio Jefferson,52,139
sch_bc7bbac3d1ba45d9,San Antonio Wagner,52,133
sch_b26f119ab6787a18,Fort Bend Crawford,52,110
sch_f6bf1cdb6cd16d5d,El Campo,51,305
sch_41519790db17fc6b,La Joya Juarez-Lincoln,51,208
sch_2488bd100b637fad,Brownsville Veterans Memorial,51,201
sch_6d2d30d5d5aa66c7,La Vernia,51,195
sch_0813fc3e41a4bdeb,Fairfield,51,188
sch_225bf3071ad0efb8,Lake Dallas,51,175
sch_be1a552e52df1aa3,Jarrell,51,171
sch_d6419d363dd6edbb,Tyler Chapel Hill,51,168
sch_a01a2b2816dc9ff6,Waco,51,158
sch_3b820a755b420946,South San Antonio,51,156
sch_5e16688b2959133e,El Paso El Dorado,51,144
sch_0d1b9aaf6e56647e,Uvalde,51,140
sch_d5f38eb327baad26,CC Calallen,51,130
sch_5947847198d6632b,Clear Brook,51,130
sch_0c8313e332591e15,San Antonio Memorial,51,118
sch_d254f6e3669c9392,Giddings,50,435
sch_37a23299e9c3f330,Brownsville Lopez,50,283
sch_f4f640bdf8f121f0,Longview,50,281
sch_49f2086df8af65d9,A+ Secondary Academy,50,263
sch_e39e943d3b107737,Houston Second Baptist,50,214
sch_8fcd1189abcd60b5,Los Fresnos,50,197
sch_3ea95307d992881b,Alief Taylor,50,159
sch_143240b1c31cced0,La Joya Palmview,50,158
sch_f4178924d0b213ba,Houston St Agnes,50,156
sch_79957074540360e3,Fort Bend Travis,50,139
sch_a5ec734c43b299d7,SA Brackenridge,50,136
sch_a900de0fc435f2aa,Florence,50,135
sch_f45a2d2ea40f4f09,Klein Forest,50,132
sch_8fd1beb0cd1d892a,Comal Canyon Lake,50,125
sch_687835bc765010e6,San Antonio Kennedy,50,124
sch_61d193c4d66d7e14,San Antonio Edison,50,122
sch_7393d6637d212be7,North Dallas,50,115
sch_676973eaba1e0ebd,Nevada Community,49,306
sch_ceb38e688b065fd4,St. John's Houston,49,289
sch_13c7d3677a4fa9ab,Slaton,49,259
sch_b638a941000dc944,Rockdale,49,210
sch_a53d0694ca658f37,Daingerfield,49,209
sch_fb2aef6ae638503e,New Caney Porter,49,184
sch_b5d6b6cb58f1ebf9,Houston Strake Jesuit,49,176
sch_01a8a2d9f087ffb8,Nacogdoches,49,169
sch_ba48090e24975153,Harlingen,49,168
sch_7960a1d32895076f,Houston Stratford,49,167
sch_81cc132ca1d9649c,El Paso Americas,49,163
sch_a23121612cadccff,Arlington Bowie,49,160
sch_12c64f2f53fa4847,Pasadena Rayburn,49,156
sch_76c732b84e2717ea,CC Tuloso-Midway,49,149
sch_3ada16a6f965cfa8,Fort Stockton,49,134
sch_37ba985077909669,Dallas Conrad,49,131
sch_7f94712a926927d7,Llano High School,49,120
sch_fed7a4b0f66bba15,Dallas Lincoln,49,116
sch_f10fb081dc20ae1f,Ft Worth Wyatt,49,109
sch_fa9dc3a8347edd48,Austin Northeast,49,103
sch_b659a07266692f19,Muleshoe,48,295
sch_8897665356e6f511,Dumas,48,288
sch_f0260bf868a52098,Glen Rose,48,221
sch_e8de42751c7e194e,Sanger,48,217
sch_85b92efdf7d400ad,Alice,48,192
sch_d4d18c635c09f346,Royal,48,183
sch_b347e2c6cb41774c,Pharr Valley View,48,180
sch_3574eb9b094281f9,Bandera,48,154
sch_5c49971400a9824f,Salado,48,154
sch_13729b836e778bfe,Elgin,48,149
sch_a738f33e9a46defa,Somerset,48,149
sch_5e490a6c06e41c52,El Paso,48,147
sch_99f3ab37c0d9f920,Manvel,48,144
sch_09c8c55b19d754cb,Dallas Jesuit,48,143
sch_36a72613d634251b,Frisco Independence,48,141
sch_19879b61ff048ff9,Weslaco East,48,140
sch_cb927602458fca36,Crosby,48,133
sch_6db4dccc3daffbe7,Pflugerville,48,128
sch_91ce868cb018ed91,Rosenberg Lamar,48,112
sch_24eadfda57bbdc0d,Krum,48,110
sch_6b9fc3e6a00a6341,Carrollton Turner,48,101
sch_7df85340e569e707,Mansfield Timberview,48,101
sch_e3da00defea88e78,Freeport Brazosport,48,100
sch_0b1e91373a31c78f,Fort Bend Hightower,48,99
sch_97e75a9197611ecf,Mabank,47,323
sch_ffc5eda74fbf03d9,Randall,47,301
sch_c43da5700a24a607,Hondo,47,183
sch_6dfe259a1f5150df,Forsan,47,182
sch_7be6c61f0c4bdc5e,Sherman,47,179
sch_b107b145b54f5dd1,Terrell,47,171
sch_b9a34047321f3ecd,Edinburg North,47,157
sch_cf0be985ddef466c,Houston Memorial,47,148
sch_a4cad95cc67c81ed,Village Tech,47,147
sch_8a40ca635f549ee1,Levelland,47,144
sch_48cd2c3c19332559,Comfort,47,143
sch_dfc1041dd5245533,Arlington Seguin,47,138
sch_055091714c59a6df,Richmond George Ranch,47,132
sch_1b9da74a3140c940,Mesquite Horn,47,123
sch_039ca8f60a0678ed,Pittsburg,46,285
sch_e5fcc27e8cc3ac40,Fort Bend Austin High School,46,274
sch_fd545c5d24411197,Jacksonville,46,230
sch_ea10fc2c28a00306,Rio Vista,46,203
sch_582986f27f0c9cbf,China Spring,46,199
sch_5890305e3b5efc16,McAllen Rowe,46,198
sch_c52312daff25924e,Cuero,46,181
sch_ecd52c6eaab9bf5d,Crockett,46,162
sch_de6b2376fc2e1abb,St. Andrews Episcopal HS,46,154
sch_f25423c0d17d675b,San Marcos,46,153
sch_c1de8ad3c39256b8,DeSoto,46,143
sch_6e9b72ac1f796999,Laredo B. Johnson High School,46,117
sch_3989e6a3e2cab0a3,Beaumont United,46,104
sch_5e688622da864d53,Fort Worth Western Hills,46,99
sch_869d882db59b25dd,Whitney,45,276
sch_478494918b907b62,Mexia,45,267
sch_34d383209eaa55fc,Valley View,45,224
sch_9d065d53ef8289ca,Brownsville Rivera,45,216
sch_fb59834619ef8915,Borger,45,215
sch_0005de4530738037,Willis,45,214
sch_724ddc32afc99c8f,Commerce,45,210
sch_fc1f80489a3c1245,Pecos,45,197
sch_f6ffff1e8dd5a54d,Manor New Tech,45,183
sch_6c561a39853371ad,Idalou,45,173
sch_7fad54cc1d633cc9,Houston St. Thomas,45,171
sch_a7a91f4da0728daf,Marion,45,164
sch_2dde83d338bd4b0f,PSJA Southwest,45,163
sch_7b9af7a453d2c4b7,San Angelo Lake View,45,153
sch_6e255d9f1d9a8832,Roma,45,152
sch_2bdafffdbbf524d4,El Paso Del Valle,45,147
sch_fe6b61184b71ddaa,Ponder HS,45,147
sch_b36bf3a8f8f653c6,Wilmer Hutchins High School,45,146
sch_755d558afb8e05c0,Plano West,45,139
sch_3c8c20bd79f64d8e,Clint Horizon,45,129
sch_3f9097b42423ba2c,Corpus Christi Moody,45,121
sch_2efc4c821aac86d4,Manor,45,117
sch_94b2387ddaa493e7,El Paso Riverside,45,116
sch_f1843493343c8554,Vidor,45,107
sch_3a85573d262c4ba6,Dallas Seagoville,45,101
sch_611a577a8e93e22d,La Marque,45,93
sch_599694bf64383bbb,Bellville,44,308
sch_6f9f5cd43fc72cae,Seminole,44,227
sch_ea7718f35081f3ae,Bay City,44,208
sch_a4e57f4cedda9bba,La Joya,44,187
sch_f1a2313859a767e5,Waco Connally,44,176
sch_5f5b676880f4d25a,Orange Grove,44,169
sch_2520d802c70c8930,Edinburg Economedes,44,155
sch_27a7b60a6e4b81dc,Long Creek High School,44,154
sch_82bf59411319a919,Port Neches-Groves,44,149
sch_93a11e41bcc3c043,Corpus Christi King,44,134
sch_c7294b707d190ed7,Pottsboro,44,130
sch_5a040f5b9900392c,Bryan Rudder,44,126
sch_e805d6dbd2ce67af,Caldwell,43,325
sch_d212da102cea2d6f,Devine,43,295
sch_afe023ef3cd083e0,Perryton,43,291
sch_e2d26b995bef57ee,Early,43,271
sch_c6579f791e923495,Hallsville,43,254
sch_8beb20b1585158ef,UME Prep Academy,43,254
sch_df09a29f62813dd3,Fort Worth Christian,43,242
sch_11625dca1977a50a,Tolar,43,192
sch_758abe4f63e6f8ff,Bowie,43,169
sch_0daee880eebc07f8,Houston MacArthur,43,145
sch_d4bd3768dcf9d6b7,Dallas Faith Family,43,113
sch_eb5117cfc9c7ca77,Orange Little Cypress-Mauriceville,43,112
sch_ccc918678724f13b,San Antonio Houston,43,101
sch_8bcade4aad48ba09,Austin Eastside,43,74
sch_060b57d2d23d17a1,Randolph,42,254
sch_76a6e76fb2562fe1,Harmony School of Innovation (Fort Worth),42,241
sch_b9cf84d7b8fa2c0d,Malakoff,42,234
sch_5400b6463e2d350e,Bushland,42,226
sch_6432fbfe2cab5d98,Clyde,42,224
sch_45ad535d04fe08c5,Santa Fe HS,42,221
sch_c0557ac04a773c97,Huffman Hargrave,42,193
sch_730e49beee926482,Bonham,42,182
sch_d41c6c9180b8ac59,Olton,42,179
sch_913ebfb29625b5b3,Mineola,42,177
sch_278f15a8ff72391e,South Garland,42,170
sch_5ee204c2ea0c24fe,Denison,42,165
sch_1907937a52c1f441,Wichita Falls Memorial,42,162
sch_2e0dcba65cfde803,River Oaks Castleberry,42,156
sch_fa4613e97147cfd3,Kilgore,42,135
sch_8b2bda062b08a490,Amarillo Caprock,42,114
sch_79ec40461fdca929,Houston Milby,42,107
sch_46860dc5e5d30ca9,Houston Yates,42,93
sch_c65522df08e48ce8,Dallas Madison,42,73
sch_f9122e87d284bca2,Iowa Park,41,302
sch_2b7c315a30aca9be,Legacy Christian Academy (Frisco),41,278
sch_693d51e477ff85df,Great Hearts Northern Oaks,41,275
sch_97ca1b1f0dc143e1,Gainesville,41,250
sch_9c926cb8539c71e6,Spring,41,226
sch_dc60518ff54550e3,TLCA San Angelo,41,212
sch_27eb05e7632b25e8,Sweeny,41,206
sch_81a696864b0162d1,Boling,41,203
sch_b2549ff4124af5a9,Compass Academy HS,41,188
sch_01fff3445d3bdb88,Whitesboro,41,171
sch_00d9e1d9ee154dc1,Victoria West,41,163
sch_9a2ea59b59810d3f,Houston Episcopal,41,155
sch_ee77a7f7dbb03cd5,Brownsville Pace,41,144
sch_63a5580e85825744,San Antonio McCollum,41,142
sch_4b700fccc56bd250,Dallas Bishop Lynch,41,137
sch_f834f254336fc39d,Hidalgo Early College,41,137
sch_5f6579bec727c7fa,Burnet,41,133
sch_b6f5d19ef3130387,Sinton,41,131
sch_5c66bcbc43186ccb,Houston Heights,41,128
sch_17f01b6da6fc045f,Frisco Panther Creek,41,125
sch_aae3db623493a02b,El Paso Jefferson,41,122
sch_133c9e7b5bf0ac44,FW Carter-Riverside,41,119
sch_429048abc796ff0d,San Antonio Fox Tech,41,117
sch_6011f208389cee8b,San Diego,41,108
sch_cf63a73f90a5cc33,Carrollton Ranchview,41,103
sch_1fe206573bb49695,Lubbock Estacado,41,99
sch_08551ac3909bdf8c,Lufkin,40,423
sch_2352d0977542cafc,Paradise,40,334
sch_ff59554bfeacac01,Snyder,40,276
sch_f4baac65e8d113a3,Van Alstyne,40,272
sch_0ecead0c51faa79c,Grandview,40,265
sch_9088862156005ba0,Dimmitt,40,197
sch_4706d1c17ed00117,Waco La Vega,40,195
sch_84244f024163f724,Abernathy,40,191
sch_1f68bea381c5c076,McAllen,40,179
sch_f24d6b265a72f19b,Coleman,40,175
sch_93d1c9d27b252e51,Gregory-Portland,40,145
sch_238857ebd8171a0b,Nederland,40,141
sch_e96a4694caeecf38,Tyler Home Education Athletics of Tyler (HEAT),40,141
sch_1217e5145515e355,Arlington Pantego Christian,40,137
sch_b7d2e06868891960,TMI Episcopal High School,40,125
sch_46424f1a6ad4ab68,Jefferson (TX),40,119
sch_e31b58b32b3122b3,Alvin,40,113
sch_3f3d1bd3fbdd8dc7,Van,40,113
sch_72ef4abec4b31ba7,Austin St Michaels,40,105
sch_2b62602615f49b49,Gladewater Sabine,39,262
sch_dba06029de7dc492,Center,39,243
sch_98743e11858b893a,Lubbock Christian High,39,189
sch_6722a60a8bdf2e8b,Wichita Falls Legacy High School,39,187
sch_7e6d890a3395a7ec,Cameron Yoe,39,175
sch_7451eade5b7991dc,Hico,39,172
sch_fe4d91884ae0ddff,Lorena,39,164
sch_91ff98e37d4292d7,Mission Veterans Memorial,39,148
sch_0516260f393968c1,Bishop,39,127
sch_c5078eb43842c1fb,Port Arthur Memorial,39,119
sch_85f32bc6718d8a03,Addison Trinity Christian,39,111
sch_de24669b34993f8c,Harts Bluff,39,110
sch_22b32972d3d94268,Zapata,39,110
sch_895672fc835804d0,Laredo Cigarroa,39,96
sch_4b773df82b207014,Peaster,38,322
sch_0709a3bd3a3c1b7f,Kinkaid School,38,299
sch_30c2a0aaf517ff91,Bells,38,267
sch_e40f0254f82cbf49,Bangs,38,250
sch_8a0be87766d1d157,Houston Homeschool,38,193
sch_92eedcd5fab4529f,East Bernard,38,180
sch_71aa206df311edf2,Crystal City,38,175
sch_991e37ada88f7984,Fort Worth Southwest Christian,38,175
sch_408a255484bce964,Franklin High School,38,166
sch_315c07933f452071,Mineral Wells High School,38,139
sch_1ed3b56a95f6e885,Rice,38,137
sch_549c2aa3df5067bd,Van Vleck,38,124
sch_b3f7b69d1d0b1df8,Dawson,38,122
sch_8684f08d859924ad,Dallas Hillcrest,38,116
sch_08dc7dfb4c453e9d,Houston North Forest,38,108
sch_0822cbbf08ade519,Dallas Pinkston,38,104
sch_9a286493730ae679,La Pryor,38,99
sch_0e6eba895bb82e3e,ILTX - Arlington Grand Prairie,38,98
sch_56d47f7bb3017a4f,Austin Crockett,38,94
sch_b99754e93477896f,Houston Madison,38,93
sch_8f7d4525d2c1a32d,Wharton,38,92
sch_acd54b56fa03df08,Houston Westside,38,86
sch_22489e33119781f5,Shallowater,37,324
sch_53073fdc86792676,Wichita Falls City View,37,263
sch_bb70df48a907d358,Vanguard Rembrandt,37,262
sch_caf02ddc8ccaa3c4,Hamilton,37,260
sch_f78c99443a921182,Lone Oak,37,173
sch_76e8da935b96db17,IDEA Pharr,37,169
sch_e7edaa4012fa08c4,Childress,37,157
sch_e4089cfb33b6a86e,Sweetwater,37,157
sch_7e37445e7d637186,McGregor,37,149
sch_5db885527f26bb93,Union Grove,37,149
sch_4e32c007a4c19a0a,Vanderbilt Industrial,37,149
sch_64c54f2831ae6af2,Edinburg,37,136
sch_dd34d8d1c99122a5,Marble Falls,37,135
sch_e266b6e4562645f5,Cayuga,37,128
sch_ce2a5c3b6408550f,Northside Stevens,37,127
sch_16832241f07a1544,Eastland,37,120
sch_9b2b863ed088f040,San Antonio Jay,37,116
sch_f8e361e88c136280,Timpson,37,110
sch_5d483810170ec59d,Dallas Molina,37,89
sch_8ae1f2d2621ff0fb,Fort Worth Dunbar,37,88
sch_21b14c648c304803,Frisco Legacy Christian,37,88
sch_9e6fdc522376d440,Dallas Carter,37,73
sch_376b94b7b49c32fe,Hereford,36,313
sch_47371fbb48d88f1d,Liberty Christian School - Argyle,36,275
sch_03ffebec854c69b7,Clifton,36,207
sch_92d2c12a3fdaac57,Howe,36,200
sch_71f643e4f80e8741,Carrizo Springs,36,188
sch_80fbf70485fc8c75,Eustace,36,184
sch_1d676183f20cc9a5,Schulenburg,36,166
sch_cb7471c544c9f1b0,Boyd,36,157
sch_185376947d576534,Houston Bellaire,36,148
sch_5d95578b8f3479ba,Spring Dekaney,36,134
sch_f95bc529c5ba2d24,Paris North Lamar,36,129
sch_ed2e891ff36a16c1,Pearsall,36,128
sch_45b6a65c8794392f,Prosper Richland,36,127
sch_13173ed63cb7becc,Anahuac,36,125
sch_7f422ecc3c29039c,Richmond Tomas,36,125
sch_15c838b7ea27e2d7,Winnie East Chambers,36,120
sch_fec21edf63e1c535,Plano John Paul II,36,104
sch_8527d1f7d9be89ab,Hitchcock,36,84
sch_7c6670ff5375f4b5,St Stephen's Episcopal (Austin),36,84
sch_a9918e87ca640e70,Houston Sterling,36,68
sch_9e93cc125d321475,San Antonio Patriots Homeschool Athletics,35,260
sch_9019ecbc9b3f7ab0,Port Lavaca Calhoun,35,229
sch_65d7e66a4a22d223,Henderson,35,221
sch_8ed9be136d69c66b,Blooming Grove,35,215
sch_904679d6aa9f5b59,Wolfe City,35,210
sch_be443876dad67074,Palestine Westwood,35,174
sch_cd188d2a1dc117cc,Pioneer Technology and Arts (Greenville),35,168
sch_6884acf48072bfcf,Big Spring,35,156
sch_b6e3de827be25866,Floydada,35,151
sch_247ab6f9b591d9fb,Sundown,35,149
sch_7333d630c545c2a5,Denver City,35,144
sch_89a745ae65550d3b,Hale Center,35,144
sch_f79cc76991866b62,Breckenridge,35,143
sch_e0ec5aae5b4af900,Houston Lamar,35,129
sch_bcd9dfacbabf46fb,Como-Pickton,35,118
sch_59f1fa365333fbb1,Hughes Springs,35,116
sch_8174c8173da8c2e7,Altair Rice,35,109
sch_b0fc498bdc53f2d8,Mason,35,107
sch_d749e6e580c6f4d5,Austin Navarro,35,85
sch_828f69a9713512e4,Bryan Brazos Christian High School,35,83
sch_e31eb4dbaa7cf45c,The John Cooper School,34,230
sch_cd893c0ca9ef81ce,Mercedes,34,223
sch_2ecc6c55a1b4267d,La Feria,34,214
sch_9e9b605ca76d5851,Wills Point,34,214
sch_6015fed67511e34c,Troy,34,205
sch_56c6a5a6e974d8d6,Anson,34,203
sch_97e497e1b827a20d,Grapevine Faith Christian,34,191
sch_c2366f0cadd6542f,Stockdale,34,162
sch_e3f80165a4aa70ea,Columbus,34,160
sch_a46a174a957b0005,Wall,34,158
sch_547e7127780d6bf8,Tioga,34,152
sch_2f8d111d1d0f04e3,San Saba,34,150
sch_f2bfade3c617faf4,Dallas Life Oak Cliff,34,146
sch_0f12226f3fb367c4,Scurry Rosser HS,34,145
sch_b4357a6362d8537c,Young Women's Leadership (San Antonio),34,117
sch_d189d5678c528326,Goliad,34,107
sch_5208e254dda2161e,Sterling City,34,104
sch_e3fb27284a67aad2,ILTX KSHS,34,96
sch_a8b4d36ac9b125cc,Houston Wisdom (fka Lee),34,69
sch_d6e9dad0b199de3c,Hudson,33,307
sch_7a7b388848d9d4d2,De Leon,33,264
sch_9498e196e75a9e8a,Holliday High School,33,262
sch_8b53625685b1fecc,Alvord,33,241
sch_189f00fa36bd5512,S&S Consolidated,33,233
sch_cf6eec3a1a907493,Marshall,33,231
sch_0c71efb212d6a714,Gunter,33,226
sch_a9e4593aece0f092,Yoakum,33,222
sch_b18e7b766af1d20d,Lyford,33,199
sch_750b7a47c5b56221,New Deal,33,174
sch_8acd2b0600f3911d,Iola,33,169
sch_1357d18bd808b17d,Merkel,33,164
sch_2e9df6dc7c70a552,Clint Mountain View,33,145
sch_e330bc53c1388426,Jacksboro,33,145
sch_f149135ea73fe048,Skidmore-Tynan,33,143
sch_38a6dd0bc197d30f,Fort Bend Bush,33,135
sch_cf1c73e4145ba9ed,Christoval,33,132
sch_b3d99e973ecf930a,Tomball Concordia Lutheran,33,131
sch_b640ae1937446d70,Friona,33,114
sch_0780331478ca936f,Waco Vanguard,33,113
sch_f634de6110c32ee5,Fort Bend Marshall,33,106
sch_e0414bd259a08f6e,Clarksville,33,100
sch_3cf147e8ed4044c7,Texarkana Liberty-Eylau,33,95
sch_9c098f2e68a99681,Kenedy,33,92
sch_58d108e49a8c4041,Grand Saline,33,87
sch_ebe281bc1df55784,Anderson-Shiro,32,245
sch_3bca2d64589b86a9,Callisburg,32,231
sch_d2568916b39078a5,Fort Worth Benbrook,32,226
sch_465ec19f3445df74,Crane,32,220
sch_9a968017cec7e500,Galena Park,32,200
sch_9ad83d54687dd373,Ropesville Ropes,32,199
sch_25ef00c6468d41bb,Gilmer,32,192
sch_4807094e32413350,Haskell,32,189
sch_c45ba67a9a5b01bc,Ozona,32,171
sch_deb391f7184dfedf,Nixon Smiley,32,170
sch_0004723de266ad47,Raymondville,32,167
sch_f5d26b677f79c559,Atlanta,32,166
sch_d5267a05236b325f,Lubbock Roosevelt,32,159
sch_11b14727bd0bc383,Young Mens Leadership (Ft Worth),32,146
sch_ff3e007a48329357,FW Diamond Hill-Jarvis,32,145
sch_6094041de05f7ee7,Overton,32,134
sch_51e2cc3914c10ac8,San Elizario,32,124
sch_a823b5b916bc80c4,Madisonville,32,121
sch_3095173029c0c8ae,Rio Hondo,32,121
sch_d2d92877fd0b8b45,Axtell,32,117
sch_b41dc765133d0ed0,Lubbock Trinity Christian,32,100
sch_3e28e81c979ded62,Houston Christian,32,90
sch_273051fd063f41a1,Beckville,32,89
sch_8f60b70356abd995,Muenster,32,70
sch_8849f4c39dd3d468,Houston Scarborough,32,48
sch_d6b0ed19b188470a,West Rusk,31,192
sch_18749e8c86dc77a5,Rosebud-Lott,31,187
sch_fb0ca862a6642e8e,Hockaday,31,167
sch_c7d5ce4d935eff80,Lindsay,31,163
sch_c23265ce8a3c02dd,Houston Lutheran South,31,162
sch_20bfa8047490c5d0,Cisco,31,160
sch_f6759a4f223de439,Elkhart,31,157
sch_ee9eb97665595557,ILTX - Garland,31,155
sch_6744456e0d32bc66,Groesbeck,31,152
sch_f77c41c4f617ad40,Port Isabel,31,152
sch_80e07dca0b30eaa7,Blue Ridge,31,142
sch_c896ba5c09be85a8,Poth,31,132
sch_1f7b88dc752b3c9c,Crawford,31,129
sch_e3d6080828b615f1,Diboll,31,128
sch_5b899a8dc4891640,Palacios,31,128
sch_5d4fcdb9a5977d8d,Maypearl High School,31,124
sch_599b1e6a39e1af41,Episcopal School of Dallas,31,121
sch_141eb85b32bb4be8,Canton,31,111
sch_4da19968c84b1726,Amarillo River Road,31,108
sch_fd20c43eea75c985,El Maton Tidehaven,31,105
sch_22955f88e39b348a,Panhandle,31,102
sch_c5f737c2cafa2828,Lumberton High School,31,99
sch_3b7a915038c712a4,Pleasant Grove High School,31,94
sch_7860541170d673ce,Corpus Christi London,31,86
sch_60fb50e3e66a5330,Fort Bend Willowridge,31,82
sch_e3fffc0b5053e50d,El Paso Bowie,31,76
sch_9c1e6212e7f52b49,Ft Worth Polytechnic,31,73
sch_2af7a221b77379bb,Houston Northbrook,31,72
sch_c4cc77feab84f3fe,Paris Chisum,30,220
sch_8a7818329a4e994d,New Waverly,30,205
sch_3712bdde52118dcb,Rusk,30,176
sch_943cd8cf9f280b4b,Home School Athletic Association,30,171
sch_747722ed247e2671,Frankston,30,169
sch_ffc211a35f625b95,Post,30,159
sch_3edddc233f9731c7,Lubbock All Saints Episcopal,30,153
sch_b3a5c626390d97bb,La Porte,30,148
sch_187c1b2dbe1f20c2,Dallas Hampton Preparatory,30,142
sch_15e95473d3430ef0,Jourdanton,30,139
sch_e0d77577e486061b,Wallis Brazos,30,139
sch_d0b54f18ca0a5ac9,Omaha Pewitt,30,123
sch_409240c2447ee8dc,Freer,30,110
sch_ff0935610a8f4717,Houston Carnegie Vanguard,30,101
sch_1291f5810df51f8d,West Hardin,30,97
sch_529b8b0596200a24,Gladewater,30,96
sch_d62d5003d57cd216,Sour Lake Hardin-Jefferson,30,96
sch_893b9b64c1f972d2,Grapeland,30,90
sch_33896260af24e592,Dallas Jefferson,30,78
sch_0763309508d8b0a8,"Sam Houston Math, Science, and Technology Center",30,67
sch_d0906b193000e4ec,Ingleside,29,300
sch_cecc917da7957c15,Dalhart,29,269
sch_5d80516d5114034f,Littlefield,29,261
sch_c7b5052b56ac6d71,Dallas Inspired Vision,29,247
sch_0970597e9669a015,New Home,29,217
sch_01c76b19fd52d118,Stanton,29,200
sch_ee5f70bc70b2ded3,Johnson City LBJ,29,184
sch_4897fa332e90994d,Ballinger,29,177
sch_781ea7217d969bd4,Granger,29,167
sch_686f3912751f0a9c,Sonora,29,162
sch_9e9108fa521070d6,Farwell,29,155
sch_b7e36dea9bcc13e3,San Angelo Grape Creek,29,153
sch_1d005bbcfb847317,Blanco,29,147
sch_0ebb4b7f581deba2,Luling,29,137
sch_282b6f0e4a6f94f8,Canadian,29,127
sch_878a96a5bdb337fb,FW Eastern Hills,29,121
sch_bf0be1e5174b8a76,Whitewright,29,101
sch_83453bb25e0974ca,Henrietta,29,95
sch_a2f6a3c13ebd71c6,Waskom,29,93
sch_3466ea35be957404,Vernon Northside,29,87
sch_b657316a60d3d8da,Robstown,29,86
sch_dcc0898afadd177a,Dallas Sunset,29,82
sch_e127beeada889f3d,Schertz St. John Paul II Catholic High School,29,82
sch_83334403746dae3d,New Braunfels Christian Academy,29,79
sch_995762ff01e24474,Fort Bend Dulles,29,72
sch_8ab9109c2311243e,James Bowie HS,29,70
sch_2f33d86384d18114,Leonard,28,177
sch_af149b1379716d13,Quanah,28,139
sch_773163fbd9bcd617,Edgewood,28,126
sch_e09b22aed9be1ba1,Flatonia,28,122
sch_aaa48b3850b2295f,Texas School for the Deaf,28,121
sch_12b51862f2bd4efb,Moody,28,120
sch_c79251730059ab6a,San Antonio Christian,28,112
sch_67b0e0898c066e06,Natalia,28,105
sch_d33e1eb7f07b98a8,Santa Rosa,28,101
sch_bcfeb026cea72e44,Cleveland Tarkington,28,96
sch_6d812efbf198943b,Coldspring-Oakhurst,28,96
sch_1bf0b181f4beccb5,Trenton,28,96
sch_a68d8d278047161f,Teague,28,92
sch_7fb4b46ed313d1b0,Edna,28,88
sch_d0c9f2420fc176e6,Livingston,28,88
sch_d394e946e63db9da,Dallas Kimball,28,79
sch_0cd6b915a009850f,El Paso Cathedral,28,76
sch_438e58360a9a7d60,Kennedale,28,67
sch_f43e0ce95a46c445,Houston Furr,28,58
sch_ce44404c91e00190,IDEA Los Encinos HS,28,46
sch_87c8ba0ea6fd11e5,Dublin,27,184
sch_1f8827343f93432f,Diana New Diana,27,173
sch_62caa66b48c531ce,Newman International Academy,27,153
sch_b9e39d8df9f1bc13,Poteet,27,146
sch_e5cd836f53cdeec9,Brownsville Frontier College Prep,27,142
sch_9b293bab324c2b68,Kerens,27,142
sch_8e9a4b713eb8ac3f,Idea McAllen HS,27,139
sch_c995af8aa9b53076,Cedar Hill Newman International Academy,27,138
sch_8b2d0ddaf31cf0e6,Hamlin,27,138
sch_180a7c0b76886d75,Coahoma,27,132
sch_b8187ac4dae1dd61,Monahans,27,130
sch_6dc7c42abefe1da7,Warren,27,126
sch_b73a806f10fd101b,Garrison,27,125
sch_c18846e83b129b81,Bovina,27,118
sch_397d92b88eedcfda,Pilot Point,27,117
sch_b5c93b86dc9afd5e,Eldorado,27,111
sch_909b1a5ea591a102,Dilley,27,104
sch_ee55ea2957db38a4,Pasadena High School,27,103
sch_a0b3c1e7c684d536,Northside Health Careers,27,102
sch_a5687cd95d5e6f7e,Millsap,27,96
sch_44f49c3e7587dd6b,Corpus Christi Miller,27,91
sch_67dc9f502e15fc89,Fort Worth Nolan Catholic,27,90
sch_e9968cd52bab59ae,Kingsville King,27,90
sch_33bc044c6b391267,Clint,27,85
sch_40eac978f7498186,St. Dominic Savio Catholic,27,79
sch_4ee417a0eb1a64e1,Orangefield,27,75
sch_f96892bb16914b1b,Jasper,27,73
sch_eb5e7379a2ce73c9,Buna,27,66
sch_1e5a6e2232adfa37,Cumberland Academy,27,65
sch_324e10100513dfe2,Georgetown Gateway,26,225
sch_1c89aac1a18bfb2b,Austin Regents,26,168
sch_289ab150dc5deed1,Sanford-Fritch,26,159
sch_aa0644898f6f311d,Grape Creek,26,157
sch_af6abca14fce443b,Hearne,26,147
sch_a35cc99c86083960,Stamford,26,146
sch_211d7fcebb07a0cb,Fort Worth Country Day,26,144
sch_5676d7c856df4ebf,Valley Mills,26,134
sch_d3ad903d8ba405d3,Trinity Leadership-Cedar Hill,26,129
sch_8859220d90aada7a,Tulia,26,129
sch_ed231318f950d2d0,San Antonio Lanier,26,117
sch_2564e33ef9ac7192,Three Rivers,26,114
sch_d914970761c98556,Kirbyville,26,113
sch_401dc1628923731f,Newton,26,103
sch_7bc6b42d6d7d1709,IDEA Edinburg,26,100
sch_6fadd9bc2af08c2a,Shepherd,26,100
sch_91ca3adab038e2c6,Olney,26,93
sch_1669d20ca73f660a,Galveston Ball,26,88
sch_2e802230a08773fa,Santa Gertrudis Academy,26,86
sch_538b2f0df914f3e0,El Paso Austin,26,84
sch_08b2a09b5f62593e,Frassati Catholic High School,26,73
sch_158a48127b97f8d2,San Antonio Incarnate Word,26,72
sch_1661b93020923a13,Harmony Science Academy-Houston,26,59
sch_e2cadb66efd1d5b9,Houston Chavez,26,55
sch_09feb00363709b79,Houston Awty International,25,203
sch_d864b3226a9aac60,Windthorst,25,182
sch_796e316c22b4409e,Spearman,25,174
sch_add4b39b577f0a67,San Antonio Saint Mary's Hall,25,172
sch_9a79544e7beabc5a,Thorndale,25,167
sch_5ef6f758e9cb3c1a,Collinsville,25,164
sch_1cf26596d2b8703a,Kermit,25,153
sch_25131271c3ac4905,Era,25,148
sch_d2fd27bb1f19f23f,Rockport-Fulton,25,135
sch_8943219ce2e5cae9,Sunray,25,134
sch_50d6c7eaf6678531,Electra,25,133
sch_e33ebb07eaee38e3,Lockney,25,118
sch_e6e9035ae7f00a6d,Ore City,25,112
sch_dae78df810e8e74b,Gordon,25,109
sch_3b50fc4b7219a951,Ganado,25,106
sch_15f6230e1a689043,Flower Mound Coram Deo,25,105
sch_5b3c49223ee385a8,Groveton,25,104
sch_3045aa8730ccfc26,Alto,25,103
sch_ba3d7e0692e2ffb1,Archer City,25,91
sch_889814260cf6313d,Woodville,25,86
sch_5fd3e9c9f58a116b,Midland Texas Leadership Charter (TLC),25,84
sch_b7f249298d408a41,Dallas Adamson,25,79
sch_405b1ddee55a3694,Houston St Pius X,25,78
sch_1de17613aeadbeff,Maud,25,67
sch_c473f6e9e2ec2fea,Houston Spring Woods,25,54
sch_7052068107fb357f,Tatum,24,237
sch_61f3927a684615fd,Thrall,24,230
sch_6e0b2c3faaa07a2b,Winnsboro,24,220
sch_5cf29aa73a2621fc,Burton,24,203
sch_79616b9879be72f2,Brady,24,193
sch_8882d9f6c9587585,Itasca,24,191
sch_c1c54688439ebe8a,Yorktown,24,161
sch_fb84901893c61c56,Arp,24,156
sch_53a9f330b9a31dc9,Dallas Shelton,24,149
sch_705f6a9e54bb2b10,Bosqueville,24,148
sch_2f07fcf137191442,Keene,24,147
sch_516bdf8e3adb77cc,Uplift North Hills Prep,24,140
sch_92883fd9de7f75e5,Somerset Academy Collegiate,24,132
sch_33e36cbc7e270f02,Lexington High School,24,117
sch_f9c9646fdedd6a39,Brook Hill School HS,24,116
sch_c4604f286f9ed4df,Corrigan-Camden,24,115
sch_c3c8eb29ddbc2dfe,Texas Leadership Abilene HS,24,112
sch_4dd7b008b3cb067f,Hawkins,24,106
sch_69cf3ef11d6e26f3,Bartlett,24,101
sch_7e91fd193f3025b7,Sudan,24,96
sch_2346fcb129ffa11a,St. John XXIII,24,91
sch_514c51053677fdb4,Tenaha,24,90
sch_4c0c46f6910c5e43,Bogata Rivercrest,24,79
sch_7f475203b38e6f46,Dallas St Marks,24,78
sch_981324dccdbd4a81,Leadership Prep,24,78
sch_79ccf2eab3545e2a,Taft,24,78
sch_263ef0a0f90db875,West Orange-Stark,24,71
sch_58cc0a1a9e3fbaa1,Sabine Pass,24,67
sch_f01b68462451427e,Austin Achieve,24,58
sch_50ed72a60b2a0dfc,Kountze,24,44
sch_2f0c4332bb04659a,McKinney Christian Academy,23,206
sch_32aab9c0b0be7721,Cypress Christian,23,180
sch_85588bda1ab545a7,Alba-Golden,23,163
sch_7e6c271a3e2edc2c,Longview Spring Hill,23,149
sch_b8617dea66547bdf,IDEA Tres Lagos,23,145
sch_c1b9178c59c89c63,Wink,23,145
sch_f987b1737b65013d,Jonesboro,23,139
sch_bf4b228ac25d947c,Hallettsville,23,136
sch_ee45222f5b4620ac,Petrolia,23,129
sch_6a0a3f6575cc590c,Fort Bend Christian Academy,23,127
sch_b89e11efa5dd532c,Bulverde Gloria Deo Academy,23,124
sch_8cff1c612551f313,Quitman,23,123
sch_92a629b7f70ea77f,Brownfield,23,122
sch_a409a59b60b1f234,Huntington,23,112
sch_65a2566d72bd915d,Nacogdoches Central Heights,23,105
sch_0d67ccc40c6e393d,Big Lake Reagan County,23,98
sch_cbb0e71d794038ab,Detroit,23,92
sch_76d539d56f13c41d,Redwater,23,91
sch_935c8e89203a85f6,Riviera-Kaufer,23,88
sch_de0b480f65cc0984,Pasadena-Lewis High School,23,86
sch_950e5b479c2beade,Houston Northside,23,84
sch_0ce612b701d0bbf2,Tyler Grace Community,23,83
sch_466d1e0dad8146f8,Normangee,23,81
sch_f800e09c37a49676,Austin Royals HS,23,79
sch_b6a56352c075d8b2,Corpus Christi West Oso,23,70
sch_7cfb1f172297ded6,Joaquin,23,68
sch_1a50a83e983d3796,IDEA Hidden Meadow College Preparatory HS,23,56
sch_1b2dc2cfaa4ff1cc,Gail Borden County,23,52
sch_ed6bec7ac9996191,ILTX - Keller,23,26
sch_6db54f4e0a27d3fd,Comanche,22,241
sch_b8ec4d749a3ec8b5,Westlake Academy,22,201
sch_60b3740ee51bed65,Tom Bean,22,194
sch_4753cc815b3007f0,Imagine International,22,192
sch_81e5289c9a54e428,Seymour,22,158
sch_7c118ebdf3ee06fb,Harper,22,153
sch_530d028e15d9a56b,Alpine,22,140
sch_5c0cfb71091ce2c8,Carrollton Prince of Peace,22,131
sch_d4cf59816b6d3a5b,Van Horn,22,130
sch_d667debc0bc6d5a3,Bloomington,22,129
sch_133a4a2bdce86083,Dallas Roosevelt,22,114
sch_c23b8ae9e499dcda,Hempstead,22,109
sch_1eaf52c6a4835e47,Palmer,22,107
sch_0ff912f00ce3bd63,Hawley High School,22,97
sch_ad9989c55c9d06ce,Dallas Covenant,22,96
sch_97501d6853dfca50,Kemp HS,22,96
sch_e08b5a1e6783ddbe,Cross Plains,22,92
sch_fd358021c16b31c2,Chico,22,91
sch_e886493467fd362b,Aggieland Home School HS,22,84
sch_47d42c558aa00ca0,The Woodlands Legacy Prep Christian Academy,22,81
sch_c402166241dc52d2,Waltrip High School,22,79
sch_bd21dff3ef1d7a9f,Victoria St Joseph,22,74
sch_87ad1e101e300272,International Leadership of Texas Liberty High School,22,59
sch_f14301945a339141,Deweyville,22,56
sch_aa92c58b33528af9,Cristo Rey Jesuit,22,53
sch_4066899d22d94ecc,Houston Incarnate Word,22,51
sch_54dbf1301e1fc374,Plano Prestonwood Christian,22,50
sch_bbb4a9b20da9e2b4,Harligen Marine Military,22,48
sch_933a43a1c3cc0271,Bullard The Brook Hill,22,42
sch_d581df5975b4cd97,San Antonio Christian School at Castle Hills,21,233
sch_5464e979b19efd8e,Emory Rains,21,212
sch_4a77508fa57c266d,The Village Houston,21,178
sch_672fadad9ac28090,Legacy Preparatory Christian Academy,21,159
sch_8dd61373438c5ee7,Tahoka,21,155
sch_f10235917bef6058,George West,21,140
sch_564c33fdc78931e8,Cotulla,21,133
sch_87f37872242b3c83,Charlotte,21,129
sch_1dad8149e53e536f,Stratford,21,125
sch_18f676e732227cff,Hartley,21,121
sch_d51bb996f4751c7d,Brownsville St Joseph,21,120
sch_94d410c0049d5314,Colorado City,21,120
sch_3bbbc2238ba28d98,Austin Brentwood Christian School,21,118
sch_7bcd9a0651dd8cb6,Buena Vista,21,115
sch_34e38f0d444fae1a,Oglesby,21,114
sch_374a34837c24f98f,Centerville,21,113
sch_86b30a3ecf3ac632,Quinlan Boles,21,113
sch_68b17a63953a025f,Premont,21,108
sch_6cf2230aee3dcea0,Vega,21,108
sch_b96dc8b8cd8cc43b,Holland,21,104
sch_0944025f048e9597,Goldthwaite,21,101
sch_c26be740ef313d78,Lingleville,21,96
sch_e5bdee0d116f705f,Weimar,21,96
sch_72dd7b39ed7c52dc,Kingdom Collegiate Academy,21,93
sch_2df7c5bf8f7d61bc,Hardin-Liberty,21,90
sch_295d0cfc2bcb7eca,Cooper,21,86
sch_3f2282311e3f3270,Houston Westbury,21,58
sch_616716bccb880e6b,South Texas ISD Science Academy,21,54
sch_a647d4282cce3221,Houston Sharpstown,21,53
sch_669ed57105068aa3,El Paso Loretto,21,41
sch_6b35bed8e00f6c49,Young Mens Leadership (San Antonio),21,38
sch_9abb2292b52bcc98,Chilton,20,160
sch_b6e0a58f4d0a2d40,Jubilee Brownsville,20,133
sch_fd14a8c23cc2b60a,Danbury,20,130
sch_0c97e176a92884f0,Trinity Valley,20,119
sch_8f6580969dc3647a,Abilene Christian,20,117
sch_a1295c008e5c5c3a,Tyler TK Gorman,20,112
sch_eea3c32d9f35835c,Meridian,20,109
sch_b22c05fa37600284,Conroe Covenant Christian,20,108
sch_119ea31c0376652d,St. Paul Catholic School,20,107
sch_356844b118bd9ca6,San Antonio Holy Cross,20,106
sch_62f68f7443842049,Corpus Christi Incarnate Word,20,104
sch_a3a861c3cc513d5d,San Antonio School of Science And Technology (Main Campus),20,98
sch_0f4f0aa81db4c931,Lovelady,20,80
sch_2bc40d8d36d5032e,Celeste,20,77
sch_d0f151c955fea324,Central,20,76
sch_1566ee59961d830c,Rio Grande City Grulla,20,76
sch_6646013405270683,Top Speed Elite Eagles,20,75
sch_db36e210d9ab981a,Jewett Leon,20,72
sch_b28a2baa95df5ea6,ILTX - Katy-Westpark High School,20,60
sch_b36d93bc0f53d8b1,Linden-Kildare,20,60
sch_da40419c4ae42eac,Merit Bland,20,58
sch_de04fc993b1a77f5,Hyde Park Austin,20,53
sch_afa9d05acf4e3f72,Wichita Falls,20,36
sch_680e2dcdf171691a,Gator Speed TC,20,35
sch_f860a1774c070527,Pattonville Prairiland,19,174
sch_b191c02cb8005254,San Marcos Academy,19,135
sch_ac01bdf4e9f50a55,Smyer,19,132
sch_5a923b593c37593a,IDEA Weslaco Pike,19,119
sch_f080de59633e9683,Aristoi Classical,19,117
sch_af4a4c97b9472fc8,Valor South Austin HS,19,117
sch_8083913c2327a7fe,Brazosport Christian,19,114
sch_fda678818cc58771,Midland Christian,19,104
sch_33d9bfedc120ae3d,San Antonio Stacey,19,102
sch_522bee94fc33516e,Seagraves,19,102
sch_56ee854609e1ed83,Mickey Leland,19,99
sch_8eec228e5ff6b769,Veribest,19,98
sch_ab4b921e6a010a81,Bruceville-Eddy,19,96
sch_3f4b9f630aaca265,Christ the King Diocesan School,19,96
sch_cfaa4324aef30eed,Broaddus,19,95
sch_aef220c948423d84,Garden City HS,19,92
sch_0263472f21b77740,Amarillo Ascension Academy,19,83
sch_358c3247afc153d8,Fort Worth Temple Christian,19,80
sch_8cb33f1169af53af,Dallas Cristo Rey College Prep,19,78
sch_bd592207215b6206,Crosbyton,19,77
sch_0a97a2eacaa365c6,Dallas First Baptist Academy,19,70
sch_3cd80bb63f9dd6db,Fate Pioneer Technology & Arts Academy,19,70
sch_1719d7997bb4a090,El Paso Irvin,19,66
sch_75758a6b9fc4f6f9,Troup,19,65
sch_4d6b97c419f2e35e,Covenant Classical High School,19,61
sch_e1afff257fab7ad9,Silsbee,19,61
sch_89ab9b5e73d180ec,Springlake Earth,19,51
sch_4badf5b5512c89f7,Houston Austin,19,47
sch_3f704776a4a36e31,Houston Wheatley,19,40
sch_a2e2a16c31eae81d,KIPP University Prep,19,36
sch_b3245ddfb2ce3ad1,Houston Kashmere,19,34
sch_2541e803201928bd,Presidio,18,308
sch_8e28a4d4fbbc5c81,Quinlan Ford,18,231
sch_d4bf4a9181bb946b,Mount Vernon,18,221
sch_53e83ece691a878a,The Woodlands Christian,18,176
sch_0306ab2c5abbe2bb,Progreso,18,173
sch_12fbe993609a1354,Santo,18,170
sch_c117e366432d1458,Great Hearts Monte Vista,18,159
sch_67f3e80d570f37c5,Austin Veritas Academy,18,151
sch_a46f2f858bd1a67b,McCamey,18,146
sch_9f902d94b6c50573,Onalaska,18,139
sch_e3d189f2df69ced1,Fort Worth All Saints,18,137
sch_2a89030c78e81c7c,Buffalo High School,18,136
sch_a8a9f0ec03e71c23,Leander Founders Classical Academy,18,135
sch_5c0912add86fcdd4,Pettus,18,125
sch_443bcb8c78076ba5,Wellington,18,115
sch_3c8077dccd066373,Junction,18,114
sch_e1b4df3f705f70c0,Abbott,18,110
sch_3f735c4725491019,Zephyr,18,107
sch_3f13e4e788167a11,Mathis,18,102
sch_9b8e60c3aa61ebe4,Bay Area Christian,18,96
sch_417fe162e819cffd,Agua Dulce,18,92
sch_9ac1227f2836e130,San Juan IDEA Colleg,18,92
sch_bb50c999ae245f34,Rockwall Heritage Christian,18,90
sch_014e4c16dd5017fb,Waco Meyer,18,85
sch_19e2a9ff22b1333a,Booker,18,83
sch_038b63f99eb2efd7,Beeville Jones,18,81
sch_8239f0ecb4111882,Falls City,18,81
sch_26ab573b9cd75a9f,IDEA Alamo,18,81
sch_681b7f6290e69966,Dallas Spruce,18,77
sch_7e59f884087b6756,Sabinal,18,74
sch_40cf2765f638b6fe,Fort Worth Lake Country Christian School,18,72
sch_a9d9b803223e1af7,Brooks Academy of Science,18,58
sch_9d781824e4b3d811,San Antonio St Anthony Catholic,18,49
sch_5dd7fef21dc7232c,Waco Live Oak Classical School,17,237
sch_63fd8a8724d9c3d3,Austin Ann Richards SYWL,17,190
sch_97ec1dd6e1ce962c,Mildred,17,152
sch_6c6965de4a8709fb,Karnes City High School,17,149
sch_fbc63e959baeedc5,Poolville,17,143
sch_6c919c005e4f2fee,Cistercian Prep,17,141
sch_911512d04f0fb20c,Colleyville Covenant Christian,17,137
sch_9658c5c581d37a50,Lake Houston Conquerors,17,137
sch_f05fbf0cdf64dc4d,Covington,17,131
sch_bd70636da52cea3c,Garner,17,126
sch_c0a7eec1eb570655,Trinity Basin Titan Academy,17,124
sch_1f1b716ad1973a6a,Pineland West Sabine,17,122
sch_cdf879561bc3f457,Woodsboro,17,116
sch_55a9fbd61077106f,O'Donnell,17,112
sch_2788c9483c6a3136,IDEA Weslaco,17,109
sch_d1de2fa30b5e263e,Bluff Dale,17,99
sch_ceb7c718b8691a5e,Somerville,17,98
sch_02acfa61c245c82b,IDEA North Mission,17,95
sch_c405a9a00f67ac82,Waco School of Innovation,17,94
sch_33575d0ad3b495d1,Cushing,17,93
sch_fead057699b4e5b8,Queen City,17,84
sch_493ee79b40d366ab,South Texas ISD Medical Professions,17,83
sch_ff23a4c849d2ecb5,Sugarland Logos Preparatory Academy,17,83
sch_d42c4d6be7918f5a,Houston Duchesne Academy,17,79
sch_6f1572e746f22d16,Roscoe Collegiate,17,74
sch_75443ece6461b2d7,Balmorhea,17,73
sch_7559334620627aad,IDEA Elsa,17,69
sch_79a4370aca82a57a,Odem,17,67
sch_717e2887717c15da,Brackettville Brackett,17,59
sch_927b0a29ff1b8463,Shelbyville,17,58
sch_4b8282f85df5b6af,IDEA Riverview,17,56
sch_296673b218681d94,King's Academy Christian,17,48
sch_bcdce24e9fab8959,Fayetteville,17,46
sch_efde4c6631856c3e,Idea Rise College Prep,17,44
sch_4d71deb6793a7857,Memphis HS,17,42
sch_4df1650012cea184,Angleton Christian HS,17,39
sch_0f01a4f17788832c,Houston Kipp Generations,17,39
sch_40b655f24e801c47,Rogers HS,16,305
sch_5f87f88dc1257c9a,Vanguard Beethoven,16,188
sch_732d3cd72880a2be,Nocona,16,168
sch_bc11d5da2348bf9d,Wayside Sci Tech,16,168
sch_5ddd860f7e288a2d,Snook,16,145
sch_f15c1739e7903b91,Honey Grove,16,133
sch_7b7e7121bde8e0fc,Italy,16,130
sch_59bcec315e62cdea,Houston Emery Weiner,16,125
sch_2ae438a145f033fe,The Oakridge School,16,122
sch_84f4954cb9dca484,Lucas Christian,16,113
sch_1d54659e21ec958d,Universal City First Baptist Academy,16,112
sch_1219c64e2c5202d2,Founders Classical Academy of Lewisville,16,111
sch_c559ab80a87f74ca,Plains,16,110
sch_1647992f237e0705,Austin Champions,16,109
sch_ffba800c8b646662,Central Texas Christian,16,105
sch_982b8c8cc393ad18,Idea Mission College Prep,16,104
sch_c835705f9f6b7cc1,Uplift Infinity Preparatory,16,103
sch_ec8ea5bc410aebf8,Refugio,16,98
sch_cec868a19fd3f8c3,Whiteface,16,95
sch_f261263cfc85a62d,Mesquite Dallas Christian,16,94
sch_3c8f44152d7aa857,Marble Falls Faith Academy,16,93
sch_a0c64d9f5a1ba772,Nazareth,16,93
sch_b9944972e77496a8,New Boston,16,92
sch_55eb20dbfa8db850,Founders Classical (Frisco) HS,16,82
sch_9c91bf81af235115,Harmony (Big Sandy),16,82
sch_5d17fd345bf4fa96,Petersburg,16,82
sch_21ce52bafef54eee,Great Hearts Irving High School,16,79
sch_dce87074d4ae6721,Adrian,16,77
sch_c7e01023341f4659,Hebbronville,16,71
sch_09cd2b240fffe57d,Big Sandy,16,68
sch_11c61954ecdd0817,La Villa ECHS,16,62
sch_e6ca4873f33bf659,Whitharral,16,62
sch_7375ec1e399e883e,Venus,16,61
sch_9187fda6ae1edafd,Chester,16,57
sch_6d68450d524a9931,Houston Worthing,16,57
sch_85f1739a867b67dc,Harmony School of Innovation (Katy),16,50
sch_e3593ff904eb8f38,YES Prep West,16,41
sch_a41d6f004615abed,The Griffin School,16,34
sch_4deebb7fb2163d61,Forest Heights,15,208
sch_1e7f5c72e277ef52,Texas Wind Home School,15,192
sch_4d4f66180729295d,Edinburg IDEA Quest,15,165
sch_64f88b9036e8bb4d,Slidell,15,140
sch_4cfe7fd022a851cf,Plano Coram Deo Academy,15,138
sch_508c7d50ae8ce0d3,Bishop Louis Reicher Catholic High School,15,124
sch_65132b700d4c0bfb,Iraan,15,117
sch_b9bd3fe859bf13cf,Arlington Grace Prep Academy,15,116
sch_e5049a524b1fb173,Dallas Parish Episcopal,15,111
sch_ed5e8865ced5cbaa,Mount Pleasant Chapel Hill,15,111
sch_08a856f9739dea2a,Rivercrest,15,110
sch_33570372386d4f24,Munday,15,104
sch_a746ad9e882379a6,Meridian World,15,101
sch_5339463c634f14e9,Lubbock Titans Track & Field HS,15,96
sch_7f1b72a7e305b2d7,Roby,15,95
sch_cde7fdcad486e6f7,Morton,15,94
sch_a3ffe483883d3b54,Cumby,15,89
sch_b81dd2a260e599b5,Harleton,15,84
sch_01507c11c1d5bbdd,Tomball Rosehill Christian,15,84
sch_072ef4917fff3220,Winona,15,83
sch_2f4bedab9cf110e8,Hooks,15,81
sch_aa6a6ee4bb7bede5,Lamesa High School,15,81
sch_9676f85a63b5c33b,Lohn,15,76
sch_b7e76f5179d1d239,Waco Gholson,15,75
sch_aaa52c5e09eaf342,Hermleigh,15,68
sch_91edef56fbc7efb5,La Poynor,15,66
sch_dff9cc53ddf1ac41,El Paso Da Vinci,15,64
sch_7aece8a297053dd9,Young Women's College Preparatory Academy,15,63
sch_4ade43b0d00ebde0,Prairie Lea High School,15,62
sch_2ee3cda359227c7a,Uplift Atlas Preparatory,15,62
sch_7d5cbf8a8692647f,Leakey,15,60
sch_517b642816b535d4,Frost,15,58
sch_10809f449f47de9b,Bracken Christian High School,15,57
sch_6404115d670c758d,YES Prep Fifth Ward,15,54
sch_f455842485963a7b,Monte Alto,15,51
sch_34fd1ac043b67e16,Richland Springs,15,50
sch_b5e09c821e22f119,Laredo St Augustine,15,42
sch_86a25b3600b84d3f,Infinity Early College High School,15,40
sch_ad70c1262c277d30,Knox City,15,39
sch_e297190792680093,IDEA Rundberg,15,38
sch_0174b0d7cfe416f2,Victory Baptist Academy,15,37
sch_141580a6446d34ba,South Texas ISD World Scholars,15,25
sch_6ada07bd5b74b7f7,Round Rock Christian Academy,14,210
sch_13ea07cc46c7df24,Shiner,14,153
sch_f5b2ac752518961f,Gruver,14,133
sch_c43a0cf422433a15,Port Aransas,14,130
sch_7fe1e7296f273fb2,Coolidge,14,128
sch_92e79a32b0816f07,Albany,14,118
sch_2b94a3fb7d500ae0,Trinity Christian Willow Park,14,116
sch_e989751a53876c84,Marlin,14,112
sch_2adfd0782ebfdc53,Riesel,14,100
sch_b12d94db6b1bd18e,Huckabay,14,97
sch_2ca39fe59f0829a5,Bryan Allen Academy,14,95
sch_8e7c8d3df4434c33,Houston Northland Christian,14,90
sch_ecc966457dc5dd83,Bellevue,14,84
sch_10304af9709d08c3,Ben Bolt-Palito Blanco,14,84
sch_748c8a8d2630c382,Miles,14,82
sch_61252dc530a9b345,Saint Jo,14,80
sch_c9a61768af6b4a90,FBCHA Eagles HS,14,78
sch_228bf0195f11c16a,North Zulch,14,78
sch_74dd893b506596f4,Pineywoods Community Academy,14,76
sch_52c6580aea492ee1,Lorenzo,14,75
sch_c53192e0f93b58f2,Avery,14,70
sch_57f4b0d007e9365f,Cherokee,14,69
sch_e0100e5a1b1946e4,Gorman,14,68
sch_df71153fc3801a9f,Legacy School of Sport Sciences,14,68
sch_fbfc64cc71bfd2f9,Fort Davis,14,66
sch_a625ec6d6ec52db2,McDade,14,65
sch_0953fbc9f0ab1433,Brookeland,14,64
sch_6ac0159f5542c0bb,KIPP Mosaic Academy,14,62
sch_51cf9f17ed311263,Fabens,14,61
sch_3bb42add97e73850,Winters Senior High,14,61
sch_621ba97ead9d2eed,Westbrook High School,14,58
sch_d3da180f74a9689c,Mount Enterprise,14,56
sch_4d21de1da5e81fca,San Augustine,14,52
sch_27d46e563e9e07ce,"A+ Charter Schools, Inc.",14,44
sch_ae219ce6192b5e95,Calvert,14,39
sch_3bd3f4a345e2b2df,KIPP Journey Academy,14,39
sch_64c91417ca15a2c3,Kipp Northeast College Prep,14,34
sch_3d028c11d3690f56,International Leadership of Texas Lancaster Desoto High School,14,22
sch_31da7c5ab0354a61,Lubbock Talkington School for Young Women Leaders,13,151
sch_bca1165dd84e7a18,White Oak,13,126
sch_b896568ff695b79d,Lipan,13,119
sch_b31c4750475b05ff,Hubbard,13,118
sch_88050c93f60446e1,Water Valley,13,114
sch_651d48f87457bf64,Aquilla,13,113
sch_60b2c86c4cdfa157,Tyler All Saints Episcopal,13,108
sch_4d4cf28154ff486c,Weatherford Christian School,13,106
sch_5910255596047438,Martins Mill,13,101
sch_16e6d7c20a3b9481,Ira,13,98
sch_9f0cd9cfc4c9bc1b,Donna Idea Academy,13,97
sch_245aee23b89224b7,White Deer,13,97
sch_86d745f887f62e6a,Lamesa Klondike,13,89
sch_657adb59c69e7400,Anthony,13,87
sch_a9898e5c1562794c,Geneva School of Boerne HS,13,87
sch_7d5e57e1f56b6dde,Ralls,13,87
sch_3702f4be0097f93c,Claude HS,13,86
sch_7d5f9d3e048ef723,Prestonwood Christian Academy,13,81
sch_5538601a0ee4a613,McLean,13,80
sch_87c6d1632e383d47,Highlands Chinquapin,13,77
sch_5221daccd67c3f02,Ed Brune Charter School,13,76
sch_e1036b0d2b9b44a6,Austin Hill Country Christian,13,73
sch_ecd037e2cb896117,De Kalb,13,69
sch_80c250f30b4caf87,Moulton,13,65
sch_953a5884e2f1c852,Longview Christian,13,64
sch_815857323afc7989,Meadow,13,64
sch_da958e326d1aa4cf,Uplift Heights Prep,13,63
sch_595a23aa9e0f2cbc,Henrietta Midway,13,61
sch_5ec49e8d2a516b4b,Wichita Christian School,13,59
sch_1adf7b3c52ff53f8,Wildfire HSA High School,13,57
sch_1f85d26030978143,Utopia,13,55
sch_7dbf78366ae505e2,Matador Motley County,13,54
sch_8b7ecaa50a04d27a,Spur High School,13,51
sch_f49a3dbe155111b8,Banquete,13,49
sch_a7f562747cc21c88,Rochelle,13,47
sch_122b60639bad7cc8,Evant,13,45
sch_d92bb8116dade1a0,Valor Prep Academy High School,13,45
sch_e5adc986bd0b1c3c,Yes Prep Northwest,13,40
sch_1c10dcf7be7ff600,Nazarene Christian Academy,13,39
sch_f28d563b0ed8e4db,Pasadena First Baptist,13,39
sch_58fe325d4f5681a1,St. Joseph High School,13,35
sch_29e135732cdb1598,Young Womens Leadership (Ft Worth),13,35
sch_2a1786c378a585f0,Hill County HS,13,27
sch_827a5dc82cc99b11,Victory Christian Academy,12,135
sch_8d9ebb904a3cdedd,Bryson,12,100
sch_db0ee9699ddb7b8a,Grace Academy of Georgetown,12,94
sch_0a906a85d9e88169,Boys Ranch,12,93
sch_c4229ba5f5943d74,Longview Christian Heritage,12,88
sch_7fddb671f704bf12,Spring Providence Classical School,12,88
sch_d1dd6ab869b68257,Huntsville Alpha Omega Academy,12,84
sch_3f3c57e6ad57f6f5,Hull-Daisetta,12,81
sch_1f66837233a8a8a6,Douglass,12,80
sch_e917b9e91cbfa085,Lytle High School,12,80
sch_e22bf0e2db81d557,Newcastle,12,79
sch_6b02e0ca5aee25da,Ranger,12,78
sch_bd2b5ae15aaf029a,YES Prep Southwest,12,76
sch_38b5e5108f2fceb7,Paint Rock,12,75
sch_fc5bf385bd237e82,Perrin-Whitt,12,75
sch_dd30ac25365862f8,Harrold,12,71
sch_a5eef26876206188,Wings Athletics HS,12,68
sch_be7cd0500b7f1282,Zavalla,12,68
sch_ede915e978f5961c,Roscoe,12,67
sch_21b46f92f6aeeff0,Jayton,12,64
sch_220dad1f4ec64741,Bremond,12,63
sch_318a1a9b64dd2075,Waco Reicher Catholic,12,60
sch_7b6706d1474b49a6,Ladonia Fannindel,12,59
sch_e76cde4b74205a8d,IDEA Harlingen College Prep,12,54
sch_fb561e7c97c6f19e,Wells,12,54
sch_190bf6f960394348,Burkeville,12,51
sch_4d0ca6702c34c518,Mart,12,47
sch_fbb61dabe617e483,Priddy,12,47
sch_8e38e5953f8561e7,Valera Panther Creek,12,44
sch_bb3e3a55ffc6983e,IDEA Converse HS,12,43
sch_61d791be9d00df1f,Evadale,12,40
sch_4be51d3552160820,Red Oak White,12,36
sch_f3f8585cc66891c4,Austin San Juan Diego,12,28
sch_99b86afae1f997b2,Dime Box,12,24
sch_671cdb1596dca31e,Livingston Girls Track,12,24
sch_2302d5eb9d7de5a4,YES Prep Northline Secondary,12,19
sch_aaa8ab28389ad064,West Texas,11,137
sch_3389d30b67d055e3,Valor North Austin,11,128
sch_08c20d8765f7375e,St. Francis Episcopal,11,118
sch_761fa74783c7058e,Kipp Pleasant Grove,11,104
sch_04252ad0465c0a12,Tilden McMullen County,11,98
sch_8633e2783f624bd6,Blum,11,95
sch_91c9a6e99b9aa4bd,Clarendon,11,84
sch_333d1cb697dedc0e,Kopperl,11,84
sch_01dbb58d93826e9a,Fredericksburg Heritage,11,81
sch_d70974e46ddf46c4,Happy,11,80
sch_108a5a4d1a29aeaa,Eden,11,78
sch_40542084bdb7c9f6,Martinsville,11,75
sch_46b9c6e7e96dc521,Menard,11,72
sch_fdc0987480f14fdc,Holy Trinity Catholic,11,69
sch_22fac1c7d75b968d,Aransas Pass,11,64
sch_dde479baaa4875e3,Saltillo,11,64
sch_23e6d6a7bfb8d192,KIPP Somos,11,63
sch_533fccd1e49531ae,Cranfills Gap,11,62
sch_1d77badb9488f8b5,Divine Savior Academy,11,62
sch_6b3cc2d939371b5d,Lasara,11,62
sch_0ff5d57c46c299cf,D'Hanis,11,60
sch_4e3d5a80e94bf1e4,Hart,11,60
sch_20ab8bba04b30a62,Crowell,11,59
sch_1bd392c64a336dbf,Brookesmith,11,58
sch_1fd17200915e11bc,Channing,11,58
sch_344e3662d2536bc3,Hemphill,11,55
sch_d529864066db9e7b,Silverton,11,55
sch_f8f77e1f1ecd85aa,Gustine,11,54
sch_bd0300d5c06b86c7,Tornillo,11,54
sch_2200cd81bc3e1a72,IDEA Brownsville HS,11,53
sch_9cf9c1b66b94711d,Houston Washington,11,49
sch_39cbe7eda7b58eb8,ILTX - Aggieland,11,45
sch_ec9336d852e533da,Wellman-Union,11,45
sch_0604e055cd3a946a,Austin Kipp Collegiate,11,42
sch_e574fbd5015170f7,Methodist Children's Home,11,39
sch_e99452703fe390bf,Austwell-Tivoli,11,36
sch_79beca9531e962df,Dallas Lutheran,11,34
sch_cd7eb76f895ae874,Midland Holy Cross Catholic High School,11,33
sch_062977b07c78e20b,IDEA Health Professions,11,31
sch_4ee756d2bd7019f7,El Paso Lydia Patterson,11,28
sch_e2f9b7276907b874,Grace Prep (Arlington) HS,11,27
sch_1378586760505b64,Sugarland Harmony Innovation,11,27
sch_00d2bef558a5d3cf,Texas School for the Blind,11,27
sch_b142992b98434758,Harmony School of Innovation - Brownsville,11,16
sch_951adc0051f3cb1b,Houston Kipp Sunnyside,11,11
sch_2b63ad0d28ef0d13,Amarillo Highland Park,10,132
sch_b1dfce706badb309,New Summerfield,10,120
sch_93fe5f2ff4bb56ae,Wheeler,10,100
sch_a167a2b492d55d64,Houston St. Thomas Episcopal HS,10,94
sch_968c9bfc7217c69b,Penelope,10,79
sch_54e65bf8619ca878,Kress,10,78
sch_72718e621bd3fe8b,Highland ISD,10,73
sch_21b01927ce4383e5,Blackwell,10,72
sch_2625e01281e0d1e4,Robert Lee,10,68
sch_b08be6eef50a2c62,IDEA Monterrey Park,10,66
sch_d1d101c1f5f42b09,Midland Classical Academy,10,65
sch_8ebc2b9058d18086,Johnson County Sports Association,10,64
sch_f4ba2bc06d0f5ce6,Kennedale Fellowship Academy,10,63
sch_92b1748cfcb89dab,Texline,10,63
sch_d6e23753d96b3c61,Turkey Valley,10,63
sch_797faf59adcbe767,Dallas Bishop Dunne,10,62
sch_52d90affe3cdc32a,Spring Founders Christian School,10,62
sch_777cb263c5b28a13,Brownsboro,10,61
sch_e7b3d74f3903e380,Colmesneil,10,61
sch_4def3abe03237857,Milford,10,60
sch_51fa51964bc28af5,Apple Springs,10,59
sch_9be6a456298a1d7e,Prestonwood Christian Academy North,10,59
sch_4981e6f737379439,Knippa,10,58
sch_95e037c6a85215a3,Stephenville Faith Homeschool,10,57
sch_e9afa3210247052d,Victoria Gators,10,57
sch_7af8b5c4fc26970d,Founders Classical Academy of Bastrop,10,55
sch_5a2353339080384f,Grandfalls-Royalty,10,53
sch_e0fd63e8eeb0f183,Rule,10,48
sch_3fdecf92288141fb,Waco Christian,10,48
sch_445121962120464b,Guthrie HS,10,46
sch_1942bf64c454433e,Leggett,10,42
sch_315ad08597f982c0,Corpus Christi St. John Paul II High School,10,41
sch_84a1fce997b69014,Richards,10,41
sch_3a1ec3adeef5ffb6,Fort Hancock,10,40
sch_0ba05f982ba37f3b,Throckmorton,10,37
sch_1ded2642b951e23f,Watauga Harvest Christian,10,37
sch_f0cd37dc1fe15998,Leverett's Chapel,10,33
sch_5548312530a08fef,Beaumont Kelly Catholic,10,31
sch_ee6e7eff0ab02ba3,Sidney,10,31
sch_c1e0caaa8d1f0d85,Dallas Alcuin School,10,30
sch_b39f3655bf9e9477,School of the Woods,10,29
sch_bee8610159e69f69,Beaumont Legacy Christian Academy,10,22
sch_552c4161a056d7af,Ector,10,22
sch_63a50d7e1310a8dd,GeauXpro Diamonds Elite,10,16
sch_34cd192d3f794417,Wichita Falls Hirschi,10,11
sch_3f4a1168e928e7e9,Rankin,9,110
sch_696e2d8f90b31fc5,Mertzon Irion County,9,107
sch_4d6c6abd3fca782e,Cross Roads,9,94
sch_bab8d5bbcabdab7f,IDEA Kyle HS,9,88
sch_52d1766f0dd0fccb,Cumby Miller Grove,9,87
sch_c1840944a02c4e33,Texoma Christian,9,82
sch_0efe7223ba6e6fc2,Latexo,9,75
sch_5fcadbc48ec6299b,Lefors,9,72
sch_5a683a145a46c5e6,Mount Calm,9,71
sch_c2e772bc25867563,Comstock,9,70
sch_1eb9a4af0403a5c6,Oakwood,9,70
sch_72c39bb952f3eebe,Graford,9,69
sch_5e0126325bb3d751,Waelder,9,69
sch_e929cdf5cc8e495e,Founders Classical (Corinth),9,65
sch_6cc5b43e74a37f9c,Uplift Luna Prep,9,65
sch_d2025868bf525e48,Goodrich,9,64
sch_3e7144bdbbbe0348,Louise,9,64
sch_7692a4653ec2f094,BASIS Shavano HS,9,63
sch_4b76aee635fae733,Garland Christian Academy,9,62
sch_d000f21ac863b2d6,Runge,9,62
sch_e5755de08fc19f73,YES Prep Southeast,9,60
sch_74489ffffb3618e8,Idea Montopolis,9,58
sch_dba0fcf42bafd87f,South Texas ISD Health Professions,9,58
sch_a692a0dd054e2d5e,Spurger,9,55
sch_7906447aa1d5eb87,Bronte,9,54
sch_42327ca645a66966,Center Point,9,54
sch_8170f9ff99cdc3f7,Baytown Christian Academy,9,51
sch_cfa0b9006d688488,IDEA Bluff Springs,9,49
sch_035fd8edc2efb934,Amarillo San Jacinto Christian,9,48
sch_93a3e18553164771,Home Educators Around Texoma (HEAT),9,47
sch_fabe7034285820d3,Paducah,9,44
sch_f13e2d47f6a77ae5,DDS Athletes,9,41
sch_8d53f90344fe52d5,Young Women's Leadership (El Paso),9,41
sch_2d54f4c3811fb60a,Sanderson,9,38
sch_4ebd652f12798a48,Sulphur Bluff,9,38
sch_1a1b493bed92c955,London High School,9,37
sch_a6394f3bbec2d480,Rising Star,9,37
sch_6c1352cc4cc4bd2c,KIPP Sharpstown,9,36
sch_36c54350f6ba8c5f,Loraine,9,34
sch_acc822320c9e6eb1,Jesus Chapel,9,32
sch_7ccb74778413a85f,Wichita Falls Christ Academy,9,31
sch_5f5281c25239f09a,IDEA Robindale HS,9,30
sch_6cd1883cd49da96e,San Antonio Young Woman's Academy,9,29
sch_ebec956c3c40d9a4,Gilmer Union Hill,9,27
sch_8f1c38bee1a6599a,IDEA Palmview College Prep,9,25
sch_96873a983dac8b76,Memorial Christian Academy,9,24
sch_922498670468a57c,Concordia High School - Pflugerville,9,21
sch_e703cea8a751c497,Dallas Uplift Williams Prep,9,20
sch_6a3c8cae88559fc9,Perrin,9,18
sch_754896cdd516e8da,Conroe Lifestyle Christian School,9,11
sch_8786f37affe5efd4,Texas Empowerment Academy,8,92
sch_3e82198a8a20949f,Shamrock,8,90
sch_5ab39fbca4f915d9,Katy British International School Of Houston,8,84
sch_980651cbbd879044,Lenorah Grady,8,79
sch_3bdb50a1918b892c,McKinney Cornerstone Christian Academy,8,79
sch_3af1d93bd4f1ea43,Avalon,8,78
sch_839811496fa55e25,Elysian Fields,8,74
sch_16c9f2657755c47a,Woodson,8,70
sch_e35e50cee926f808,Hill Country Christian (San Marcos),8,69
sch_8f8e18cbf8d5ecaa,Neches High School,8,65
sch_adbc0df2ef6915f2,Lometa,8,64
sch_b65f23a0df0f5a87,El Paso Christian Home School,8,63
sch_052a51db7fc005e5,Bowie Gold-Burg,8,61
sch_ec6f6d9c1af64e21,Briscoe Fort Elliott,8,61
sch_3b09261cf0053263,Houston Kipp,8,61
sch_e765c2d5571788e3,Aspermont,8,59
sch_a15e1f24e22bf24b,Strawn,8,58
sch_1f0092b356db1f23,San Angelo Cornerstone Christian,8,54
sch_05cd7d2a9d0802bb,San Antonio Atonement,8,53
sch_b758e0f2f519eb1c,Trinity School-Midland,8,53
sch_2fe18db9ddfa8126,IDEA Sports Park,8,52
sch_f3b0a7042e0deb21,Falfurrias,8,51
sch_27bab009e9a841ae,Christian Homeschool Athlete Association of Mt. Pleasant,8,47
sch_6a164e6a67424105,Benjamin,8,46
sch_4ca56ce19e10fed3,Great Hearts Arlington HS,8,46
sch_30ad9b1eae6cd314,Groom,8,46
sch_5a503dbd004c6968,Uplift Mighty Prep,8,46
sch_4831ddc8770d0edf,Harmony School of Nature,8,45
sch_f128e1fefd39947f,Nocona Prairie Valley,8,45
sch_ecb3356d20b03b0d,Clyde Eula,8,42
sch_98f7e074305e0085,IDEA Mays,8,42
sch_dab90cf31f1b27ba,Chireno,8,40
sch_5d45004fb609f10c,Macedonian Christian Academy,8,40
sch_577c51b1cc69b2f0,Medina,8,37
sch_cb4dc3b048b88fc9,Victoria Faith Academy,8,36
sch_e0c36a2a0948d4a2,YES Prep North Central,8,34
sch_8738165e59ddd98c,Flint Academy High School,8,33
sch_61fba38351e6361c,Austin Classical School,8,31
sch_06731bbfdb32b7fa,Bellville Faith Academy HS,8,30
sch_45bb9681a5c3ea0a,San Perlita,8,29
sch_9ae89a2a21f49ad2,Harmony Science (Waco),8,23
sch_2bfe3205d26e13f8,IDEA Mesa Hills HS,8,22
sch_8a58651bdaa0ce6c,Lutheran High School of San Antonio,8,22
sch_3edb8e5c2fb05cfb,Texas Christian School,8,18
sch_64eecc7bb6218f12,IDEA Frontier,8,17
sch_72519808d78168f8,Team Extreme Elite,8,17
sch_e594b92ace5a19bf,RWG Stem Academy,8,16
sch_35e8c8a4bd615784,The Alexander,8,16
sch_a380b0d4ba8d1e23,Village Tech Odyssey High School,8,15
sch_ae81a0b1c0042d3a,Presbyterian Pan America,8,14
sch_b544cb0818ca514e,Afton Patton Springs,8,10
sch_ce133595cc3d28d5,South San Antonio West Campus,8,8
sch_99c76d5e6df4a63b,Sharpstown International,7,134
sch_199708a1b9ab84c5,Texas Surge Track & Field (HS),7,81
sch_c714a49e3f8ed4c3,Harvest Christian Academy,7,76
sch_171210e786a32edd,Follett,7,73
sch_ebb56a6e68ddae1c,IDEA Ewing Halsell,7,73
sch_f194f4ada3c07b0d,Marfa,7,69
sch_b97690d26e9e27e3,Santa Anna,7,66
sch_13034714248d84b1,Lubbock Southcrest Christian School,7,65
sch_cb1dc7e4dc46d1d7,Rocksprings,7,65
sch_552a51e247c4c348,Sam Rayburn High School,7,62
sch_569e659dc81e4513,Full Armor Christian Academy HS,7,60
sch_59a036821009cdda,IDEA Judson,7,59
sch_0e5881802c54eff7,Santa Maria,7,59
sch_3dba2e0f3a6aaffa,Round Top-Carmine,7,58
sch_7b75820a2e693507,IDEA Rio Grande City,7,57
sch_d8b882d45a4512e8,North Hopkins,7,56
sch_988d6d868bb94c04,Southland ISD,7,55
sch_71ea3cda0017a2d9,XDOT ACADEMY,7,54
sch_67402c886f37eb96,IDEA Carver,7,53
sch_af3efae1318523f8,Kingdom Preparatory Academy,7,52
sch_1c896ea8646ec1c2,San Isidro,7,52
sch_6cf7868b073d2208,Nordheim,7,49
sch_2add3a2e7e457fea,Fruitvale,7,47
sch_4762749f526cf906,Rotan,7,47
sch_cb435068168cfd2d,Wilson,7,46
sch_95d6df0017c6e680,Fort Worth Bethesda,7,45
sch_862d47d4879deb01,Forestburg,7,43
sch_eb2906c8f2a273ff,Benavides,7,41
sch_0bec71b0a7862099,Granbury Cornerstone Christian Academy,7,38
sch_eea407344844b8d3,Accelerate Christian School,7,36
sch_0590578d74428e67,Grace Christian Academy,7,35
sch_e396ec7522483977,Fort Worth Cristo Rey,7,34
sch_b00bae70ded984da,Harmony Science Academy (Pflugerville),7,34
sch_866fb361636d0594,Blanket,7,33
sch_6a3e6c4039dee44c,Citadel Christian School,7,32
sch_dc616abc3d54be9c,Wylie Prep,7,32
sch_557560821801186c,Waco Rapoport,7,30
sch_64c3c5b9c68ed9f5,Muenster- Sacred Heart Catholic School,7,25
sch_2a9e79245bd63e6c,Kennard,7,24
sch_ff9e74fe3e1f727f,Uplift Williams Prep,7,24
sch_f1535d60e50ec533,Burton Adventist Academy,7,18
sch_8bce0c61b0fd56dc,KIPP OAK CLIFF ACADEMY,7,18
sch_517b70f33abdd3e9,The Einstein School,7,18
sch_c3073b318654d735,Uplift Wisdom HS,7,18
sch_2142fc8c5b611552,Kipp Paseo Preparatory,7,17
sch_1d27f5439381fea2,Brighter Horizons Academy,7,14
sch_a03bc3db9a76d574,Bryan St Joseph Catholic,6,98
sch_484c487e9f5902fd,Hallettsville Sacred Heart Catholic School,6,98
sch_4d9c539f9605bfec,Red Oak Ovilla Christian,6,94
sch_e6db5f981871100b,Westbury Christian,6,90
sch_a7ab4b292a49eadb,Barksdale Nueces Canyon,6,89
sch_2dd37647a8e83467,Morgan,6,81
sch_75718f101bf5e108,Providence Catholic School,6,76
sch_875eedf6440275c5,The Oaks Christian Academy,6,72
sch_f652b15864b1031d,Woden,6,72
sch_75c68055226909f3,Saint Constantine,6,69
sch_7efe56e0dedc9d10,Wildorado HS,6,67
sch_6bed18927072004a,IDEA Pflugerville HS,6,66
sch_b389a94afea873e4,Miami,6,64
sch_54209ab42e8aff17,Houston The Briarwood,6,60
sch_15f17fbaafc8682e,Big Springs Charter School,6,58
sch_76d0747c18397d14,Harvest Christian (Lantana),6,56
sch_86d2332e7f7d22e9,Baird,6,55
sch_bd80fb21c3e7528a,IDEA San Benito,6,50
sch_cee7dda085d51d65,Azle Christian School,6,42
sch_33a6ea77152adafc,Idea Harvey Najim College Prep,6,41
sch_674d65dd411e19f3,MERCY CULTURE PREPARATOUY,6,40
sch_e388d1612aceda52,Denton Calvary Academy,6,39
sch_66e492578c00c057,IDEA Eastside HS,6,37
sch_48dae971169d9601,Mullin,6,37
sch_f3b386de8ae7c7b7,Yellowstone College Prep,6,36
sch_4f7f4df93255f22b,San Antonio Preparatory School,6,35
sch_6b7befbc6fff7ffa,May,6,34
sch_e885fdeaeed8e117,Selma River City Believers Academy,6,32
sch_78477af7ad50f798,Big Bend Terlingua,6,30
sch_7a551a4643b695c6,Loop,6,28
sch_a51da7cd56142332,Marathon,6,28
sch_188b4903b313702f,Keystone School,6,24
sch_4bae306fb86bd038,Annapolis Christian Academy,6,23
sch_df5ab8fabb882537,Belton New Tech High School,6,23
sch_514575030d823e69,Pro-Vision Academy,6,20
sch_0ac7d92056e5f359,West Texas Homeschool Tornadoes HS,6,18
sch_f053e65c45f17a18,Community Christian School,6,16
sch_67f7c41a6caed134,Athens Christian Preparatory Academy HS,6,15
sch_677eb6f9a0a06d7d,Faith Lutheran High School,6,12
sch_c9a850bb6f3474b6,KOR Education School,6,11
sch_88b8ee90a78c1d5d,Najim HS,6,9
sch_fd5d25c4dcabeeb1,Texas Leadership Charter Academy,6,8
sch_08db014da5e44def,North American University,6,7
sch_3fe663703d0e8b91,Sands School,5,82
sch_510656ac488b1134,NYOS Charter School,5,77
sch_95296cb067a2439e,Founders Classical (Flower Mound),5,58
sch_f0e53537f773bbdc,Chillicothe,5,57
sch_83bc4ba898655535,Walnut Springs,5,56
sch_3ee9219a69674fa1,Dodd City,5,55
sch_2163b1c8d1419f79,Bruni,5,50
sch_58ea6756fb4b0b36,East Texas Homeschool Sports HS,5,49
sch_f97bb8f1ed39137a,Immanuel Christian School,5,49
sch_bc43e9a2b26d7c43,Lazbuddie,5,48
sch_db636a0d025a4652,Cedar Park Summit Christian Academy,5,47
sch_a63668bc2c86bf66,Trinidad,5,46
sch_2de212cb4d932f22,Plainview Christian Academy,5,45
sch_6e10c15a57ce0449,Heritage Academy - Del Rio,5,44
sch_f4258e0a4ef0c416,Uplift Summit International Prep,5,43
sch_f274660daffa9340,Houston Yes Prep Southside,5,42
sch_32f6fcb64dfdff8d,Buckholts,5,41
sch_f77d49a5529c430d,Irving Stonegate Christian Academy,5,38
sch_8e63896626f4ac81,San Angelo Christian Academy,5,36
sch_caf38ca524504447,Longview Trinity,5,35
sch_074113958149358d,Orange Community Christian School,5,33
sch_d834f7c7c009b8a3,Bryan Cornerstone Christian Academy,5,31
sch_5c00f96e1389d534,Dallas Lakehill Prep HS,5,31
sch_e033321a71d0631c,Lueders-Avoca,5,31
sch_329aa1b6585d091b,Seguin Lifegate Christian,5,31
sch_85632378249bc874,Groveton Centerville,5,30
sch_e971d1445bf1e932,Hill Country Eagles Homeschool HS,5,30
sch_a23b26e4fc50ab9c,St. Mary's Catholic High School of Taylor,5,30
sch_89973ab1798d036d,Dell City,5,29
sch_c523073aac4b9d81,Watershed of Godley,5,25
sch_8a8531a8497c71ad,Dallas The Westwood School,5,24
sch_378c11e8e3785199,Amherst,5,23
sch_47482835d68f596e,Trent,5,23
sch_b40563d887ab3e3c,YES Prep East End,5,23
sch_f0242d1b0bc7284d,Dallas Cambridge,5,19
sch_ad868c900eeb7721,Wilson Homeschool,5,19
sch_5a166669c85c614e,Iredell,5,18
sch_a81cca3697c8facc,Second Baptist School - Memorial,5,18
sch_dfe0b429aef9f177,San Antonio Town East Christian,5,16
sch_4676dc7b25472c00,Avinger,5,15
sch_7b5cf73f33b7aca3,IDEA Weslaco Sugar Cane HS,5,14
sch_cf36b3543c900e7a,Wheeler Kelton,5,14
sch_12d78e48b08f6d8e,Pegasus,5,13
sch_420a48677be471e3,Valle Verde Early College High School,5,13
sch_d98b860b0527382c,Humble Christian,5,10
sch_4b76b5c4f6b2709d,Mission Juan Diego,5,10
sch_5c9f67dbfc3c51ba,KIPP Austin Brave,5,9
sch_becfec42ffffccd0,Balmorhe,5,7
sch_fd58b9e381ad39fc,San Antonio Home School Spartans,4,89
sch_14d90e4ece8a25cc,St. Paul's Arlington,4,83
sch_2444fe6a14131eb7,Greenville Christian School,4,61
sch_cea846d3c6d28e0d,Mumford,4,59
sch_ea2c0b75912f72d1,San Antonio Legacy Christian Academy,4,58
sch_263957561cda6208,Three Way,4,56
sch_2fc6c963c3fe4e8e,Paint Creek,4,49
sch_d1abbde8e3260ed7,Welch Dawson,4,49
sch_3a99cbdcb6682816,Cotton Center,4,47
sch_56f47ac4d61dc392,Jubilee San Antonio,4,47
sch_a94de9df263db045,CenTex Chargers Home,4,42
sch_d87b9e727838061d,Olfen,4,42
sch_9f2295bbf2888de6,Amarillo Holy Cross Cathedral,4,41
sch_1b73014a74351b42,Boerne Area Christian Homeschool HS,4,41
sch_c898fc8a0bfc68c6,IDEA South Flores,4,40
sch_4d6319c29eae1e38,Trivium Academy,4,39
sch_e8b07fc0bd8a9ad7,IDEA Burke HS,4,38
sch_226ed9552b21f05b,Regents Academy,4,38
sch_62022f7f7fe39cbb,San Angelo Homeschool Sports,4,38
sch_5f23ea7beb4bb2be,NYOS HS,4,35
sch_3dbb634b47e553e0,St. Isidore Academy HS,4,34
sch_e604bd6ab0a31a45,Yantis,4,34
sch_728020eaf87f643e,Fanntastic Sports,4,33
sch_789bf6aa8732e347,Savoy,4,30
sch_b1a01e1cdc3e22f6,Anton,4,29
sch_f5c2f2ccf7adc80c,Providence Preparatory School,4,29
sch_54e9bca985a49952,Slocum,4,27
sch_9f6f698faa6dc6ef,Milano,4,26
sch_0fd7b3d919270347,School of Science and Technology - CC,4,24
sch_be87951374e5c271,Calvary Episcopal,4,22
sch_76dec72f65049845,Founders Classical (Schertz) HS,4,22
sch_b7fab26cfd1cf1fe,Gary,4,21
sch_55e8c3d45574819b,Yes Prep Hobby,4,20
sch_2c4001263de014e6,St Joseph (Bryan),4,17
sch_ca032cfd151fe69f,Bob Hope School,4,15
sch_8f21b42b4bb0e7e1,IDEA Edgemere,4,14
sch_559436cea70258c6,Laneville,4,14
sch_a9a9b1da1061d669,DaVinci Academy for Science and the Arts,4,10
sch_755348656bc3b5ad,Duchesne Academy of the Sacred Heart,4,10
sch_2544bceb9921c69a,Katy Faith West Academy,4,10
sch_b022e224c03900ec,Poetry Community Christian,4,9
sch_b35aa2068a7cd8a8,PCHEA High School,4,7
sch_46ab496076db5c19,Levelland HS-Unified,4,6
sch_e937d050424f5dd0,Panhandle Christian Home Educators Association,4,6
sch_039576321ec524eb,La Grange ISD,4,4
sch_9ca3ce087e6c11d5,Heritage Christian Academy,3,114
sch_a8a2804bff4d873e,Dallardsville Big Sandy,3,97
sch_74b09a893281d0b2,Great Hearts - Live Oak,3,82
sch_96acae4a442eb2ac,Lakeland Christian Academy,3,74
sch_d84841c32075ca4f,Campbell,3,63
sch_d1407a8218cb6708,IDEA Achieve,3,56
sch_683a69074b7b227f,Mercy Preparatory Academy High School,3,50
sch_146d40414ddb1509,Classical School of Dallas,3,44
sch_a05595257012db87,Sierra Blanca,3,36
sch_4d7196319c584c33,Christian Home Educators,3,33
sch_6a945194a137ef62,Houston Harmony Ingenuity,3,30
sch_fb727023023f79ce,Beta Academy,3,27
sch_767f8f81d2b5984e,School Of Science and Technology College Prep. HS,3,26
sch_f62d289a469ae48f,Dallas Fairhill,3,25
sch_c5d634270dc44122,Hedley,3,25
sch_44eac31f45887cba,Second Baptist School UM - Cypress HS,3,25
sch_5d23719bdb409f4b,Laredo Harmony School of Excellence,3,22
sch_b9d08342b2cf9dae,Radford,3,22
sch_90c615f73350d29c,Jubilee Lakeview Academy,3,21
sch_024d5b6e6290e3b1,Beaumont Veritas Classical,3,20
sch_46e384f0a2930e5c,Darrouzett,3,20
sch_ae0d319324b5ead8,Sunnybrook Christian Academy,3,20
sch_c40ffd2e340a42ad,Transformative Leadership Academy,3,20
sch_222f73d9bc1489fe,Harmony Science (San Antonio),3,18
sch_8bd0fde237c05c07,Waco Harmony Science Academy,3,18
sch_71e1aa51c50cfb8e,YES Prep Northside,3,17
sch_80bf223d5bba550b,High Island,3,16
sch_b780e8b7e51aa67a,Pioneer Technology & Arts Academy -North Dallas,3,16
sch_5ed1de153fc76061,Valentine,3,16
sch_0ac6a293e1dce4a5,Bynum,3,14
sch_a04ba3aaf6f6bc46,Pawnee High School,3,14
sch_68f54231c7976629,South SA West,3,14
sch_fb33fd16f2d903d8,Christian Heritage (Tyler),3,13
sch_13bccb513ab8294f,YES Prep Brays Oaks,3,13
sch_2b2fd27d70e915d0,Boerne Geneva,3,11
sch_ce991cd00f9e6bdc,Headwaters School,3,8
sch_7fbb925d90252b65,El Paso Leadership Academy,3,6
sch_023760912c186703,Elkhart Slocum,3,6
sch_62b4a656c78e88e5,Grace Christian Academy ( Houston),3,6
sch_195d687600f4e743,Thomas Buzbee Vocational High School,3,5
sch_8bf4f08ea5d08cfe,Burkburnett HS-Unified,3,4
sch_ad90d25d5a3ea080,Fort Worth Castleberry,3,4
sch_567af61d8b21c4ee,Harmony Science Academy Euless,3,4
sch_9f6f1bdbbfcafa0a,Lone Star High School North,3,4
sch_24dac96c9581b96b,Tomball Kings HS,3,3
sch_6bd27ae53c67db51,Southard,2,176
sch_cab4fb148c9f424c,Founders Classical Academy of Prosper HS,2,71
sch_36064abeb6847038,Dallas Academy,2,48
sch_4a48186c0fd85ee4,Covenant Christian Academy - McAllen,2,45
sch_2efaeccf2d7f86fa,Salt and Light Homes,2,44
sch_db9181fb002a0ba9,Uplift Elevate,2,42
sch_468480a1694d3279,Hill School of Fort Worth,2,36
sch_e57728ab0862d301,Berean Christian Academy,2,33
sch_d430128621a6de19,St. Agnes Academy,2,33
sch_e977fc90f2996df1,Grace Covenant Academy,2,30
sch_3fa45901b83e9c10,The Post Oak School,2,30
sch_5c3ca94458edd029,Greenville Homeschool Athletics,2,28
sch_8babb4ab8a66f236,Young Women's Leadership Academy,2,28
sch_570d0175a9d5cb23,IDEA Parmer Park,2,26
sch_c687711a0c46bd47,IDEA Rio Vista,2,26
sch_d20da400b881f248,Homeschool Organization of South Texas,2,24
sch_93b69088e59dbe71,Yes Prep White Oak,2,23
sch_e6c2a3839868e374,All Nations Community School,2,22
sch_9434469d3babf154,Conroe Calvary Baptist,2,20
sch_044b83892ab92e13,Matagorda ISD,2,20
sch_364c412760a3292e,Limestone Christian Academy,2,19
sch_d839a51b40ca2e09,Harmony School of Innovation (Dallas),2,18
sch_5cf3eacf0a5a29c0,Universal Academy,2,18
sch_1515e9e504b63a41,Arlington - TLCA,2,17
sch_bff9ef9d68958da9,Waxahachie Prep,2,17
sch_2762e27cf6cad3af,Price Carlisle,2,16
sch_a4127569957b5c71,Christian Life Center Academy,2,15
sch_2f66c508ee805a20,Grace Lutheran High School,2,15
sch_b1604707e1aa7538,Pringle-Morse,2,15
sch_0b946c225c1e5e26,Harmony Science Academy (Dallas),2,14
sch_3279366eb6dd103e,Runnels Christian Academy,2,14
sch_33fe8aa8f81e6f49,The Highlands School,2,13
sch_04af2427bd544e08,Harmony Advancement,2,11
sch_48a260dbc435a363,Grayson Christian,2,10
sch_0149f04e611c5a27,Dallas United TF,2,9
sch_eef5c0a2974992fa,Leon Valley Christian Academy,2,9
sch_8b0394c2b1ce7fec,Concho Valley Pole Vault,2,8
sch_8f2c1ef750534263,Dirty Souf Blaze,2,8
sch_a0eefbfb0c2ee42d,Liberty Christian Academy,2,8
sch_806a1103fffb4fbe,Kipp East End High school,2,7
sch_60c6c4f29d6a7526,Still Creek Christian School,2,7
sch_8c064524508facdc,Ambleside School of Fredericksburg,2,6
sch_7369059d1c630fc5,Calvin Nelms Charter,2,5
sch_4a4c58caee630655,O'Connell College Preparatory School,2,5
sch_9d8e23cb09bbc8e6,Alliance Christian High School,2,4
sch_00cf07f032866376,Cathedral High School,2,3
sch_9970558e1ad07483,Presbyterian Pan American High School,2,3
sch_c1a8c4111a10e8a3,Brazosport HS-Unified,2,2
sch_1c2132c450bad2cc,Horizon High School,2,2
sch_fa0b2b83fcf64b94,Houston Lutheran North,2,2
sch_4c5f2846d72434f0,Kingwood Covenant Preparatory,2,2
sch_aac8a7f7ea087916,Run Tyler Homeschool HS,2,2
sch_0285eaef64bd0d81,Wortham,1,65
sch_6ff7597b33d16703,Austin Rising Runners,1,51
sch_4a1b1775770c81bc,Harmony School of Endeavor - Austin,1,37
sch_479bdb3273c939ea,Providence Academy,1,37
sch_89ee3d9b62f445c4,Dallas International,1,36
sch_3b75b9efc20a8a8f,IDEA Owassa College Prep,1,36
sch_19e9e39138e97017,Houston Family Christian Academy,1,34
sch_300fcc004ca99234,The Clariden,1,25
sch_493a94e18d3c6c65,Founders Classical (Leander),1,23
sch_0812103999558fee,Alpine Christian School,1,19
sch_c0687a6545330d55,Bloomburg,1,19
sch_23830bc4d4e41b29,Light Christian Academy High School,1,18
sch_1b37dbf28e02061f,New Braunfels Grace Preparatory Academy,1,15
sch_389750b63a812ff1,Lakewood Presbyterian,1,14
sch_38428c39d2c01acb,Banff,1,13
sch_c201aa6635ca5484,Fort Worth Christian Life Prep,1,13
sch_d443ebf2c5aa2f9c,Hill,1,13
sch_9f14a2da2ab134c2,Joshua Christian Academy,1,12
sch_053652b46d3cdd9c,Salem Sayers Baptist Academy,1,11
sch_8f32d6127b1223c4,Silver Bullets,1,11
sch_7d2e7ba314cb7122,Uvalde Classical Academy,1,11
sch_66701c0508c92c9d,Southwest Preparatory School - Northwest Campus,1,10
sch_15520e07642716d8,San Angelo HomeSchool Sports Association- HS,1,9
sch_6c30438e05f79f47,St. Catherine's Montessori,1,9
sch_e3817b93725a7bea,Tyler Classical Academy,1,9
sch_8fe8d440f75ec8b9,W.A.M. Homeschool Athletics,1,9
sch_1502cd0200633fce,Heritage Christian Athletics Homeschool,1,8
sch_b0869df3add969fd,The Connection School of Houston,1,8
sch_037b8c058d15536e,Dallas Coram Deo Academy,1,7
sch_d983b54fc7277515,Tri city Tigers,1,6
sch_b42d48bc48f597a7,Victoria Cobra Athletics High School,1,6
sch_a901a860d0782a71,Home School,1,5
sch_d3ff46986aa50cf7,South Texas Heat - Christian,1,5
sch_9cb0035a329c74c7,AESA Prep Academy,1,4
sch_bbeccab39aa15e95,NTX HS,1,4
sch_1cbeaf9248ea5036,Great Hearts-Downtown Campus,1,3
sch_8ffece649a83ab57,ILTX - Lancaster/DeSoto,1,3
sch_8c6125b19481e8d4,Rio Frio Athletics,1,3
sch_c0f00d61a3ea055e,Victory Preparatory Academy HS,1,3
sch_aa6802bb081dcfb2,Eula Unified,1,2
sch_36554ff08926f919,Fort Stockton HS-Unified,1,2
sch_47fba5c57612282b,Hanna ECHS-Unified,1,2
sch_c5c22f69821d9c86,Idea Toros College Preparatory,1,2
sch_1c4f1541502f8026,Lutheran North Academy,1,2
sch_c1378b1aae388141,Southwest CAST High School,1,2
sch_8734911bfe37c055,Trinity Classical School,1,2
sch_4ae19dd85156117b,Waterloo School of Austin HS,1,2
sch_0db3f2d553b64e51,IDEA Brackenridge HS,1,1
sch_e3daac57b077031c,Jackalopes,1,1
sch_fdd1c3e9f106d754,Kermit HS-Unified,1,1
sch_84639ae6c980fa79,Living Stones Christian,1,1
sch_4dc6d718f9802f77,Lonestar High School - Giddings State School,1,1
sch_5a802c5ad3d24ef2,Martin Homeschool,1,1
sch_e6d104682628315f,Rock Hill HS-Unified,1,1
sch_ca51dcfdfa65e828,San Angelo Central HS-Unified,1,1
sch_afb4d61bb2403aec,Southeast Texas Oilers TC,1,1
sch_c113722249b864dd,Vista Ridge High School,1,1
sch_a93eab9b8d2dbd9e,Washington (Conroe),1,1
sch_758e4cfdd9d704ac,Wunderlich,0,257
sch_6e6f85ed1b0498b6,Kitty Hawk MS-Converse Judson---Middle school,0,243
sch_ee8a12a83b87c90d,Magnolia Parkway Junior High,0,236
sch_caad4e027d05e76a,Pine Valley,0,220
sch_bf3170cf65d2d888,Frenship Memorial,0,197
sch_fcd6a5f72493ac79,Waxahachie Howard,0,192
sch_beda23c8a90fecb5,Legacy Ranch High School,0,189
sch_06f6df18f9c1dbcf,Metzger MS-Converse Judson---Middle school,0,179
sch_d7a765e29e7fcc8c,Woodlake MS-Converse Judson---Middle school,0,178
sch_b4a8b2acbe045a97,Great Hearts - Invictus,0,162
sch_fdbe2dda2778f502,St. Elizabeth Ann Seton Catholic,0,159
sch_0fa49e6d10d620b7,Schertz Ray D Corbett,0,158
sch_daff37d7bf6af540,Great Hearts Lakeside,0,126
sch_353be88e1997a936,Irving North Hills,0,119
sch_53ae34c32eb9552f,Richardson West Junior High School,0,115
sch_8cdb65d8c5647e2c,Valor Waco,0,103
sch_f604f01500f2a510,Brownsville Raul Yzaguirre,0,102
sch_509d04140736150c,Bowie Middle School,0,99
sch_b42fcb57c7c0df21,Legacy,0,96
sch_d71d1a1ed0fafaf4,Thomas C. Marsh,0,89
sch_0ca561d614f8c1f5,Southmore Intermediate School,0,87
sch_e1b80cb0bd67dafc,Trinity Christian Lubbock HS,0,85
sch_362e628aea9148f6,St. Pius X Catholic School - San Antonio,0,76
sch_3756b7b4a3531406,W. H. Atwell,0,75
sch_60bfd154e97421b4,Austin Waldorf,0,74
sch_6e1c763ad6501320,Bondy Intermediate School,0,72
sch_de0e87566a234b04,International Leadership of Texas - Windmill Lakes,0,70
sch_6c8391e5934e9ba2,Paratus Classical Academy,0,66
sch_08d616746f851a9b,Holy Cross Christian Academy HS/MS,0,59
sch_2f44f3e66a271b62,Thompson HS,0,56
sch_7e8ae72a3dd9eb9f,Sellers MS,0,55
sch_47f5a005494f986f,St. Rose of Lima,0,55
sch_3ca16e8ef663b175,The Classical School of New Braunfels - HS,0,49
sch_7e2ffc6ba4c9acc6,George Gervin Academy,0,47
sch_f48f5fc67f2f35bf,Creek View,0,45
sch_f67af9bcb70fb464,Young Women's STEAM,0,44
sch_726aff6cb16353da,Crestmont Christian Prep,0,41
sch_d5401b27a3e80ac0,Morgan Mill ISD,0,40
sch_524ade3fde405cf4,Valor Leander (HS),0,40
sch_0bfc9da997999832,South Texas ISD Preparatory Academy,0,38
sch_309f4e8ae5b51f6e,San Angelo ISD,0,36
sch_7594d24b4f14f13a,ILTX Pearland MS,0,35
sch_09e706b5d011d8d3,Harmony School of Excellence (Katy),0,33
sch_9ce208473c3fa7c9,Long Academy,0,30
sch_939a17a5b401ac82,Texas Surge Junior High,0,30
sch_f6d0db7584068d05,Holy Cross Catholic,0,28
sch_33432568193ee0cd,Cypress Covenant Academy Classical Christian,0,25
sch_e84fcd7e3f7a82d5,Bulverde Living Rock Academy,0,24
sch_950a2414c1fd6063,Longview St Mary's Catholic,0,24
sch_560153d10ee398e7,EKHLA,0,23
sch_132ea1e3a8ce6434,Houston Forest Brook,0,23
sch_cfed51c992e9ad96,KIPP Liberation College Prep,0,23
sch_8a94d68f49f805de,Sterling Classical,0,23
sch_e02d0fd61ef52f6a,IDEA Lake Houston College Prep,0,22
sch_d0d494c1d4e68551,International School of Texas,0,22
sch_873719031aa88266,Southwest Christian HS,0,22
sch_2ed95bfe5cf5d80f,St. John Paul II Academy,0,22
sch_510f0c8b7761075a,River City Christian,0,21
sch_5bff4732baf883c7,St. John Bosco,0,21
sch_e061d7fc47aa08e4,Dallas Winston,0,20
sch_f68f8e0d1a736cd0,Houston ISD,0,20
sch_4fa6312d5a01104a,Thompson (Progreso),0,20
sch_1e2b6feb95641dd0,Tomball West,0,20
sch_17d69e66b3b579f6,Brown County Christian School,0,18
sch_3147169a86e86f77,Mansfield Newman International Academy High School,0,16
sch_2e0fd386ff1c604a,Rocksprings ISD HS,0,16
sch_242b29d599e89e0a,Park Meadows Academy,0,15
sch_10f8b55087f48d7b,Westminster,0,15
sch_312ccea424896b3d,Dallas Gateway,0,14
sch_3d20d61a877ba381,Calvary Chapel Christian Academy,0,13
sch_2a1867e10d416cfc,Gateway Christian,0,13
sch_83212050f49855c9,Great Hearts Prairie View Hawks HS,0,12
sch_1ab749788033d0a9,Da Vinci San Antonio,0,11
sch_9eedd76cc4eb9c08,Hill Country College Preparatory High School,0,11
sch_b0744eb2f0335dc2,Pathway Academy HS,0,11
sch_8463518242fa1cb5,Phoenix Rising,0,11
sch_effa384cd160501d,Unattached - ETC,0,11
sch_9549d01ee4a30431,Arete Hall High School,0,10
sch_61e55d42b0c61bee,Dean Middle School,0,10
sch_b80ce5ce6ce7b979,Faustina Academy,0,10
sch_d2ce792c38a1ce5b,Henderson Full Armor Christian,0,10
sch_babba2e0a6abc531,Run Baby Run,0,10
sch_6511799e2ad6a28e,Coram Deo Academy (Dallas),0,9
sch_5facd8eae6b059b2,BASIS San Antonio - Jack Lewis Jr. Campus,0,8
sch_140ee903180cc6b1,The Rock Christian Academy,0,8
sch_ad9a6bebaed18b14,CCYA Crusaders,0,7
sch_b5736c2b33df281a,DasCHE HS Spartans,0,7
sch_f11e95e4799040c9,HCH HS,0,7
sch_eab308eed37a7a39,Kerrville Our Lady of the Hills,0,7
sch_84ccbc7828583dc2,Richardson Canyon Creek Christian Academy(Permanently Closed),0,7
sch_67a320bdfa5eff9a,AAL Cubs Belfort,0,6
sch_b891fd5df72fd81b,YES Prep Gulfton,0,6
sch_ae213b57a1e9ca64,St Cyperian's Episcopal,0,5
sch_1e342891e48e23a3,Magellan International High School,0,4
sch_3138843dda7260d2,The Saint Constantine High School of Dallas,0,4
sch_263034a80f2b42da,Harvest Christian,0,3
sch_9fbb1d1f259ad176,Hector Garcia,0,3
sch_9294efbaa136599c,HPS Harmony School of Discovery,0,3
sch_056de4d7525f8490,John Cooper High School,0,3
sch_7127a9c84d30322e,Lighthouse Christian Academy​ HS,0,3
sch_674c67a4fc7f3f59,San Vicente,0,3
sch_642be4b78419ae4f,Texas Independent Homeschool HS,0,3
sch_7eed522363097ba9,Texas Supernova,0,3
sch_91a584abc5531625,BASIS ED HS,0,2
sch_14e9fe7730f87e15,Cool Runnings Homeschool,0,2
sch_62046cca5488e3ad,First Odessa Christian Academy,0,2
sch_4d29e8cc4c7772b9,Garland Sam Houston MS,0,2
sch_b3f71a1d34d89888,Harmony Excellence (Austin),0,2
sch_e718a47d68d7d8d9,Kirby Hall (Austin),0,2
sch_75e0cba44d05094b,Renaissance Academy Home School,0,2
sch_a6cbd8d1952d01a3,Shiloh Christian Academy (HS),0,2
sch_1d6211a643f5bd29,UP Home Team,0,2
sch_65aee10598ff921d,Anne Frank Inspire Academy,0,1
sch_6ddcb34a6154ca67,Austin Homeschool,0,1
sch_32ef9da920fcec02,Boots Family Homeschool,0,1
sch_086400bb70e73b35,Cleburne Christian Academy HS,0,1
sch_82d73547b84729ba,Coleman Academy,0,1
sch_c7de5e3e2c40addf,East Texas Charter,0,1
sch_d9bdf5a265eeca75,Emery/Weiner,0,1
sch_5210bc02bfb23317,Fallbrook College Prep,0,1
sch_ebd7e3977d494f5e,Fort Bend ISD,0,1
sch_fb42c623d514a0b9,Frenship HS-Unified,0,1
sch_35d29e2ea1699b23,Grace Classical Christian Academy,0,1
sch_45440acadf959f30,Harmony Science Academy - Carrollton,0,1
sch_938b7922b5a97604,Houston Southwest Christian Academy,0,1
sch_1910a98731ae5568,Jubilee Wells Branch,0,1
sch_b33d1dc42965f192,Lake Belton HS-Unified,0,1
sch_fb47c08c43f070bf,Midessa High School,0,1
sch_4bdd1876de38f03f,PA Austin,0,1
sch_c6062fbfb8e88e04,Porter ECHS-Unified,0,1
sch_9bfc90b7cf18f41e,Rivera ECHS-Unified,0,1
sch_6c78141eaece2193,The Saint Timothy School HS,0,1
sch_9439a9764a7b0546,TRACE HS,0,1
sch_066d785ac61c1376,Waxahachie Global,0,1
sch_4f3980be07278d84,Abilene ISD,0,0
sch_c97608ab5b5447c9,Agape Christian Academy,0,0
sch_44c47e1b7314ff39,Aldine Nimitz HS-Unified,0,0
sch_6c3d796520e1871d,Alford,0,0
sch_66f1e78c3c3ae355,Alice HS-Unified,0,0
sch_8e733afb33e20552,Alief Early College High School,0,0
sch_30b46480a0dca5b3,Amarillo Arbor Christian Academy,0,0
sch_b77fcb69cd174985,Amarillo Heritage Classical,0,0
sch_0e69f2eb2ae4780f,Archdiocese Interscholastic Athletic League HS,0,0
sch_bbcb2ec1c611c910,Artemisia Bowden Academy,0,0
sch_18efd25b41efd709,Athlos Leadership Academy,0,0
sch_27473e4522576a68,Austin Area Steam Boat Home School,0,0
sch_7452105c68d70409,Austin Christian Athletic Association,0,0
sch_cbb9dceae7b0a024,Austin ISD,0,0
sch_6b35a08091fbe9c9,Austin Reagan,0,0
sch_779db402e903a537,Balch Springs Christian Academy,0,0
sch_047299eee4d6feae,Bastrop Tribe Consolidated,0,0
sch_c9ff7901b77f8cab,Beaumont Central,0,0
sch_b161d04b39411f58,Beaumont Ozen,0,0
sch_4478fb6ac0518894,Belton HS-Unified,0,0
sch_b18468b21be22a96,Berne Academy,0,0
sch_e7b16ac05ee00dc4,Big Spring Homeschool Athletics,0,0
sch_e91f117418932758,Bishop Gorman HS,0,0
sch_dd7cb32f4b31b9ee,Brazos High School,0,0
sch_365bf93c6bad8859,Brazoswood HS-Unified,0,0
sch_e58d0b62ef1c1cb0,Brenham Christian Academy,0,0
sch_a66f81d14de52354,Brenham HS-Unified,0,0
sch_072950e3541de70e,Bright Star Christian School,0,0
sch_98d5440b25fc8e16,Brownsville First Baptist,0,0
sch_0731a07020976515,Brownsville Livingway,0,0
sch_25ec9def15ca36c1,Brownwood Victory Life Academy,0,0
sch_99c33a39d89ac82b,Bryan Collegiate,0,0
sch_69be6a21a0aa66ef,Burleson HS-Unified,0,0
sch_2a92b99c5257d2fa,Bush,0,0
sch_212508439efba30e,Byers,0,0
sch_d24c0f503ba2874d,C.O.R.E. Academy,0,0
sch_fe91071d2daa47ad,Caprock Wrestling,0,0
sch_95f9ddc9d57fea23,Carrollton American Heritage,0,0
sch_c3a739f0ee1c593f,Carrollton Christian Academy,0,0
sch_ec4e17ed6b966720,Carthage Northside Christ,0,0
sch_70795c63d80bcfa9,CAST STEM High School,0,0
sch_2c9478a1759e2c4e,Ceasar Chavez,0,0
sch_6f793df8cd9f3e5a,Cedar Park Charter Academy,0,0
sch_fbd66e2c5176d58d,Celina HS-Unified,0,0
sch_ac02163d63bfc485,CHANT Chargers,0,0
sch_029365cd07dd7974,Christian Academy of San Antonio,0,0
sch_d86c4235b765929b,Christway Academy,0,0
sch_2dd9710cec07bb91,City View HS-Unified,0,0
sch_5197b68895df423b,Claredon,0,0
sch_4b7f7a30c706fb31,Clear Creek ISD,0,0
sch_1cdfb39840b60d4c,Commerce Lions,0,0
sch_221e775146d5ac9a,Compass Rose Legacy Secondary School,0,0
sch_81b438589d87f85a,Conroe Excel Academy,0,0
sch_98e2e9a3f8f7e9b9,Conroe Washington,0,0
sch_b3015e185e24b5d1,Corpus Christi Collegiate,0,0
sch_365570cfc5eb0aba,Corpus Christi ISD,0,0
sch_2a4b48abfa7c20ca,Coupland Secondary,0,0
sch_38d6a6fdfd2cb0e3,Cove Charter Academy,0,0
sch_dd4963cfbc8c298d,Covenant Academy,0,0
sch_123e23e26c0cc559,Crenshaw,0,0
sch_9014454fb4d91035,Cross Lutheran School,0,0
sch_50409f47975421db,Dallas Smith,0,0
sch_f7842c29d4c6e07b,Dallas Triple A Academy,0,0
sch_93124ebfe0bf9026,Dallas Tyler Street Christian,0,0
sch_d06d26e37d3bddbf,Damon High School,0,0
sch_145ece8e6c839682,David L. Carrasco Job Corps Center,0,0
sch_71310c64da55580e,Dawson ISD,0,0
sch_6410a7c93289ef82,Desoto East,0,0
sch_d79be3ac8f0f2d88,DeSoto The Canterbury Episcopal School,0,0
sch_7f1c5b1a1abfa2fe,Dickinson Pine Drive Christian,0,0
sch_d2f50446a1df5ae1,Dream Team TC,0,0
sch_a6a08e258ae59442,Eagle Christian Academy,0,0
sch_b5c801edcf908d61,East Austin College Prep HS,0,0
sch_55eeb0c0f3eeaa63,East Early College HS,0,0
sch_3ecbbb0279a8b0e8,East Side Memorial High School,0,0
sch_ca7aea5a9fc62858,Ector County ISD,0,0
sch_31f31c06bfd67ff7,Eisenhower HS-Unified,0,0
sch_f00c1b5f1ac25d43,El Paso Classical Academy,0,0
sch_677467c000ccc7ff,El Paso Faith Christian,0,0
sch_320d5bc4b673859a,El Paso Mountain View,0,0
sch_57c2995f765478ca,Embassy Academy,0,0
sch_c24ee8c58afc6e15,Empower Academy,0,0
sch_50e2bcbd36f2ff4a,Faith Christian Academy - Georgetown,0,0
sch_ed6b45fa18025104,Fischer Canyon Lake,0,0
sch_3aabab822a532add,Fort Worth Calvary Christian,0,0
sch_8548bf4fb5ce387f,Fort Worth Prime Prep Academy,0,0
sch_82467998d8230bd2,Fort Worth Trinity Baptist Temple Academy,0,0
sch_e4ef4530ca15fbe7,Fort Worth YMLA,0,0
sch_b78f90df883a6cb1,Foundation Prep,0,0
sch_6d8bf5355854a05e,Founders Classical (Lewisville) HS,0,0
sch_dcbabb5e776cba16,Frisco ISD,0,0
sch_94c19e2f3c1c7688,FW Sam Houston,0,0
sch_08571d5a50979311,Galveston O'Connell,0,0
sch_dc7973966d212c13,Garland Alpha Charter,0,0
sch_2b84126524c65444,Garland ISD,0,0
sch_0e0af0cce76b2f7f,Gaston School,0,0
sch_ec9eba10dd24f0eb,Girls and Boys Prep Houston,0,0
sch_e951149706d1d7a3,Gold-Burg,0,0
sch_16d64bd80f205623,Granbury Happy Hill Farm,0,0
sch_47b762805f0a4eb1,Granbury North Central Texas Academy,0,0
sch_543a5750b0cb9fab,Grand Prairie Shady Grove,0,0
sch_c26e7af001f051f2,Gunn,0,0
sch_87b1e559c33fb646,Harlingen CISD,0,0
sch_694f4c09966ac490,Harmony Innovation (Dallas) HS,0,0
sch_d62e676ee353d370,Hendrick,0,0
sch_b5af417cd9fb39fe,Heritage Champions Academy,0,0
sch_25afd595a773f8f6,Higgins,0,0
sch_6b3d4086021745f4,High Point Preparatory Academy,0,0
sch_e13f3af3ebc8b069,High School For Performing Arts,0,0
sch_bf5b8093c2ebaca8,Highlands Latin Cottage,0,0
sch_2bcc34243f4eae83,Hill Country Challengers Athletics HS,0,0
sch_ea60634e549be45a,Houston Clear Lake Christian,0,0
sch_1f7b0cf0b71179cf,Houston Gateway Academy,0,0
sch_0f095ee2b0f4c556,Houston Jones,0,0
sch_be299c5d8a8ea580,Houston Mt Carmel,0,0
sch_d88ea466e0f66652,Houston Smiley,0,0
sch_d9efdd716e245a05,Hurdle Mechanic,0,0
sch_86aaf256f24dca54,Hyde Park,0,0
sch_b19e85ec30a5408e,IANT Quranic Academy (IQA) HS,0,0
sch_b74fc40f37cdd3a0,Idea Travis,0,0
sch_32768db48e37051e,IDEA Walzem,0,0
sch_e1dd5a10bc652ca6,IDEA Yukon HS,0,0
sch_7957b3eff18895d6,Immigrant Shelter,0,0
sch_6f900084892dedb1,Islamic School of Irving,0,0
sch_e83f4379598dfdcc,JDA,0,0
sch_f57231cd4be67b7d,Jean Massieu Academy,0,0
sch_9fce22ad285bfd76,Jeff Tester,0,0
sch_50a2bfefdc27450d,Jeffrey's Test Team,0,0
sch_bdc38ae393797626,Jubilee Academy Westwood,0,0
sch_42f6f6d39b4fff70,Jubilee Harlingen HS,0,0
sch_11943fff504d92f7,Katy Nelms,0,0
sch_80c54672f6a5790c,Keystone Christian School (HS),0,0
sch_607499861b7cff5e,Khabele,0,0
sch_090a4ad14f91ab98,Killeen ISD,0,0
sch_49a8bf5778bf1ec6,Kindred Speed ATX,0,0
sch_44ee5c13d2bd6387,Kingsville Presbyterian,0,0
sch_c81d5e99df5781bf,Kingwood Northeast Academy,0,0
sch_77fe85ac2cd60e69,KIPP Spirit College Prep,0,0
sch_219be2b45e415f31,Klein ISD,0,0
sch_7f48879f3150c014,KMT Academy,0,0
sch_2d58b5baaca266a8,Lake Jackson Brazosport,0,0
sch_5a61f972bd04ebd1,Lamar CISD,0,0
sch_a0ad6752ed90bd23,Latter Rain Christian,0,0
sch_c636dd8759827687,Laureate Secondary Preparatory,0,0
sch_5ea0484ae23fccfb,League City Bay Area,0,0
sch_27b2187c1e8eb999,Leander Texas Home School,0,0
sch_c220bfc89ee9049f,Lee Academy Charter,0,0
sch_e68455fe55a76e16,Legacy Classical Christian Academy,0,0
sch_2c5d49bef9a1e51d,Legacy Prep Christian (The Woodlands),0,0
sch_ac410e27822ed1cd,Lighthouse Baptist Academy,0,0
sch_f7a4403c5a211313,Lincoln Blue,0,0
sch_353ef55721fad28a,Lincoln Gold,0,0
sch_0cb4085aa131b38b,Live Oak Academy,0,0
sch_3291aeb5e97d606c,Living Waters Christian,0,0
sch_d9d37ba5bbdc2a9b,Llano Christian Academy,0,0
sch_465aeebc123cddf4,Longview Chadwick-ETC,0,0
sch_d071cd4234346280,Longview East Texas Christian,0,0
sch_64d551f879634420,LPI,0,0
sch_48ffd34ce889c582,Lubbock Dunbar (Closed 1993),0,0
sch_846f93d0b142f3d1,Lubbock Southwest Christian,0,0
sch_e231eb4f549e8e25,Lubbock Wilson,0,0
sch_3302a759f893ef99,Luther Burbank HS,0,0
sch_68865677db1c5da6,MacArthur HS-Unified,0,0
sch_3df43913d6ff2f68,Malone,0,0
sch_db82646d9942a333,McCullough HS,0,0
sch_5ec11cc25c1b8f5c,McLeod,0,0
sch_5d030d9094a1c02a,Medina Valley Creek View,0,0
sch_fbdffc721267cc1a,Memorial Lutheran School - Houston,0,0
sch_f9529ec7dea7d31d,Menard Yellow,0,0
sch_fb3ef11ad043aec4,Mesquite ISD,0,0
sch_b9288e9656406059,Midway HS-Unified,0,0
sch_4bd0e7bdeaa147e0,Milton B. Lee Academy of Science and Engineering,0,0
sch_5c3d06261c148d87,Monahans HS-Unified,0,0
sch_066b49cf06f06cec,Monsignor Kelly Catholic High School,0,0
sch_4e8dba592f53d855,Moran,0,0
sch_df7011ef22bfc389,Morghen Vawter Unatached,0,0
sch_e2c1de36e3ff180d,Morton HS-Unified,0,0
sch_5fb120a8259045fe,Murchison,0,0
sch_5ab1bc1d31071ea2,Needville ISD,0,0
sch_a4790412eba4238c,NEISD,0,0
sch_856d535a032b0676,New Braunfels Calvary Baptist Academy,0,0
sch_b158a810635c2ba0,New Harvest Christian Academy,0,0
sch_6911e0bccc2b5001,New Heights,0,0
sch_359065e1db7e2a07,New Life Christian Academy,0,0
sch_4e06a8ee7b48eb9d,Newman International - Ft. Worth,0,0
sch_9568c69e09cb7775,NISD,0,0
sch_ec6588ac7c931476,North Catholic,0,0
sch_609b6d191856c630,North Central Texas Academy,0,0
sch_5f1fb456f0f2b6e8,North Dallas Adventist Academy,0,0
sch_5fb507676a0e419f,Northeast Christian Academy,0,0
sch_38bbda12357853e6,Northside Christian Academy,0,0
sch_a5396f1e799cd84c,Northstar,0,0
sch_83621dafebc4d3f4,Novus Academy,0,0
sch_bc7a45e8cb5c9a63,Oak Ridge North Sojourn Academy,0,0
sch_487eef06450b2649,Oakwell Academy HS,0,0
sch_da9cbb9d2638b610,OLLU,0,0
sch_596ed0884359c11f,Oratory Athenaeum for University Preparation,0,0
sch_581cbc76211eadcd,Oscar Vasquez,0,0
sch_06261f21166ffd89,Our Lady of Good Counsel,0,0
sch_0dfaa745d292d62b,Our Lady of Refuge School,0,0
sch_f36eb19cd5c14ef5,Ovilla Christian School,0,0
sch_97ecd4f0e6ebbb81,Paris Trinity Christian Academy,0,0
sch_dfd2c2a7234434d6,Paris Warriors,0,0
sch_eea6a341062a980b,Pasadena ISD,0,0
sch_a3fbf5d0c12b0cf6,Paso Del Norte School,0,0
sch_c31e83a413a12f32,Perry,0,0
sch_3129f2cbe33d24d8,Phoenix Charter,0,0
sch_6607f48dd4e08dbc,Pioneer Technology & Arts (Rockwall Co),0,0
sch_85f40a7d02337e9a,Plainview Area Christian Educators,0,0
sch_5e1f90dda66714a5,Plano Renner,0,0
sch_f519ec3881c4e77d,Plano Rice,0,0
sch_2ccc1508d210141c,Plano Robinson,0,0
sch_30049e5ea04afdb6,PNG HS-Unified,0,0
sch_abb4c9bf2875dad2,Port Arthur Austin,0,0
sch_5dcbae4bbb95ab98,Port Arthur Jefferson,0,0
sch_8caa6fb51ec56951,Port Arthur Lincoln,0,0
sch_87575b753261cac7,Premier Academy,0,0
sch_70111c8b279f3fa9,PSJA ISD,0,0
sch_cfbafc0cf25a409c,Rainbow Hills Baptist,0,0
sch_4a83857d9ef41b31,Red Oak Life,0,0
sch_7f4a8d0643f09830,Red Oak Maroon,0,0
sch_706caf83fb836c7a,Renaissance (La Marque),0,0
sch_710a7bc0ddc77288,River Bend Academy,0,0
sch_856fb3224bdd4ffe,River Road ISD,0,0
sch_44417e3edaafef3a,Romeo Prep,0,0
sch_e7e771e724190eb5,Rose of Sharon Christian Academy,0,0
sch_a5dcd22a2ed339a6,Rowlett Rockwall Christian,0,0
sch_7b17a4587af8c4b2,Roxton,0,0
sch_0fe826d7fc31146f,SA Lee Academy,0,0
sch_cb63785c281f620d,Saint Cyprians Episcopal School,0,0
sch_4f9be22ca9ea548e,San Antonio Gervin,0,0
sch_17296f915895d802,San Antonio Hawkins,0,0
sch_450913204ddf33f7,San Antonio ISD,0,0
sch_9059b8b6e1127f83,San Antonio New Life,0,0
sch_5b33dcc822638b15,San Antonio Trinity Christian,0,0
sch_1de44cee952d6acd,Santa Gertrudis ISD,0,0
sch_5e286f0f4201637a,SAUCE BABIES TC,0,0
sch_359c31b741ba78cf,Sealy HS-Unified,0,0
sch_286780bff33549fc,Sequin,0,0
sch_14e0f2ffa2aa7aef,Shiner Catholic,0,0
sch_5c01abc688339a21,Sienna Elite,0,0
sch_b68c1487fbd6a3ee,Simms Bowie,0,0
sch_9a1e72304e6dac1e,Southwest Broncos TC,0,0
sch_8ac6713cec10b648,Southwest HS-Unified,0,0
sch_87970c60c2dd7945,Southwest Preparatory School - New Directions,0,0
sch_52f5f86ab1ebaa46,St Ambrose Catholic School,0,0
sch_b30d34b58fadd5a8,St Gerard High School,0,0
sch_001f836a87494d96,St Josephs,0,0
sch_360dcd354816a98e,St Vincent's,0,0
sch_38dfa0f90622bb06,St. Anthony Cathedral Basilica,0,0
sch_cbde86c4b9effcfd,St. Peter the Apostle Boerne HS,0,0
sch_24d1961b382dfba8,Stephensville,0,0
sch_c857e383ec1a2e73,Stephenville Christian High School,0,0
sch_187bb07564ebd91a,Summit Christian,0,0
sch_5d2c4f49f1978cb2,SW Legacy HS-Unified,0,0
sch_02370aeff720e6db,TAIAO,0,0
sch_3662587aba5872dd,TBP Titan Academy HS,0,0
sch_024c2c55159b33b5,TCSAAL,0,0
sch_6bec51517fa0bfca,Temple Academy,0,0
sch_140b65cda09ebdff,Temple Central,0,0
sch_6aad966c8b464cf2,Texas Challenge,0,0
sch_011cdf536a0e51c6,Texas Military Institute,0,0
sch_f72967d08300210c,Texas Online Prep,0,0
sch_e8bb7373e87c6b59,The Fulton School,0,0
sch_6f3cfde19b79edfe,The Light HS,0,0
sch_4b707f414056a561,The Selwyn,0,0
sch_9b4f835b1947000d,Tribe of Judah,0,0
sch_a5708e0daabcb473,Trinity Christian Academy (SA),0,0
sch_accc838c80550689,Tyler East Texas Christian,0,0
sch_cd5e00d05d14bf63,UANL High School,0,0
sch_cb4d4b37bd64fd34,UIL Unified,0,0
sch_020c7dc6a133a677,University Interscholastic League,0,0
sch_96b33c9de566a4a2,Unnatached - International School of Amsterdman,0,0
sch_df33666cb6d324a1,UNT-Dallas,0,0
sch_cd143c03c72b508e,Uplift Grand Prep,0,0
sch_4ca0ef361a9f9847,UTPB STEM Academy,0,0
sch_1bff62b85ad3a784,Van Vleck ISD,0,0
sch_d29c655d74bb55ca,Vanguard Christian Institute,0,0
sch_3de4e68b57bb5ebf,Vanguard Van Gogh,0,0
sch_51ce2dbc07708b9c,Vineyard Christian School,0,0
sch_95dddcea63d82725,Wagner,0,0
sch_7ecd0600d49a2b9f,Waller Christian Academy,0,0
sch_22ec92d3879d2010,Walnut Grove HS-Unified,0,0
sch_a381449030573e62,Washington Tyrannus Arts,0,0
sch_8504386ec77fad67,Watauga Newman International,0,0
sch_bbda41fd4dd7e566,Watson,0,0
sch_1cf9a864a2f9ecf8,Waxahachiee,0,0
sch_84001a1b387ad378,West Brazos SuperSonics,0,0
sch_bd402e75dc7f980a,Westlake Lutheran Academy - Richmond,0,0
sch_2e7e68eaaaa5cf19,Wichita Falls Notre Dame Catholic,0,0
sch_d6552fd6e183ff26,Will Rogers Academy,0,0
sch_c097d21eee2d8f28,Willowridge,0,0
sch_1c0a47026759a483,Wilson Hill Academy,0,0
sch_6cc6682a3c6a8a88,Wimberley Home School Athletic Team,0,0
sch_186f4275c29dfc9e,Woodland Hill Christian School,0,0
sch_3034939590f72717,Woodland Hills Baptist Academy,0,0
sch_18360c3d6971a3c0,Woodlands Prep,0,0
sch_c37bc9a74c3d6db9,Yavneh Academy,0,0
sch_c6ebbaac4289f7f6,Ysleta ISD,0,0
