
=== fmt ===
--- fmt: PASS

=== check ===
    Blocking waiting for file lock on build directory
   Compiling proc-macro2 v1.0.107
   Compiling unicode-ident v1.0.24
   Compiling quote v1.0.47
   Compiling libc v0.2.189
    Checking cfg-if v1.0.4
   Compiling serde_core v1.0.229
   Compiling serde v1.0.229
    Checking memchr v2.8.3
    Checking log v0.4.34
    Checking itoa v1.0.18
    Checking once_cell v1.21.4
    Checking smallvec v1.15.2
    Checking pin-project-lite v0.2.17
    Checking futures-core v0.3.34
   Compiling zmij v1.0.23
    Checking equivalent v1.0.2
    Checking allocator-api2 v0.2.21
    Checking foldhash v0.2.0
    Checking scopeguard v1.2.0
   Compiling shlex v2.0.1
   Compiling parking_lot_core v0.9.12
   Compiling find-msvc-tools v0.1.11
    Checking futures-sink v0.3.34
    Checking slab v0.4.12
    Checking futures-io v0.3.34
    Checking futures-task v0.3.34
    Checking stable_deref_trait v1.2.1
   Compiling thiserror v2.0.20
   Compiling serde_json v1.0.151
    Checking percent-encoding v2.3.2
   Compiling httparse v1.10.1
   Compiling dunce v1.0.5
   Compiling fs_extra v1.3.0
    Checking tracing-core v0.1.36
    Checking typenum v1.20.1
    Checking fnv v1.0.7
   Compiling pkg-config v0.3.34
    Checking tower-service v0.3.3
    Checking base64 v0.22.1
    Checking atomic-waker v1.1.2
    Checking try-lock v0.2.5
   Compiling aws-lc-rs v1.18.0
    Checking lock_api v0.4.14
    Checking bitflags v2.13.1
   Compiling anyhow v1.0.104
    Checking hashbrown v0.17.1
    Checking httpdate v1.0.3
    Checking futures-channel v0.3.34
    Checking form_urlencoded v1.2.2
   Compiling zerocopy v0.8.56
    Checking ipnet v2.12.1
   Compiling heck v0.5.0
    Checking sync_wrapper v1.0.2
    Checking untrusted v0.7.1
    Checking litemap v0.8.3
   Compiling version_check v0.9.5
   Compiling crossbeam-utils v0.8.22
    Checking ryu v1.0.23
    Checking writeable v0.6.4
    Checking tower-layer v0.3.3
    Checking want v0.3.1
    Checking regex-syntax v0.8.11
   Compiling icu_normalizer_data v2.3.0
    Checking mime v0.3.17
    Checking utf8_iter v1.0.4
   Compiling icu_properties_data v2.3.0
    Checking aho-corasick v1.1.5
   Compiling either v1.18.0
   Compiling getrandom v0.3.4
    Checking untrusted v0.9.0
   Compiling generic-array v0.14.7
   Compiling rustls v0.23.45
    Checking indexmap v2.14.0
    Checking encoding_rs v0.8.35
   Compiling crc32fast v1.5.1
   Compiling crossbeam-epoch v0.9.20
   Compiling autocfg v1.5.1
    Checking subtle v2.6.1
   Compiling getrandom v0.4.3
   Compiling itertools v0.14.0
    Checking simd-adler32 v0.3.10
   Compiling rustversion v1.0.23
   Compiling rustix v1.1.4
   Compiling num-traits v0.2.19
   Compiling schemars v0.8.22
    Checking linux-raw-sys v0.12.1
    Checking openssl-probe v0.2.1
   Compiling dyn-clone v1.0.20
    Checking cpufeatures v0.2.17
    Checking adler2 v2.0.1
    Checking utf8parse v0.2.2
    Checking anstyle-query v1.1.5
    Checking fastrand v2.5.0
    Checking zlib-rs v0.6.8
    Checking anstyle v1.0.14
    Checking is_terminal_polyfill v1.70.2
    Checking colorchoice v1.0.5
    Checking hybrid-array v0.4.15
    Checking hashbrown v0.16.1
    Checking clap_lex v1.1.0
    Checking miniz_oxide v0.8.9
   Compiling prettyplease v0.2.37
    Checking strsim v0.11.1
    Checking lazy_static v1.5.0
    Checking anstyle-parse v1.0.0
    Checking tracing-log v0.2.0
    Checking thread_local v1.1.10
    Checking const-oid v0.10.2
   Compiling syn v2.0.119
   Compiling syn v3.0.4
    Checking regex-automata v0.4.18
    Checking rustc-hash v2.1.3
    Checking bumpalo v3.20.3
    Checking nu-ansi-term v0.50.3
    Checking byteorder-lite v0.1.0
    Checking sharded-slab v0.1.7
    Checking signature v2.2.0
    Checking typed-path v0.12.3
    Checking xxhash-rust v0.8.18
    Checking crypto-common v0.1.7
    Checking block-buffer v0.10.4
    Checking block-buffer v0.12.1
    Checking anstream v1.0.0
    Checking flate2 v1.1.9
    Checking crypto-common v0.2.2
   Compiling jiff-core v0.1.1
    Checking compare v0.0.6
    Checking twox-hash v2.1.4
    Checking cpufeatures v0.3.0
    Checking errno v0.3.14
    Checking socket2 v0.6.5
    Checking mio v1.2.2
   Compiling jobserver v0.1.35
    Checking zopfli v0.8.3
    Checking quick_cache v0.6.24
    Checking sfa v1.0.0
    Checking crossbeam-skiplist v0.1.3
    Checking clap_builder v4.6.6
    Checking digest v0.10.7
    Checking spin v0.9.9
    Checking interval-heap v0.0.5
    Checking lz4_flex v0.13.1
    Checking byteview v0.10.2
    Checking parking_lot v0.12.5
    Checking digest v0.11.3
   Compiling regress v0.11.1
    Checking self_cell v1.3.0
    Checking hashbrown v0.14.5
   Compiling pastey v0.2.3
    Checking signal-hook-registry v1.4.8
    Checking varint-rs v2.2.1
    Checking rand_core v0.9.5
    Checking bs58 v0.5.1
    Checking regress v0.10.5
   Compiling cc v1.4.4
   Compiling crossbeam-deque v0.8.8
    Checking byteorder v1.5.0
   Compiling rayon-core v1.13.0
    Checking debug_unsafe v0.1.4
    Checking flume v0.12.0
    Checking sha2 v0.10.9
    Checking zip v8.6.0
    Checking codepage v0.1.3
    Checking quick-xml v0.41.0
    Checking plotters-backend v0.3.7
   Compiling semver v1.0.28
    Checking sha2 v0.11.0
    Checking fast-float2 v0.2.4
   Compiling jiff v0.2.37
    Checking ciborium-io v0.2.2
    Checking wait-timeout v0.2.1
    Checking itertools v0.13.0
    Checking bit-vec v0.8.0
    Checking cast v0.3.0
    Checking quick-error v1.2.3
    Checking dashmap v6.2.1
    Checking same-file v1.0.6
    Checking rand_xorshift v0.4.0
    Checking page_size v0.6.0
    Checking plotters-svg v0.3.7
    Checking atoi_simd v0.18.1
    Checking unarray v0.1.4
    Checking anes v0.1.6
    Checking oorandom v11.1.5
   Compiling siphasher v1.0.3
    Checking serde_path_to_error v0.1.20
   Compiling cmake v0.1.58
   Compiling alloca v0.4.0
    Checking matchit v0.8.4
    Checking dtoa v1.0.11
    Checking sha1 v0.10.7
    Checking walkdir v2.5.0
    Checking data-encoding v2.11.1
    Checking utf-8 v0.7.6
    Checking nom v8.0.0
    Checking bit-set v0.8.0
    Checking servo_arc v0.4.3
    Checking plotters v0.3.7
    Checking tinyvec_macros v0.1.1
    Checking winnow v1.0.4
    Checking new_debug_unreachable v1.0.6
    Checking regex v1.13.1
    Checking matchers v0.2.0
   Compiling phf_shared v0.13.1
    Checking precomputed-hash v0.1.1
   Compiling serde_derive v1.0.229
   Compiling futures-macro v0.3.34
   Compiling tokio-macros v2.7.2
   Compiling thiserror-impl v2.0.20
   Compiling aws-lc-sys v0.44.0
   Compiling zerovec-derive v0.11.6
   Compiling displaydoc v0.2.7
   Compiling clap_derive v4.6.4
   Compiling async-trait v0.1.92
    Checking dtoa-short v0.3.5
   Compiling generator v0.8.10
    Checking serde_spanned v1.1.1
    Checking toml_datetime v0.7.5+spec-1.1.0
    Checking which v8.0.6
    Checking tinyvec v1.12.0
    Checking crossbeam-channel v0.5.17
    Checking criterion-plot v0.8.2
    Checking toml_parser v1.1.3+spec-1.1.0
    Checking futures-timer v3.0.4
    Checking winnow v0.7.15
    Checking toml_writer v1.1.2+spec-1.1.0
   Compiling tracing-attributes v0.1.31
   Compiling synstructure v0.13.2
   Compiling zeroize_derive v1.5.0
   Compiling zerocopy-derive v0.8.56
   Compiling prost-derive v0.14.4
   Compiling serde_derive_internals v0.29.1
   Compiling strum_macros v0.27.2
   Compiling enum_dispatch v0.3.13
   Compiling phf_generator v0.13.1
   Compiling pin-project-internal v1.1.13
   Compiling cssparser-macros v0.6.1
   Compiling derive_more-impl v2.1.1
    Checking utf8-width v0.1.9
    Checking humantime v2.4.0
    Checking rayon v1.12.0
   Compiling zerofrom-derive v0.1.7
   Compiling yoke-derive v0.8.2
    Checking tempfile v3.27.0
   Compiling schemars_derive v0.8.22
   Compiling phf_macros v0.13.1
   Compiling phf_codegen v0.13.1
    Checking html-escape v0.2.13
    Checking unicode-normalization v0.1.25
    Checking uuid v1.26.0
   Compiling restate-sdk-macros v0.12.0
    Checking rust_xlsxwriter v0.99.1
    Checking rusty-fork v0.3.1
    Checking hdrhistogram v7.6.0
   Compiling selectors v0.37.0
    Checking toml v0.9.12+spec-1.1.0
    Checking csv-core v0.1.13
    Checking iana-time-zone v0.1.65
    Checking scoped-tls v1.0.1
    Checking similar v2.7.0
    Checking colored v3.1.1
    Checking zeroize v1.9.0
    Checking csv v1.4.0
    Checking futures-util v0.3.34
    Checking rustls-pki-types v1.15.1
    Checking lsm-tree v3.1.10
    Checking rustls-native-certs v0.8.4
    Checking phf v0.13.1
    Checking tracing v0.1.44
    Checking zerofrom v0.1.8
    Checking pin-project v1.1.13
    Checking cssparser v0.36.0
    Checking derive_more v2.1.1
    Checking yoke v0.8.3
    Checking tracing-subscriber v0.3.23
    Checking opentelemetry v0.32.0
    Checking zerovec v0.11.8
    Checking zerotrie v0.2.5
    Checking fjall v3.1.10
    Checking clap v4.6.6
    Checking tinystr v0.8.4
    Checking potential_utf v0.1.6
    Checking tracing-opentelemetry v0.33.0
    Checking loom v0.7.2
    Checking xtask v0.1.0 (/home/lewis/src/ad-law-scrape/athletic-rust-pipeline/xtask)
    Checking lol_html v2.9.0
    Checking icu_collections v2.3.0
    Checking futures-executor v0.3.34
    Checking icu_locale_core v2.3.0
    Checking futures v0.3.34
    Checking strum v0.27.2
    Checking icu_provider v2.3.1
    Checking icu_properties v2.3.0
    Checking icu_normalizer v2.3.0
    Checking idna_adapter v1.2.2
    Checking idna v1.1.0
    Checking ppv-lite86 v0.2.21
    Checking half v2.7.1
    Checking rand_chacha v0.9.0
    Checking ciborium-ll v0.2.2
    Checking rand v0.9.5
    Checking bytes v1.12.1
    Checking serde_urlencoded v0.7.1
    Checking url v2.5.8
    Checking calamine v0.36.1
    Checking tinytemplate v1.2.1
    Checking ciborium v0.2.2
    Checking chromiumoxide_types v0.9.1
    Checking assert-json-diff v2.0.2
    Checking census-domain v0.1.0 (/home/lewis/src/ad-law-scrape/athletic-rust-pipeline/crates/census-domain)
    Checking chrono v0.4.45
   Compiling serde_tokenstream v0.2.3
   Compiling jsonptr v0.7.1
    Checking proptest v1.11.0
    Checking opentelemetry_sdk v0.32.1
    Checking chromiumoxide_cdp v0.9.1 (/home/lewis/src/ad-law-scrape/athletic-rust-pipeline/vendor/chromiumoxide_cdp)
    Checking http v1.5.0
    Checking tokio v1.53.1
    Checking prost v0.14.4
    Checking bytes-utils v0.1.4
    Checking criterion v0.8.2
    Checking prost-types v0.14.4
   Compiling typify-impl v0.6.2
    Checking http-body v1.1.0
    Checking tungstenite v0.28.0
    Checking http-body-util v0.1.5
    Checking axum-core v0.5.6
    Checking opentelemetry-proto v0.32.0
   Compiling typify-macro v0.6.2
    Checking tokio-util v0.7.19
    Checking tokio-stream v0.1.19
    Checking async-tungstenite v0.32.1
    Checking h2 v0.4.19
    Checking tower v0.5.3
   Compiling typify v0.6.2
    Checking tower-http v0.6.11
   Compiling restate-sdk v0.12.0
    Checking hyper v1.11.0
    Checking hyper-util v0.1.20
    Checking hyper-timeout v0.5.2
    Checking axum v0.8.9
    Checking mockito v1.7.2
    Checking tonic v0.14.6
    Checking tonic-prost v0.14.6
    Checking console-api v0.9.0
    Checking console-subscriber v0.5.0
    Checking rustls-webpki v0.103.15
    Checking jsonwebtoken v10.4.0
    Checking restate-sdk-shared-core v7.0.3
    Checking tokio-rustls v0.26.4
    Checking rustls-platform-verifier v0.7.0
    Checking hyper-rustls v0.27.9
    Checking reqwest v0.13.4
    Checking opentelemetry-http v0.32.0
    Checking opentelemetry-otlp v0.32.0
    Checking midwest-census v0.1.0 (/home/lewis/src/ad-law-scrape/athletic-rust-pipeline/crates/midwest-census)
    Checking chromiumoxide v0.9.1
    Checking athletic-rust-pipeline v0.1.0 (/home/lewis/src/ad-law-scrape/athletic-rust-pipeline)
    Finished `dev` profile [unoptimized + debuginfo] target(s) in 30.98s
--- check: PASS

=== doc ===
    Blocking waiting for file lock on build directory
   Compiling serde_core v1.0.229
    Checking adler2 v2.0.1
   Compiling autocfg v1.5.1
   Compiling generator v0.8.10
   Compiling pin-project-internal v1.1.13
    Checking matchit v0.8.4
    Checking csv-core v0.1.13
    Checking iana-time-zone v0.1.65
    Checking scoped-tls v1.0.1
    Checking nom v8.0.0
    Checking crossbeam-channel v0.5.17
    Checking humantime v2.4.0
    Checking miniz_oxide v0.8.9
   Compiling num-traits v0.2.19
    Checking flate2 v1.1.9
    Checking loom v0.7.2
    Checking zip v8.6.0
   Compiling serde v1.0.229
   Compiling serde_json v1.0.151
   Compiling semver v1.0.28
    Checking rust_xlsxwriter v0.99.1
    Checking hdrhistogram v7.6.0
   Compiling serde_tokenstream v0.2.3
    Checking csv v1.4.0
    Checking toml_datetime v0.7.5+spec-1.1.0
    Checking serde_spanned v1.1.1
    Checking uuid v1.26.0
   Compiling schemars v0.8.22
   Compiling jsonptr v0.7.1
    Checking toml v0.9.12+spec-1.1.0
    Checking bytes v1.12.1
    Checking url v2.5.8
    Checking serde_urlencoded v0.7.1
    Checking chrono v0.4.45
    Checking census-domain v0.1.0 (/home/lewis/src/ad-law-scrape/athletic-rust-pipeline/crates/census-domain)
    Checking calamine v0.36.1
 Documenting census-domain v0.1.0 (/home/lewis/src/ad-law-scrape/athletic-rust-pipeline/crates/census-domain)
    Checking jsonwebtoken v10.4.0
    Checking chromiumoxide_types v0.9.1
 Documenting xtask v0.1.0 (/home/lewis/src/ad-law-scrape/athletic-rust-pipeline/xtask)
   Compiling typify-impl v0.6.2
    Checking http v1.5.0
    Checking tokio v1.53.1
    Checking prost v0.14.4
    Checking bytes-utils v0.1.4
    Checking pin-project v1.1.13
    Checking chromiumoxide_cdp v0.9.1 (/home/lewis/src/ad-law-scrape/athletic-rust-pipeline/vendor/chromiumoxide_cdp)
    Checking prost-types v0.14.4
    Checking opentelemetry-proto v0.32.0
    Checking http-body v1.1.0
    Checking restate-sdk-shared-core v7.0.3
    Checking tungstenite v0.28.0
    Checking http-body-util v0.1.5
   Compiling typify-macro v0.6.2
    Checking axum-core v0.5.6
    Checking tokio-util v0.7.19
    Checking tokio-rustls v0.26.4
    Checking tokio-stream v0.1.19
    Checking async-tungstenite v0.32.1
    Checking h2 v0.4.19
    Checking tower v0.5.3
   Compiling typify v0.6.2
   Compiling restate-sdk v0.12.0
    Checking tower-http v0.6.11
    Checking axum v0.8.9
    Checking hyper v1.11.0
    Checking hyper-util v0.1.20
    Checking hyper-rustls v0.27.9
    Checking hyper-timeout v0.5.2
    Checking tonic v0.14.6
    Checking reqwest v0.13.4
    Checking opentelemetry-http v0.32.0
    Checking opentelemetry-otlp v0.32.0
    Checking tonic-prost v0.14.6
    Checking console-api v0.9.0
    Checking midwest-census v0.1.0 (/home/lewis/src/ad-law-scrape/athletic-rust-pipeline/crates/midwest-census)
 Documenting midwest-census v0.1.0 (/home/lewis/src/ad-law-scrape/athletic-rust-pipeline/crates/midwest-census)
    Checking console-subscriber v0.5.0
warning: public documentation for `<unknown>` links to private item `ingest`
  --> crates/midwest-census/src/restate_services/wire.rs:11:49
   |
11 | /// from. The types themselves are defined in [`ingest`].
   |                                                 ^^^^^^ this item is private
   |
   = note: this link will resolve properly if you pass `--document-private-items`
   = note: `#[warn(rustdoc::private_intra_doc_links)]` on by default

warning: public documentation for `EndpointObservation` links to private item `ingest`
  --> crates/midwest-census/src/restate_services/wire.rs:11:49
   |
11 | /// from. The types themselves are defined in [`ingest`].
   |                                                 ^^^^^^ this item is private
   |
   = note: this link will resolve properly if you pass `--document-private-items`

warning: public documentation for `IngestReply` links to private item `ingest`
  --> crates/midwest-census/src/restate_services/wire.rs:11:49
   |
11 | /// from. The types themselves are defined in [`ingest`].
   |                                                 ^^^^^^ this item is private
   |
   = note: this link will resolve properly if you pass `--document-private-items`

warning: public documentation for `IngestRequest` links to private item `ingest`
  --> crates/midwest-census/src/restate_services/wire.rs:11:49
   |
11 | /// from. The types themselves are defined in [`ingest`].
   |                                                 ^^^^^^ this item is private
   |
   = note: this link will resolve properly if you pass `--document-private-items`

warning: public documentation for `IngestState` links to private item `ingest`
  --> crates/midwest-census/src/restate_services/wire.rs:11:49
   |
11 | /// from. The types themselves are defined in [`ingest`].
   |                                                 ^^^^^^ this item is private
   |
   = note: this link will resolve properly if you pass `--document-private-items`

warning: public documentation for `SweepReport` links to private item `ingest`
  --> crates/midwest-census/src/restate_services/wire.rs:11:49
   |
11 | /// from. The types themselves are defined in [`ingest`].
   |                                                 ^^^^^^ this item is private
   |
   = note: this link will resolve properly if you pass `--document-private-items`

warning: public documentation for `SweepRequest` links to private item `ingest`
  --> crates/midwest-census/src/restate_services/wire.rs:11:49
   |
11 | /// from. The types themselves are defined in [`ingest`].
   |                                                 ^^^^^^ this item is private
   |
   = note: this link will resolve properly if you pass `--document-private-items`

warning: public documentation for `WindowRequest` links to private item `ingest`
  --> crates/midwest-census/src/restate_services/wire.rs:11:49
   |
11 | /// from. The types themselves are defined in [`ingest`].
   |                                                 ^^^^^^ this item is private
   |
   = note: this link will resolve properly if you pass `--document-private-items`

warning: public documentation for `athleticnet` links to private item `meet`
  --> crates/midwest-census/src/sources/athleticnet/mod.rs:46:12
   |
46 | //! (see [`meet`]). Whole meets are pulled when the operator lists them (`--meets`); the registry
   |            ^^^^ this item is private
   |
   = note: this link will resolve properly if you pass `--document-private-items`

warning: public documentation for `division` links to private item `PublishedDivision`
  --> crates/midwest-census/src/sources/athleticnet/meet/wire.rs:88:24
   |
88 |     /// `"Varsity"`; [`PublishedDivision`] is the fallback when a block omits it.
   |                        ^^^^^^^^^^^^^^^^^ this item is private
   |
   = note: this link will resolve properly if you pass `--document-private-items`

warning: unresolved link to `tests`
  --> crates/midwest-census/src/sources/ihsa/tournament/mod.rs:63:58
   |
63 | //! * the pure decoders ([`parse`]), fixture-pinned in [`tests`];
   |                                                          ^^^^^ no item named `tests` in scope
   |
   = help: to escape `[` and `]` characters, add '\' before them like `\[` or `\]`
   = note: `#[warn(rustdoc::broken_intra_doc_links)]` on by default

warning: public documentation for `tournament` links to private item `map`
  --> crates/midwest-census/src/sources/ihsa/tournament/mod.rs:66:32
   |
66 | //! * the canonical mapping ([`map`] and its row modules): a finisher's `athleticNetId` and
   |                                ^^^ this item is private
   |
   = note: this link will resolve properly if you pass `--document-private-items`

warning: public documentation for `tfrrs` links to private item `PHASE`
  --> crates/midwest-census/src/sources/tfrrs/mod.rs:35:68
   |
35 | //! is one request per second per host), journaled per URL under [`PHASE`] so a re-run resumes
   |                                                                    ^^^^^ this item is private
   |
   = note: this link will resolve properly if you pass `--document-private-items`

warning: `midwest-census` (lib doc) generated 13 warnings
    Checking chromiumoxide v0.9.1
 Documenting athletic-rust-pipeline v0.1.0 (/home/lewis/src/ad-law-scrape/athletic-rust-pipeline)
    Finished `dev` profile [unoptimized + debuginfo] target(s) in 39.30s
   Generated /home/lewis/src/ad-law-scrape/athletic-rust-pipeline/target/doc/athletic_rust_pipeline/index.html and 4 other files
--- doc: PASS

=== tests ===
    Blocking waiting for file lock on build directory
   Compiling cfg-if v1.0.4
   Compiling memchr v2.8.3
   Compiling itoa v1.0.18
   Compiling log v0.4.34
   Compiling once_cell v1.21.4
   Compiling smallvec v1.15.2
   Compiling equivalent v1.0.2
   Compiling pin-project-lite v0.2.17
   Compiling allocator-api2 v0.2.21
   Compiling futures-core v0.3.34
   Compiling foldhash v0.2.0
   Compiling scopeguard v1.2.0
   Compiling futures-sink v0.3.34
   Compiling futures-io v0.3.34
   Compiling slab v0.4.12
   Compiling futures-task v0.3.34
   Compiling stable_deref_trait v1.2.1
   Compiling serde_json v1.0.151
   Compiling percent-encoding v2.3.2
   Compiling typenum v1.20.1
   Compiling fnv v1.0.7
   Compiling dunce v1.0.5
   Compiling libc v0.2.189
   Compiling serde_core v1.0.229
   Compiling zmij v1.0.23
   Compiling httparse v1.10.1
   Compiling atomic-waker v1.1.2
   Compiling tower-service v0.3.3
   Compiling base64 v0.22.1
   Compiling either v1.18.0
   Compiling thiserror v2.0.20
   Compiling zerofrom v0.1.8
   Compiling try-lock v0.2.5
   Compiling zeroize v1.9.0
   Compiling bitflags v2.13.1
   Compiling httpdate v1.0.3
   Compiling tracing-core v0.1.36
   Compiling lock_api v0.4.14
   Compiling futures-channel v0.3.34
   Compiling zerocopy v0.8.56
   Compiling ipnet v2.12.1
   Compiling sync_wrapper v1.0.2
   Compiling zerocopy-derive v0.8.56
   Compiling ryu v1.0.23
   Compiling hashbrown v0.17.1
   Compiling form_urlencoded v1.2.2
   Compiling writeable v0.6.4
   Compiling litemap v0.8.3
   Compiling tower-layer v0.3.3
   Compiling untrusted v0.7.1
   Compiling yoke v0.8.3
   Compiling want v0.3.1
   Compiling mime v0.3.17
   Compiling utf8_iter v1.0.4
   Compiling crossbeam-utils v0.8.22
   Compiling anyhow v1.0.104
   Compiling regex-syntax v0.8.11
   Compiling rustls-pki-types v1.15.1
   Compiling itertools v0.14.0
   Compiling icu_properties_data v2.3.0
   Compiling icu_normalizer_data v2.3.0
   Compiling futures-util v0.3.34
   Compiling aho-corasick v1.1.5
   Compiling untrusted v0.9.0
   Compiling tracing v0.1.44
   Compiling serde v1.0.229
   Compiling encoding_rs v0.8.35
   Compiling subtle v2.6.1
   Compiling simd-adler32 v0.3.10
   Compiling cpufeatures v0.2.17
   Compiling hashbrown v0.16.1
   Compiling crc32fast v1.5.1
   Compiling adler2 v2.0.1
   Compiling linux-raw-sys v0.12.1
   Compiling zerovec v0.11.8
   Compiling zerotrie v0.2.5
   Compiling openssl-probe v0.2.1
   Compiling num-traits v0.2.19
   Compiling fastrand v2.5.0
   Compiling utf8parse v0.2.2
   Compiling zlib-rs v0.6.8
   Compiling indexmap v2.14.0
   Compiling anstyle-query v1.1.5
   Compiling lazy_static v1.5.0
   Compiling is_terminal_polyfill v1.70.2
   Compiling anstyle v1.0.14
   Compiling crossbeam-epoch v0.9.20
   Compiling colorchoice v1.0.5
   Compiling miniz_oxide v0.8.9
   Compiling tracing-log v0.2.0
   Compiling thread_local v1.1.10
   Compiling rustls-native-certs v0.8.4
   Compiling serde_tokenstream v0.2.3
   Compiling regress v0.11.1
   Compiling anstyle-parse v1.0.0
   Compiling clap_lex v1.1.0
   Compiling strsim v0.11.1
   Compiling bumpalo v3.20.3
   Compiling tinystr v0.8.4
   Compiling potential_utf v0.1.6
   Compiling jobserver v0.1.35
   Compiling parking_lot_core v0.9.12
   Compiling errno v0.3.14
   Compiling mio v1.2.2
   Compiling socket2 v0.6.5
   Compiling generic-array v0.14.7
   Compiling getrandom v0.3.4
   Compiling getrandom v0.4.3
   Compiling rustix v1.1.4
   Compiling hybrid-array v0.4.15
   Compiling sharded-slab v0.1.7
   Compiling rustc-hash v2.1.3
   Compiling nu-ansi-term v0.50.3
   Compiling const-oid v0.10.2
   Compiling typed-path v0.12.3
   Compiling cpufeatures v0.3.0
   Compiling icu_collections v2.3.0
   Compiling anstream v1.0.0
   Compiling compare v0.0.6
   Compiling icu_locale_core v2.3.0
   Compiling signal-hook-registry v1.4.8
   Compiling schemars v0.8.22
   Compiling zopfli v0.8.3
   Compiling parking_lot v0.12.5
   Compiling regex-automata v0.4.18
   Compiling prost-derive v0.14.4
   Compiling flate2 v1.1.9
   Compiling rand_core v0.9.5
   Compiling cc v1.4.4
   Compiling jsonptr v0.7.1
   Compiling block-buffer v0.12.1
   Compiling crypto-common v0.1.7
   Compiling block-buffer v0.10.4
   Compiling crypto-common v0.2.2
   Compiling twox-hash v2.1.4
   Compiling byteorder-lite v0.1.0
   Compiling xxhash-rust v0.8.18
   Compiling signature v2.2.0
   Compiling interval-heap v0.0.5
   Compiling strum v0.27.2
   Compiling quick_cache v0.6.24
   Compiling crossbeam-skiplist v0.1.3
   Compiling spin v0.9.9
   Compiling clap_builder v4.6.6
   Compiling enum_dispatch v0.3.13
   Compiling self_cell v1.3.0
   Compiling byteview v0.10.2
   Compiling digest v0.10.7
   Compiling bs58 v0.5.1
   Compiling varint-rs v2.2.1
   Compiling hashbrown v0.14.5
   Compiling bytes v1.12.1
   Compiling serde_urlencoded v0.7.1
   Compiling digest v0.11.3
   Compiling lz4_flex v0.13.1
   Compiling regress v0.10.5
   Compiling byteorder v1.5.0
   Compiling crossbeam-deque v0.8.8
   Compiling rayon-core v1.13.0
   Compiling sfa v1.0.0
   Compiling debug_unsafe v0.1.4
   Compiling codepage v0.1.3
   Compiling icu_provider v2.3.1
   Compiling zip v8.6.0
   Compiling quick-xml v0.41.0
   Compiling plotters-backend v0.3.7
   Compiling flume v0.12.0
   Compiling fast-float2 v0.2.4
   Compiling ciborium-io v0.2.2
   Compiling sha2 v0.10.9
   Compiling cmake v0.1.58
   Compiling alloca v0.4.0
   Compiling wait-timeout v0.2.1
   Compiling futures-executor v0.3.34
   Compiling sha2 v0.11.0
   Compiling itertools v0.13.0
   Compiling typify-impl v0.6.2
   Compiling quick-error v1.2.3
   Compiling bit-vec v0.8.0
   Compiling atoi_simd v0.18.1
   Compiling same-file v1.0.6
   Compiling cast v0.3.0
   Compiling icu_properties v2.3.0
   Compiling icu_normalizer v2.3.0
   Compiling dashmap v6.2.1
   Compiling tinytemplate v1.2.1
   Compiling http v1.5.0
   Compiling tokio v1.53.1
   Compiling bytes-utils v0.1.4
   Compiling aws-lc-sys v0.44.0
   Compiling plotters-svg v0.3.7
   Compiling futures v0.3.34
   Compiling rand_xorshift v0.4.0
   Compiling page_size v0.6.0
   Compiling oorandom v11.1.5
   Compiling anes v0.1.6
   Compiling bit-set v0.8.0
   Compiling unarray v0.1.4
   Compiling walkdir v2.5.0
   Compiling siphasher v1.0.3
   Compiling tempfile v3.27.0
   Compiling serde_path_to_error v0.1.20
   Compiling opentelemetry v0.32.0
   Compiling matchit v0.8.4
   Compiling calamine v0.36.1
   Compiling pin-project v1.1.13
   Compiling dtoa v1.0.11
   Compiling plotters v0.3.7
   Compiling sha1 v0.10.7
   Compiling clap v4.6.6
   Compiling data-encoding v2.11.1
   Compiling utf-8 v0.7.6
   Compiling derive_more v2.1.1
   Compiling chromiumoxide_types v0.9.1
   Compiling generator v0.8.10
   Compiling nom v8.0.0
   Compiling servo_arc v0.4.3
   Compiling phf_shared v0.13.1
   Compiling criterion-plot v0.8.2
   Compiling rust_xlsxwriter v0.99.1
   Compiling rusty-fork v0.3.1
   Compiling dtoa-short v0.3.5
   Compiling tinyvec_macros v0.1.1
   Compiling idna_adapter v1.2.2
   Compiling new_debug_unreachable v1.0.6
   Compiling winnow v1.0.4
   Compiling http-body v1.1.0
   Compiling precomputed-hash v0.1.1
   Compiling toml_datetime v0.7.5+spec-1.1.0
   Compiling serde_spanned v1.1.1
   Compiling which v8.0.6
   Compiling crossbeam-channel v0.5.17
   Compiling phf_generator v0.13.1
   Compiling utf8-width v0.1.9
   Compiling matchers v0.2.0
   Compiling regex v1.13.1
   Compiling chromiumoxide_cdp v0.9.1 (/home/lewis/src/ad-law-scrape/athletic-rust-pipeline/vendor/chromiumoxide_cdp)
   Compiling futures-timer v3.0.4
   Compiling rayon v1.12.0
   Compiling typify-macro v0.6.2
   Compiling tinyvec v1.12.0
   Compiling toml_writer v1.1.2+spec-1.1.0
   Compiling winnow v0.7.15
   Compiling idna v1.1.0
   Compiling humantime v2.4.0
   Compiling census-domain v0.1.0 (/home/lewis/src/ad-law-scrape/athletic-rust-pipeline/crates/census-domain)
   Compiling http-body-util v0.1.5
   Compiling uuid v1.26.0
   Compiling csv-core v0.1.13
   Compiling scoped-tls v1.0.1
   Compiling iana-time-zone v0.1.65
   Compiling assert-json-diff v2.0.2
   Compiling tracing-subscriber v0.3.23
   Compiling phf_codegen v0.13.1
   Compiling phf_macros v0.13.1
   Compiling html-escape v0.2.13
   Compiling lsm-tree v3.1.10
   Compiling toml_parser v1.1.3+spec-1.1.0
   Compiling similar v2.7.0
   Compiling colored v3.1.1
   Compiling xtask v0.1.0 (/home/lewis/src/ad-law-scrape/athletic-rust-pipeline/xtask)
   Compiling axum-core v0.5.6
   Compiling chrono v0.4.45
   Compiling unicode-normalization v0.1.25
   Compiling selectors v0.37.0
   Compiling csv v1.4.0
   Compiling url v2.5.8
   Compiling hdrhistogram v7.6.0
   Compiling tracing-opentelemetry v0.33.0
   Compiling loom v0.7.2
   Compiling toml v0.9.12+spec-1.1.0
   Compiling prost v0.14.4
   Compiling fjall v3.1.10
   Compiling phf v0.13.1
   Compiling prost-types v0.14.4
   Compiling tokio-util v0.7.19
   Compiling tokio-stream v0.1.19
   Compiling cssparser v0.36.0
   Compiling typify v0.6.2
   Compiling h2 v0.4.19
   Compiling tower v0.5.3
   Compiling restate-sdk v0.12.0
   Compiling tower-http v0.6.11
   Compiling lol_html v2.9.0
   Compiling ppv-lite86 v0.2.21
   Compiling half v2.7.1
   Compiling rand_chacha v0.9.0
   Compiling ciborium-ll v0.2.2
   Compiling ciborium v0.2.2
   Compiling rand v0.9.5
   Compiling criterion v0.8.2
   Compiling hyper v1.11.0
   Compiling proptest v1.11.0
   Compiling tungstenite v0.28.0
   Compiling opentelemetry_sdk v0.32.1
   Compiling async-tungstenite v0.32.1
   Compiling hyper-util v0.1.20
   Compiling opentelemetry-proto v0.32.0
   Compiling axum v0.8.9
   Compiling hyper-timeout v0.5.2
   Compiling mockito v1.7.2
   Compiling tonic v0.14.6
   Compiling tonic-prost v0.14.6
   Compiling console-api v0.9.0
   Compiling console-subscriber v0.5.0
   Compiling aws-lc-rs v1.18.0
   Compiling rustls v0.23.45
   Compiling rustls-webpki v0.103.15
   Compiling jsonwebtoken v10.4.0
   Compiling restate-sdk-shared-core v7.0.3
   Compiling tokio-rustls v0.26.4
   Compiling rustls-platform-verifier v0.7.0
   Compiling hyper-rustls v0.27.9
   Compiling reqwest v0.13.4
   Compiling opentelemetry-http v0.32.0
   Compiling opentelemetry-otlp v0.32.0
   Compiling midwest-census v0.1.0 (/home/lewis/src/ad-law-scrape/athletic-rust-pipeline/crates/midwest-census)
   Compiling chromiumoxide v0.9.1
   Compiling athletic-rust-pipeline v0.1.0 (/home/lewis/src/ad-law-scrape/athletic-rust-pipeline)
    Finished `test` profile [unoptimized + debuginfo] target(s) in 59.00s
────────────
 Nextest run ID f805d8f2-e020-497e-a387-f64832fe4877 with nextest profile: default
    Starting 726 tests across 33 binaries (2 tests skipped)
        PASS [   0.004s] (  1/726) athletic-rust-pipeline domain::facts::facts_contract_tests::numeric_facts_enforce_boundaries_and_retry_exhaustion
        PASS [   0.005s] (  2/726) athletic-rust-pipeline domain::decision::tests::duplicate_sports_are_one_identity_and_two_candidates_are_unresolved
        PASS [   0.005s] (  3/726) athletic-rust-pipeline domain::identity::identity_contract_tests::profile_url_canonicalizes_host_default_port_and_trailing_slash
        PASS [   0.005s] (  4/726) athletic-rust-pipeline domain::marks::tests::compares_directionally_and_does_not_cross_events
        PASS [   0.005s] (  5/726) athletic-rust-pipeline domain::decision::tests::source_labels_do_not_contaminate_name_and_central_is_not_west_central
        PASS [   0.004s] (  6/726) athletic-rust-pipeline domain::marks::tests::parses_added_hurdle_and_relay_events
        PASS [   0.005s] (  7/726) athletic-rust-pipeline domain::marks::tests::cross_country_distance_and_combined_event_identity_are_preserved
        PASS [   0.005s] (  8/726) athletic-rust-pipeline domain::decision::tests::missing_school_and_distant_mailing_location_have_distinct_handling
        PASS [   0.005s] (  9/726) athletic-rust-pipeline domain::marks::tests::nonfinish_states_are_retained_and_not_comparable
        PASS [   0.005s] ( 10/726) athletic-rust-pipeline domain::marks::tests::parses_time_to_integral_milliseconds
        PASS [   0.005s] ( 11/726) athletic-rust-pipeline domain::decision::tests::identity_fields_without_participation_cannot_be_accepted
        PASS [   0.005s] ( 12/726) athletic-rust-pipeline domain::marks::tests::unsupported_event_and_mark_are_retained_for_review
        PASS [   0.005s] ( 13/726) athletic-rust-pipeline domain::decision::tests::merged_identity_conflict_cannot_disappear_behind_a_matching_name
        PASS [   0.005s] ( 14/726) athletic-rust-pipeline domain::identity::identity_contract_tests::digest_requires_lowercase_sha256_hex
        PASS [   0.005s] ( 15/726) athletic-rust-pipeline domain::decision::tests::graduation_year_cannot_break_an_otherwise_indistinguishable_identity_tie
        PASS [   0.006s] ( 16/726) athletic-rust-pipeline domain::identity::identity_contract_tests::identity_serde_roundtrips_only_valid_values
        PASS [   0.006s] ( 17/726) athletic-rust-pipeline domain::marks::tests::unitless_distance_is_retained_not_assumed_meters
        PASS [   0.006s] ( 18/726) athletic-rust-pipeline domain::marks::tests::imperial_inches_are_exact_and_excess_precision_is_rejected
        PASS [   0.006s] ( 19/726) athletic-rust-pipeline domain::facts::facts_contract_tests::display_names_have_bounded_input
        PASS [   0.006s] ( 20/726) athletic-rust-pipeline domain::identity::identity_contract_tests::profile_url_rejects_untrusted_provenance_and_unknown_routes
        PASS [   0.006s] ( 21/726) athletic-rust-pipeline domain::marks::tests::converts_metric_distance_and_exact_imperial
        PASS [   0.006s] ( 22/726) athletic-rust-pipeline domain::facts::facts_contract_tests::serde_deserialization_cannot_bypass_numeric_validation
        PASS [   0.006s] ( 23/726) athletic-rust-pipeline domain::facts::facts_contract_tests::display_names_preserve_observed_text_without_controls
        PASS [   0.006s] ( 24/726) athletic-rust-pipeline domain::marks::tests::rejects_negative_nonfinite_and_malformed_marks
        PASS [   0.006s] ( 25/726) athletic-rust-pipeline domain::decision::tests::confident_bypass_requires_all_independent_corrobation
        PASS [   0.006s] ( 26/726) athletic-rust-pipeline domain::decision::tests::grade_does_not_gate_a_valid_identity_and_forged_selection_is_rejected
        PASS [   0.006s] ( 27/726) athletic-rust-pipeline domain::identity::identity_contract_tests::source_row_key_uses_last_colon_and_preserves_sheet_spelling
        PASS [   0.007s] ( 28/726) athletic-rust-pipeline domain::decision::tests::unrelated_multiline_source_fields_do_not_invalidate_identity
        PASS [   0.007s] ( 29/726) athletic-rust-pipeline domain::decision::tests::workbook_membership_accepts_corroborated_identity_without_a_cohort_requirement
        PASS [   0.007s] ( 30/726) athletic-rust-pipeline domain::decision::tests::same_city_name_does_not_override_a_different_region
        PASS [   0.007s] ( 31/726) athletic-rust-pipeline domain::decision::tests::incomplete_search_never_claims_match_or_no_match
        PASS [   0.008s] ( 32/726) athletic-rust-pipeline domain::marks::tests::best_mark_filters_to_requested_event
        PASS [   0.003s] ( 33/726) athletic-rust-pipeline domain::performance_evidence::tests::relay_is_attributed_and_not_counted_as_individual_best
        PASS [   0.004s] ( 34/726) athletic-rust-pipeline domain::performance_evidence::tests::source_distance_units_do_not_turn_miles_into_meters
        PASS [   0.004s] ( 35/726) athletic-rust-pipeline domain::performance_evidence::tests::suffix_requires_matching_timing_metadata
        PASS [   0.004s] ( 36/726) athletic-rust-pipeline domain::performance_evidence::tests::summary_roundtrips_and_unknown_contexts_do_not_form_best_groups
        PASS [   0.004s] ( 37/726) athletic-rust-pipeline domain::performance_evidence::tests::xc_uses_boolean_claims_and_keeps_distance_context
        PASS [   0.005s] ( 38/726) athletic-rust-pipeline domain::performance_evidence::tests::units_are_explicit_for_fields_and_time_units_are_inferred
        PASS [   0.004s] ( 39/726) athletic-rust-pipeline profile::parser::tests::bio_rejects_cross_athlete_response
        PASS [   0.006s] ( 40/726) athletic-rust-pipeline domain::performance_evidence::tests::decodes_tf_masks_without_nonzero_inference_and_keeps_opaque_raw
        PASS [   0.005s] ( 41/726) athletic-rust-pipeline domain::performance_evidence::tests::long_hurdles_do_not_require_wind_and_missing_result_ids_cannot_be_bests
        PASS [   0.006s] ( 42/726) athletic-rust-pipeline domain::performance_evidence::tests::timing_wind_and_surface_contexts_never_cross_best_groups
        PASS [   0.005s] ( 43/726) athletic-rust-pipeline profile::bio::events::tests::oversized_shared_metadata_is_rejected_before_result_fanout
        PASS [   0.006s] ( 44/726) athletic-rust-pipeline domain::performance_evidence::tests::explicit_source_field_formats_preserve_exact_distance
        PASS [   0.006s] ( 45/726) athletic-rust-pipeline domain::performance_evidence::tests::source_pb_claim_is_distinct_from_observed_best
        PASS [   0.006s] ( 46/726) athletic-rust-pipeline profile::bio::events::tests::invalid_missing_and_conflicting_metadata_never_manufacture_distance
        PASS [   0.005s] ( 47/726) athletic-rust-pipeline profile::bio::events::tests::xc_metric_display_remains_source_declared
        PASS [   0.006s] ( 48/726) athletic-rust-pipeline domain::performance_evidence::tests::field_no_distance_status_needs_no_numeric_unit
        PASS [   0.005s] ( 49/726) athletic-rust-pipeline profile::parser::tests::reordered_canonical_attributes_cannot_hide_a_foreign_identity
        PASS [   0.005s] ( 50/726) athletic-rust-pipeline profile::bio::events::tests::xc_join_uses_canonical_meters_and_preserves_integer_display_units
        PASS [   0.006s] ( 51/726) athletic-rust-pipeline profile::bio::events::tests::equipment_variants_join_exactly_and_display_measure_type_is_not_seconds
        PASS [   0.006s] ( 52/726) athletic-rust-pipeline profile::bio::events::tests::missing_or_conflicting_event_variant_cannot_choose_an_implement
        PASS [   0.005s] ( 53/726) athletic-rust-pipeline result_verify::rankings::verification::tests::accepts_the_lane_request_body
        PASS [   0.006s] ( 54/726) athletic-rust-pipeline profile::parser::tests::bio_preserves_joins_and_opaque_flags
        PASS [   0.006s] ( 55/726) athletic-rust-pipeline profile::bio::events::tests::xc_join_preserves_fractional_display_units_without_conversion
        PASS [   0.004s] ( 56/726) athletic-rust-pipeline runtime::browser::lifecycle::tests::only_a_terminal_stopped_manager_is_rebuilt
        PASS [   0.003s] ( 57/726) athletic-rust-pipeline runtime::browser::transport::rankings::rankings_helper::tests::navigation_url_is_already_canonical
        PASS [   0.005s] ( 58/726) athletic-rust-pipeline result_verify::rankings::verification::tests::rejects_a_nested_q_params_body
        PASS [   0.004s] ( 59/726) athletic-rust-pipeline runtime::browser::transport::rankings::rankings_helper::tests::invalid_page_values_do_not_become_terminal_pages
        PASS [   0.005s] ( 60/726) athletic-rust-pipeline result_verify::rankings::verification::tests::rejects_a_results_capture_without_its_physical_request
        PASS [   0.004s] ( 61/726) athletic-rust-pipeline runtime::browser::transport::rankings::rankings_helper::tests::terminal_page_null_is_absent_not_protocol_failure
        PASS [   0.003s] ( 62/726) athletic-rust-pipeline runtime::browser::transport::rankings::tests::pagination::an_unparsable_page_terminates_rather_than_advancing
        PASS [   0.003s] ( 63/726) athletic-rust-pipeline runtime::browser::transport::rankings::tests::pagination::an_empty_page_terminates_the_chain
        PASS [   0.004s] ( 64/726) athletic-rust-pipeline runtime::browser::transport::rankings::tests::pagination::a_page_filling_its_declared_depth_requests_its_successor
        PASS [   0.005s] ( 65/726) athletic-rust-pipeline runtime::browser::transport::rankings::tests::pagination::a_deep_request_answered_with_the_listing_head_ends_the_chain
        PASS [   0.009s] ( 66/726) athletic-rust-pipeline profile::parser::tests::embedded_identity_contradiction_is_retained
        PASS [   0.004s] ( 67/726) athletic-rust-pipeline runtime::browser_session::tests::stalls_and_challenges_escalate_while_settled_states_do_not
        PASS [   0.003s] ( 68/726) athletic-rust-pipeline runtime::drain::tests::an_inner_error_is_completed_while_a_deadline_leaves_units_remaining
        PASS [   0.009s] ( 69/726) athletic-rust-pipeline profile::parser::tests::embedded_json_escapes_do_not_truncate_athlete_identity
        PASS [   0.004s] ( 70/726) athletic-rust-pipeline runtime::drain::tests::a_join_failure_classifies_as_panicked_or_cancelled
        PASS [   0.004s] ( 71/726) athletic-rust-pipeline runtime::clock::tests::system_clock_instant_is_monotonic
        PASS [   0.009s] ( 72/726) athletic-rust-pipeline result_verify::rankings::verification::tests::rejects_a_body_that_does_not_match_the_requested_scope
        PASS [   0.005s] ( 73/726) athletic-rust-pipeline runtime::browser::transport::rankings::tests::pagination::a_page_below_its_declared_depth_ends_the_chain
        PASS [   0.005s] ( 74/726) athletic-rust-pipeline runtime::browser::transport::rankings::tests::pagination::a_page_with_rows_requests_its_successor
        PASS [   0.006s] ( 75/726) athletic-rust-pipeline runtime::drain::counting::tests::a_unit_lost_to_unwinding_is_panicked
        PASS [   0.004s] ( 76/726) athletic-rust-pipeline runtime::export::index::tests::totals_that_differ_from_sealed_reports_are_rejected
        PASS [   0.011s] ( 77/726) athletic-rust-pipeline profile::parser::tests::foreign_nested_cohort_and_hidden_text_do_not_belong_to_the_athlete
        PASS [   0.005s] ( 78/726) athletic-rust-pipeline runtime::clock::tests::system_clock_reports_a_plausible_epoch
        PASS [   0.005s] ( 79/726) athletic-rust-pipeline runtime::export::index::tests::coverage_reconciling_with_the_sealed_run_is_accepted
        PASS [   0.004s] ( 80/726) athletic-rust-pipeline runtime::export::index::tests::accepted_counts_that_overflow_are_rejected_rather_than_wrapped
        PASS [   0.006s] ( 81/726) athletic-rust-pipeline runtime::drain::counting::tests::a_finished_unit_is_counted_once_and_a_dropped_one_is_cancelled
        PASS [   0.005s] ( 82/726) athletic-rust-pipeline runtime::clock::tests::test_clock_holds_still_until_advanced
        PASS [   0.006s] ( 83/726) athletic-rust-pipeline runtime::browser::transport::rankings::tests::pagination::default_settings_supply_the_depth_when_settings_are_absent
        PASS [   0.005s] ( 84/726) athletic-rust-pipeline runtime::export::index::tests::an_export_that_drops_pending_rows_is_rejected
        PASS [   0.004s] ( 85/726) athletic-rust-pipeline runtime::export::projection::tests::roster_fields_report_newest_season_school_and_season_bound_grades
        PASS [   0.005s] ( 86/726) athletic-rust-pipeline runtime::export::index::tests::resolutions_that_do_not_reconcile_with_run_progress_are_rejected
        PASS [   0.004s] ( 87/726) athletic-rust-pipeline runtime::profile_worker::team::tests::team_nav_rejects_foreign_identifier
        PASS [   0.011s] ( 88/726) athletic-rust-pipeline profile::parser::tests::html_ignores_unscoped_and_script_cohort_text
        PASS [   0.003s] ( 89/726) athletic-rust-pipeline runtime::rankings::division::tests::revisions_distinguish_gender_and_season_kind
        PASS [   0.004s] ( 90/726) athletic-rust-pipeline runtime::profile_worker::team::tests::authorized_requests_accepts_source_season_identifier
        PASS [   0.005s] ( 91/726) athletic-rust-pipeline runtime::export::projection::tests::compact_summary_keeps_selected_best_provenance_and_opaque_claim_unknown
        PASS [   0.003s] ( 92/726) athletic-rust-pipeline runtime::rankings::division::tests::unsupported_season_years_have_no_division_list
        PASS [   0.003s] ( 93/726) athletic-rust-pipeline runtime::rankings::page::parse::main::tests::any_other_page_identity_conflict_stays_an_error
        PASS [   0.004s] ( 94/726) athletic-rust-pipeline runtime::rankings::page::parse::main::tests::a_masked_relay_row_is_recorded_unresolved_instead_of_failing_the_page
        PASS [   0.005s] ( 95/726) athletic-rust-pipeline runtime::rankings::page::parse::main::tests::a_request_past_the_listing_end_parses_as_an_empty_terminal_page
        PASS [   0.005s] ( 96/726) athletic-rust-pipeline runtime::reviewer::model::tests::invented_id_and_reference_are_rejected
        PASS [   0.006s] ( 97/726) athletic-rust-pipeline runtime::rankings::division::tests::division_lists_match_the_captured_nav_contract
        PASS [   0.004s] ( 98/726) athletic-rust-pipeline runtime::reviewer::model::tests::refusal_truncation_and_ambiguous_shape_are_rejected
        PASS [   0.004s] ( 99/726) athletic-rust-pipeline runtime::reviewer::transport::tests::retry_after_beyond_sdk_delay_is_nonretryable_with_cooldown
        PASS [   0.005s] (100/726) athletic-rust-pipeline runtime::review_case::tests::physical_source_location_does_not_change_case
        PASS [   0.006s] (101/726) athletic-rust-pipeline runtime::review_case::tests::identity_proof_and_model_changes_change_case
        PASS [   0.006s] (102/726) athletic-rust-pipeline runtime::rankings::page::parse::main::tests::a_listing_head_request_keeps_its_page_identity
        PASS [   0.004s] (103/726) athletic-rust-pipeline runtime::reviewer::tests::sdk_exhaustion_retains_every_receipt_and_final_cooldown
        PASS [   0.004s] (104/726) athletic-rust-pipeline runtime::row_worker::support::tests::missing_name_is_terminal_review_input
        PASS [   0.005s] (105/726) athletic-rust-pipeline runtime::reviewer::model::tests::known_candidate_cannot_cite_unsupported_reference
        PASS [   0.004s] (106/726) athletic-rust-pipeline runtime::reviewer::transport::tests::shared_retry_after_parser_accepts_delta_and_http_date_but_rejects_excessive_values
        PASS [   0.004s] (107/726) athletic-rust-pipeline runtime::reviewer::model::tests::stable_selected_case_requires_supplied_evidence
        PASS [   0.004s] (108/726) athletic-rust-pipeline runtime::reviewer::transport::tests::missing_retry_after_allows_sdk_retry
        PASS [   0.004s] (109/726) athletic-rust-pipeline runtime::source::http::tests::authentication_denial_is_not_a_transient_failure
        PASS [   0.004s] (110/726) athletic-rust-pipeline runtime::source::request::tests::rankings_grade_none_emits_empty_array_not_null
        PASS [   0.005s] (111/726) athletic-rust-pipeline runtime::source::http::tests::challenges_retain_evidence_for_browser_recovery_before_retry
        PASS [   0.007s] (112/726) athletic-rust-pipeline runtime::review_case::tests::deterministic_weighted_assignment_covers_both_lanes
        PASS [   0.005s] (113/726) athletic-rust-pipeline runtime::source::http::challenge::tests::cloudflare_header_is_definitive
        PASS [   0.006s] (114/726) athletic-rust-pipeline runtime::reviewer::transport::tests::unsafe_retry_after_fails_closed_without_retrying
        PASS [   0.005s] (115/726) athletic-rust-pipeline runtime::source::http::challenge::tests::html_challenge_requires_specific_conjunctive_markers
        PASS [   0.005s] (116/726) athletic-rust-pipeline runtime::source::request::tests::captured_fetch_requests_survive_durable_serialization
        PASS [   0.004s] (117/726) athletic-rust-pipeline runtime::source::request::tests::rankings_query_encodes_exact_measured_body
        PASS [   0.007s] (118/726) athletic-rust-pipeline runtime::source::http::challenge::tests::passive_platform_script_alone_is_not_a_challenge
        PASS [   0.004s] (119/726) athletic-rust-pipeline runtime::source::request::tests::unsafe_search_and_profile_inputs_are_rejected
        PASS [   0.018s] (120/726) athletic-rust-pipeline result_verify::rankings::tests::rejects_a_scope_whose_gender_differs_from_the_frozen_page
        PASS [   0.004s] (121/726) athletic-rust-pipeline runtime::source::request::tests::rankings_semantic_url_matches_legacy_ui_url
        PASS [   0.004s] (122/726) athletic-rust-pipeline runtime::source::request::tests::search_body_is_exact_and_encoded
        PASS [   0.004s] (123/726) athletic-rust-pipeline runtime::source::result::tests::workflow_exhaustion_retains_every_observed_receipt_and_final_cooldown
        PASS [   0.018s] (124/726) athletic-rust-pipeline result_verify::rankings::tests::rejects_a_scope_whose_season_kind_differs_from_the_frozen_page
        PASS [   0.006s] (125/726) athletic-rust-pipeline runtime::source::request::tests::rankings_physical_url_is_api_endpoint_empty_query
        PASS [   0.019s] (126/726) athletic-rust-pipeline result_verify::rankings::tests::accepts_a_frozen_indoor_girls_collection
        PASS [   0.003s] (127/726) athletic-rust-pipeline runtime::source::tests::observed_ranking_faults_are_never_retried
        PASS [   0.004s] (128/726) athletic-rust-pipeline runtime::source::retry::tests::parses_delta_and_http_date_with_bound
        PASS [   0.004s] (129/726) athletic-rust-pipeline runtime::source::tests::team_route_retains_indoor_season_identifier
        PASS [   0.004s] (130/726) athletic-rust-pipeline runtime::source::retry::tests::retries_only_rate_limit_and_server_failures
        PASS [   0.005s] (131/726) athletic-rust-pipeline runtime::source::result::tests::unacknowledged_audit_write_never_claims_zero_http_attempts
        PASS [   0.005s] (132/726) athletic-rust-pipeline runtime::source::retry::tests::absent_header_allows_retry_but_duplicate_or_signed_headers_fail_closed
        PASS [   0.004s] (133/726) athletic-rust-pipeline runtime::source::tests::valid_retry_after_overrides_fallback
        PASS [   0.007s] (134/726) athletic-rust-pipeline runtime::source::request::tests::rankings_rejects_zero_page_and_oversized_event
        PASS [   0.006s] (135/726) athletic-rust-pipeline runtime::source::result::tests::access_denied_code_blocks_even_when_http_status_is_success
        PASS [   0.005s] (136/726) athletic-rust-pipeline search::parser::tests::one_identity_with_two_sport_links_is_one_candidate_in_either_search
        PASS [   0.006s] (137/726) athletic-rust-pipeline runtime::source::tests::absent_retry_after_uses_bounded_rate_limit_fallback
        PASS [   0.005s] (138/726) athletic-rust-pipeline search::parser::tests::missing_athlete_id_cannot_become_a_complete_empty_search
        PASS [   0.005s] (139/726) athletic-rust-pipeline search::parser::tests::a_row_linking_different_athletes_cannot_become_a_candidate
        PASS [   0.007s] (140/726) athletic-rust-pipeline runtime::source::tests::receiptless_transport_fault_is_retryable_for_rankings
        PASS [   0.006s] (141/726) athletic-rust-pipeline search::parser::tests::row_text_grown_past_the_bound_cannot_become_a_candidate
        PASS [   0.004s] (142/726) athletic-rust-pipeline store::tests::rejects_existing_root_with_group_or_other_access
        PASS [   0.005s] (143/726) athletic-rust-pipeline xlsx::scope_tests::first_worksheet_generated_sheet_returns_error
        PASS [   0.005s] (144/726) athletic-rust-pipeline xlsx::stream_tests::bounded_reader_rejects_actual_decompressed_overflow
        PASS [   0.007s] (145/726) athletic-rust-pipeline store::tests::raw_fields_are_retained_without_normalization
        PASS [   0.007s] (146/726) athletic-rust-pipeline xlsx::scope_tests::exhaustive_mode_excludes_generated_sheets
        PASS [   0.003s] (147/726) athletic-rust-pipeline xlsx::tests::escapes_xml
        PASS [   0.007s] (148/726) athletic-rust-pipeline store::tests::tampered_document_is_rejected
        PASS [   0.007s] (149/726) athletic-rust-pipeline xlsx::scope_tests::first_worksheet_missing_required_headers_returns_error
        PASS [   0.004s] (150/726) athletic-rust-pipeline xlsx::tests::converts_column_references
        PASS [   0.007s] (151/726) athletic-rust-pipeline xlsx::stream_tests::visitor_rejects_duplicate_row_positions
        PASS [   0.009s] (152/726) athletic-rust-pipeline store::tests::source_rows_are_isolated_and_ordered_by_sheet_then_numeric_row
        PASS [   0.010s] (153/726) athletic-rust-pipeline store::tests::a_stale_page_marker_is_cleared_so_the_page_can_be_republished
        PASS [   0.008s] (154/726) athletic-rust-pipeline xlsx::scope_tests::first_worksheet_scan_retains_all_rows_and_fields
        PASS [   0.008s] (155/726) athletic-rust-pipeline xlsx::scope_tests::first_worksheet_preserves_sparse_rich_shared_and_inline_source_rows
        PASS [   0.010s] (156/726) athletic-rust-pipeline store::tests::absent_artifacts_are_distinct_from_corruption
        PASS [   0.009s] (157/726) athletic-rust-pipeline store::tests::source_pages_resume_after_gaps_without_crossing_sheet_boundaries
        PASS [   0.007s] (158/726) athletic-rust-pipeline xlsx::stream_tests::visitor_propagates_callback_error_without_reading_remaining_rows
        PASS [   0.010s] (159/726) athletic-rust-pipeline store::tests::duplicate_publication_is_idempotent_but_changed_row_conflicts
        PASS [   0.006s] (160/726) athletic-rust-pipeline xlsx::tests::streams_real_rows_and_ignores_styled_empty_rows
        PASS [   0.007s] (161/726) athletic-rust-pipeline xlsx::stream_tests::visitor_rejects_truncated_worksheet_xml
        PASS [   0.004s] (162/726) athletic-rust-pipeline::cdp_frame_compat chromium_151_extra_info_frame_deserializes
        PASS [   0.011s] (163/726) athletic-rust-pipeline store::tests::documents_survive_reopen_and_verify_digest
        PASS [   0.009s] (164/726) athletic-rust-pipeline xlsx::scope_tests::styled_and_explicitly_empty_rows_are_not_real_data
        PASS [   0.008s] (165/726) athletic-rust-pipeline xlsx::stream_tests::visitor_streams_both_source_sheets_and_preserves_fields
        PASS [   0.013s] (166/726) athletic-rust-pipeline store::audit::tests::identical_effects_remain_distinct_durable_and_operation_bound
        PASS [   0.004s] (167/726) athletic-rust-pipeline::native_parser_properties malformed_and_sparse_ooxml_are_rejected_by_both_ingestion_boundaries
        PASS [   0.010s] (168/726) athletic-rust-pipeline xlsx::stream_tests::writer_preserves_source_fields_and_profile_link
        PASS [   0.007s] (169/726) athletic-rust-pipeline::native_parser_properties performance_deserialization_rejects_invalid_serialized_state
        PASS [   0.006s] (170/726) athletic-rust-pipeline::native_parser_properties performance_time_and_points_keep_distinct_numeric_domains
        PASS [   0.004s] (171/726) athletic-rust-pipeline::profile_html_bounds malformed_utf8_is_rejected_before_html_parser
        PASS [   0.004s] (172/726) athletic-rust-pipeline::profile_merge_bounds adversarial_same_id_buckets_still_issue_factual_conflicts
        PASS [   0.004s] (173/726) athletic-rust-pipeline::profile_merge_bounds distinct_ids_keep_left_first_order
        PASS [   0.004s] (174/726) athletic-rust-pipeline::profile_merge_bounds duplicate_evidence_and_conflicts_are_retained_in_stable_order
        PASS [   0.004s] (175/726) athletic-rust-pipeline::profile_merge_bounds same_id_equivalence_ignores_provenance_but_conflicts_are_retained
        PASS [   0.009s] (176/726) athletic-rust-pipeline::native_parser_properties source_row_keys_round_trip_without_identity_loss
        PASS [   0.004s] (177/726) athletic-rust-pipeline::rankings_catalog outdoor_nav_selects_the_outdoor_list
        PASS [   0.007s] (178/726) athletic-rust-pipeline::profile_merge_bounds missing_team_location_or_level_does_not_conflict_with_present_observation
        PASS [   0.019s] (179/726) athletic-rust-pipeline store::tests::bounds_and_visitor_failures_are_returned
        PASS [   0.004s] (180/726) athletic-rust-pipeline::rankings_catalog seasons_map_must_point_at_the_requested_division
        PASS [   0.006s] (181/726) athletic-rust-pipeline::rankings_catalog a_missing_season_entry_is_reported_with_its_key
        PASS [   0.005s] (182/726) athletic-rust-pipeline::rankings_catalog nav_outside_the_requested_level_is_rejected
        PASS [   0.005s] (183/726) athletic-rust-pipeline::rankings_catalog level_scoped_nav_selects_the_indoor_list_through_the_seasons_map
        PASS [   0.012s] (184/726) athletic-rust-pipeline::profile_html_bounds deeply_nested_formatting_tags_with_unique_values_are_rejected
        PASS [   0.007s] (185/726) athletic-rust-pipeline::rankings_indoor an_outdoor_season_page_fails_closed_under_an_indoor_scope
        PASS [   0.012s] (186/726) athletic-rust-pipeline::profile_html_bounds foreign_content_cdata_remains_extractable
        PASS [   0.015s] (187/726) athletic-rust-pipeline::native_parser_properties bio_cross_country_boolean_best_and_foreign_identity_are_not_conflated
        PASS [   0.012s] (188/726) athletic-rust-pipeline::profile_html_bounds incremental_parser_preserves_script_comments_utf8_and_controls
        PASS [   0.007s] (189/726) athletic-rust-pipeline::rankings_indoor an_outdoor_page_fails_closed_under_an_indoor_scope
        PASS [   0.003s] (190/726) athletic-rust-pipeline::rankings_indoor indoor_pages_bind_to_the_indoor_division_not_the_outdoor_list
        PASS [   0.005s] (191/726) athletic-rust-pipeline::rankings_parser existing_roster_rejects_negative_row_team_id
        PASS [   0.009s] (192/726) athletic-rust-pipeline::rankings_indoor a_boys_page_fails_closed_under_a_girls_scope
        PASS [   0.014s] (193/726) athletic-rust-pipeline::native_parser_properties synthetic_workbook_ingestion_preserves_source_row_identity_and_fields
        PASS [   0.018s] (194/726) athletic-rust-pipeline::native_parser_properties bio_track_numeric_best_flags_remain_opaque
        PASS [   0.005s] (195/726) athletic-rust-pipeline::rankings_parser anonymous_grade_eleven_rows_count_unresolved_instead_of_failing
        PASS [   0.004s] (196/726) athletic-rust-pipeline::rankings_parser unknown_roster_result_is_missing_not_a_fake_zero_join
        PASS [   0.007s] (197/726) athletic-rust-pipeline::rankings_parser anonymous_rows_stay_source_rows_without_identity_or_candidate
        PASS [   0.005s] (198/726) athletic-rust-pipeline::rankings_scope canonical_requested_scope_is_the_outdoor_boys_division
        PASS [   0.007s] (199/726) athletic-rust-pipeline::rankings_parser absent_roster_keeps_source_row_and_counts_missing_without_candidate
        PASS [   0.005s] (200/726) athletic-rust-pipeline::rankings_scope indoor_scope_cannot_carry_the_outdoor_list_or_revision
        PASS [   0.019s] (201/726) athletic-rust-pipeline::native_parser_properties search_envelope_preserves_numeric_count_and_next_offset
        PASS [   0.005s] (202/726) athletic-rust-pipeline::rankings_scope every_supported_division_binds_its_own_list_and_revision
        PASS [   0.006s] (203/726) athletic-rust-pipeline::rankings_scope deserialized_scope_must_revalidate_its_division
        PASS [   0.008s] (204/726) athletic-rust-pipeline::rankings_parser published_individual_ids_keep_the_observation_contribution
        PASS [   0.019s] (205/726) athletic-rust-pipeline::profile_html_bounds long_contiguous_rawtext_and_unicode_text_preserve_profile_facts
        PASS [   0.006s] (206/726) athletic-rust-pipeline::rankings_scope unsupported_gender_is_rejected_before_any_scope_exists
        PASS [   0.008s] (207/726) athletic-rust-pipeline::rankings_scope girls_scope_cannot_carry_the_boys_revision
        PASS [   0.025s] (208/726) athletic-rust-pipeline::native_parser_properties profile_html_keeps_only_requested_athlete_cohort
        PASS [   0.010s] (209/726) athletic-rust-pipeline::rankings_storage athlete_lookup_preserves_every_record_in_one_checkpoint
        PASS [   0.024s] (210/726) athletic-rust-pipeline::profile_html_bounds oversized_unfinished_attribute_exhausts_parser_memory_explicitly
        PASS [   0.004s] (211/726) athletic-rust-pipeline::search_html_bounds rows_and_pager_preserve_foreign_text_and_offsets
        PASS [   0.011s] (212/726) athletic-rust-pipeline::rankings_storage exact_page_replay_preserves_counts_before_and_after_sealing
        PASS [   0.018s] (213/726) athletic-rust-pipeline::rankings_storage collection_counts_real_athletes_across_variable_length_event_keys
        PASS [   0.018s] (214/726) athletic-rust-pipeline::result_verify preserves_source_validation_review_without_assessment
        PASS [   0.047s] (215/726) athletic-rust-pipeline runtime::tests::a_panicking_blocking_unit_is_certified_as_panicked
        PASS [   0.052s] (216/726) athletic-rust-pipeline runtime::tests::a_finished_blocking_unit_is_certified_as_completed
        PASS [   0.018s] (217/726) athletic-rust-pipeline::workbook_verify rejects_malformed_output_workbook
        PASS [   0.020s] (218/726) athletic-rust-pipeline::workbook_verify verifies_sparse_rows_and_scalar_cell_semantics
        PASS [   0.027s] (219/726) athletic-rust-pipeline::result_verify rejects_profile_identity_swap_with_matching_inner_url
        PASS [   0.028s] (220/726) athletic-rust-pipeline::result_verify rejects_local_review_claim_for_deterministic_assessment
        PASS [   0.012s] (221/726) athletic-rust-pipeline::workbook_zip_layout local_header_name_mismatch_is_rejected_by_visit_records
        PASS [   0.005s] (222/726) athletic-rust-pipeline::bin/athletic-rust-pipeline cli::args::tests::division_flags_without_rankings_are_rejected
        PASS [   0.031s] (223/726) athletic-rust-pipeline::result_verify rejects_duplicate_report_fields_with_ambiguous_meaning
        PASS [   0.017s] (224/726) athletic-rust-pipeline::workbook_zip_layout duplicate_central_names_are_rejected_by_visit_records
        PASS [   0.014s] (225/726) athletic-rust-pipeline::workbook_zip_layout rust_xlsxwriter_descriptor_workbook_is_accepted
        PASS [   0.003s] (226/726) census-domain jurisdiction::tests::codes_and_names_are_unique
        PASS [   0.002s] (227/726) census-domain jurisdiction::tests::display_prints_the_code
        PASS [   0.003s] (228/726) census-domain jurisdiction::tests::deserialization_validates_instead_of_retaining_strings
        PASS [   0.032s] (229/726) athletic-rust-pipeline::result_verify rejects_local_acceptance_without_review_artifact
        PASS [   0.003s] (230/726) census-domain jurisdiction::tests::all_lists_every_variant_exactly_once_in_declaration_order
        PASS [   0.003s] (231/726) athletic-rust-pipeline::bin/athletic-rust-pipeline cli::args::tests::rankings_alone_keeps_the_outdoor_boys_defaults
        PASS [   0.010s] (232/726) athletic-rust-pipeline::workbook_zip_layout zip64_streaming_descriptors_preserve_workbook_fields
        PASS [   0.005s] (233/726) athletic-rust-pipeline::bin/athletic-rust-pipeline cli::args::tests::explicit_division_selection_survives_parsing
        PASS [   0.004s] (234/726) census-domain jurisdiction::tests::every_jurisdiction_round_trips_through_code_and_name
        PASS [   0.003s] (235/726) census-domain jurisdiction::tests::parse_ignores_case_and_surrounding_whitespace
        PASS [   0.003s] (236/726) census-domain jurisdiction::tests::parse_rejects_territories_and_anything_else
        PASS [   0.003s] (237/726) census-domain model::tests::a_legacy_unresolved_meet_state_decodes_to_none
        PASS [   0.003s] (238/726) census-domain jurisdiction::tests::from_str_reports_the_domain_error
        PASS [   0.002s] (239/726) census-domain model::tests::athlete_ids_separate_gender_sides_and_ignore_spacing
        PASS [   0.002s] (240/726) census-domain model::tests::every_event_label_maps_to_its_kind
        PASS [   0.037s] (241/726) athletic-rust-pipeline::result_verify preserves_review_with_contradictory_profile_without_promotion
        PASS [   0.034s] (242/726) athletic-rust-pipeline::result_verify rejects_performance_projection_that_differs_from_retained_results
        PASS [   0.003s] (243/726) census-domain model::tests::display_impls_render_their_value
        PASS [   0.003s] (244/726) census-domain model::tests::every_namespace_renders_and_classifies
        PASS [   0.005s] (245/726) census-domain model::tests::an_unplaced_meet_keeps_the_legacy_unknown_state_id
        PASS [   0.002s] (246/726) census-domain model::tests::grad_year_get_reads_the_cohort_it_was_built_from
        PASS [   0.003s] (247/726) census-domain model::tests::ids_are_deterministic_and_prefixed
        PASS [   0.003s] (248/726) census-domain model::tests::field_and_relay_flags_match_the_kind
        PASS [   0.003s] (249/726) census-domain model::tests::flip_last_first_handles_both_shapes
        PASS [   0.003s] (250/726) census-domain model::tests::mark_raw_reports_the_published_value_or_its_unit
        PASS [   0.003s] (251/726) census-domain model::tests::meet_identity_is_date_and_name_scoped
        PASS [   0.003s] (252/726) census-domain model::tests::milesplit_gender_aliases_parse
        PASS [   0.002s] (253/726) census-domain model::tests::normalize_name_turns_separators_into_one_space
        PASS [   0.003s] (254/726) census-domain model::tests::normalize_name_reaches_a_fixpoint_on_repeated_suffixes
        PASS [   0.004s] (255/726) census-domain model::tests::normalize_name_folds_every_accented_arm
        PASS [   0.004s] (256/726) census-domain model::tests::normalize_name_strips_school_suffixes_only_from_longer_names
        PASS [   0.003s] (257/726) census-domain model::tests::professional_email_boundaries
        PASS [   0.003s] (258/726) census-domain model::tests::school_state_is_stored_as_the_validated_jurisdiction
        PASS [   0.003s] (259/726) census-domain model::tests::school_year_flips_at_august_first
        PASS [   0.035s] (260/726) athletic-rust-pipeline::workbook_verify rejects_altered_cells_and_extra_header_collisions
        PASS [   0.004s] (261/726) midwest-census bests::tests::relays_are_not_personal_bests
        PASS [   0.004s] (262/726) midwest-census bests::tests::marks_print_in_the_notation_a_reader_expects
        PASS [   0.003s] (263/726) midwest-census bests::tests::times_run_down_and_field_marks_run_up
        PASS [   0.003s] (264/726) midwest-census bootstrap::tests::options_name_the_flag_whose_value_is_missing_or_unparseable
        PASS [   0.003s] (265/726) midwest-census bootstrap::tests::options_reject_unknown_flags_and_zero_concurrency
        PASS [   0.041s] (266/726) athletic-rust-pipeline::result_verify verifies_relay_identity_distinct_from_confirmed_member
        PASS [   0.004s] (267/726) midwest-census bootstrap::tests::options_parse_every_flag
        PASS [   0.003s] (268/726) midwest-census census::identity::tests::an_empty_field_is_digested_rather_than_dropped
        PASS [   0.004s] (269/726) midwest-census census::identity::tests::a_separator_inside_a_field_cannot_forge_field_structure
        PASS [   0.003s] (270/726) midwest-census census::identity::tests::an_oversized_provider_id_is_digested_not_truncated
        PASS [   0.004s] (271/726) midwest-census bootstrap::tests::stop_reason_round_trips_through_its_wire_byte
        PASS [   0.003s] (272/726) midwest-census census::identity::tests::identity_is_a_pure_function_of_its_fields
        PASS [   0.004s] (273/726) midwest-census census::identity::tests::every_jurisdiction_fits_the_identity_ceiling
        PASS [   0.004s] (274/726) midwest-census census::identity::tests::jurisdiction_identity_matches_the_documented_form
        PASS [   0.003s] (275/726) midwest-census census::identity::tests::national_identity_matches_the_documented_form
        PASS [   0.003s] (276/726) midwest-census census::identity::tests::source_sweep_identity_separates_state_and_source
        PASS [   0.009s] (277/726) midwest-census bootstrap::tests::a_non_loopback_listen_is_refused
        PASS [   0.010s] (278/726) midwest-census bests::tests::the_csv_carries_exactly_one_header_row
        PASS [   0.003s] (279/726) midwest-census clock::tests::system_clock_today_format
        PASS [   0.005s] (280/726) midwest-census census::identity::tests::review_identity_keys_on_evidence_and_policy
        PASS [   0.003s] (281/726) midwest-census clock::tests::system_clock_today_iso8601_format
        PASS [   0.041s] (282/726) athletic-rust-pipeline::workbook_verify rejects_missing_duplicated_or_moved_rows
        PASS [   0.009s] (283/726) midwest-census bootstrap::tests::drain_completes_tasks_that_finish_before_the_deadline
        PASS [   0.051s] (284/726) athletic-rust-pipeline::result_verify accepts_reused_query_with_case_and_stage_variant
        PASS [   0.006s] (285/726) midwest-census clock::tests::system_clock_now_is_monotonic
        PASS [   0.003s] (286/726) midwest-census net::tests::jittered_delay_respects_cap
        PASS [   0.003s] (287/726) midwest-census net::tests::robots_named_agent_groups_are_ignored
        PASS [   0.004s] (288/726) midwest-census net::tests::robots_absent_or_empty_allows_everything
        PASS [   0.005s] (289/726) midwest-census net::tests::jittered_delay_increases_with_attempt
        PASS [   0.005s] (290/726) midwest-census net::tests::cache_key_pins_the_on_disk_cache_layout
        PASS [   0.005s] (291/726) midwest-census net::tests::robots_rules_honour_longest_match_and_allow_ties
        PASS [   0.015s] (292/726) midwest-census bootstrap::tests::drain_counts_aborted_tasks_after_the_deadline
        PASS [   0.005s] (293/726) midwest-census outcome::tests::drain_state_cancelled_on_abort
        PASS [   0.093s] (294/726) athletic-rust-pipeline runtime::export::projection::tests::oversized_selected_profile_moves_summary_to_detail_sidecar_without_truncation
        PASS [   0.073s] (295/726) athletic-rust-pipeline::profile_html_bounds long_table_text_preserves_following_identity_evidence
        PASS [   0.005s] (296/726) midwest-census outcome::tests::drain_state_panicked_on_task_panic
        PASS [   0.004s] (297/726) midwest-census outcome::tests::from_join_panic_is_panicked
        PASS [   0.007s] (298/726) midwest-census outcome::tests::drain_state_completed
        PASS [   0.005s] (299/726) midwest-census outcome::tests::from_join_cancelled_is_cancelled
        PASS [   0.005s] (300/726) midwest-census outcome::tests::from_join_err_wraps_error
        PASS [   0.005s] (301/726) midwest-census outcome::tests::from_join_ok_wraps_value
        PASS [   0.057s] (302/726) athletic-rust-pipeline::result_verify verifies_deterministic_positive_from_retained_evidence
        PASS [   0.058s] (303/726) athletic-rust-pipeline::result_verify rejects_rehashed_canonical_assessment_flag_tampering
        PASS [   0.004s] (304/726) midwest-census restate_services::tests::a_state_named_twice_is_refused_instead_of_walked_twice
        PASS [   0.009s] (305/726) midwest-census report::coverage::tests::an_empty_store_publishes_every_jurisdiction_with_a_gap
        PASS [   0.009s] (306/726) midwest-census report::coverage::tests::jurisdiction_rows_sum_to_the_store_totals
        PASS [   0.007s] (307/726) midwest-census restate_services::tests::a_named_jurisdiction_set_keeps_the_callers_order
        PASS [   0.012s] (308/726) midwest-census report::coverage::tests::a_jurisdiction_row_carries_the_counted_columns
        PASS [   0.066s] (309/726) athletic-rust-pipeline::result_verify rejects_forged_selection_and_duplicate_source_keys
        PASS [   0.012s] (310/726) midwest-census report::coverage::tests::a_mirror_result_plane_row_is_counted_but_never_core
        PASS [   0.011s] (311/726) midwest-census report::coverage::tests::gap_classes_carry_the_count_that_produced_them
        PASS [   0.009s] (312/726) midwest-census report::tests::core_scope_keeps_only_non_athletic_net_evidence
        PASS [   0.010s] (313/726) midwest-census report::tests::every_jurisdiction_publishes_a_by_state_row
        PASS [   0.011s] (314/726) midwest-census report::tests::census_reads_merged_observations_without_consolidating
        PASS [   0.004s] (315/726) midwest-census restate_services::tests::an_omitted_scope_matches_the_cli_default_and_unknown_scopes_are_rejected
        PASS [   0.005s] (316/726) midwest-census restate_services::tests::an_empty_jurisdiction_list_covers_every_state_in_declaration_order
        PASS [   0.007s] (317/726) midwest-census restate_services::tests::a_walk_with_no_concurrency_is_refused
        PASS [   0.003s] (318/726) midwest-census restate_services::tests::table_names_resolve_and_reject_typos
        PASS [   0.013s] (319/726) midwest-census report::coverage::tests::reconcile_refuses_a_report_whose_rows_lost_a_row
        PASS [   0.006s] (320/726) midwest-census restate_services::tests::cohort_label_names_the_reduction
        PASS [   0.004s] (321/726) midwest-census restate_services::tests::the_collection_date_is_the_days_today_unless_the_request_names_one
        PASS [   0.014s] (322/726) midwest-census report::tests::census_counts_class_of_2027_with_evidence
        PASS [   0.003s] (323/726) midwest-census restate_services::tests::the_roster_ceiling_admits_its_boundary_and_refuses_one_past_it
        PASS [   0.007s] (324/726) midwest-census restate_services::tests::empty_table_list_means_every_table_in_order
        PASS [   0.007s] (325/726) midwest-census restate_services::tests::job_failures_classify_for_retry_but_a_violated_invariant_and_a_panic_never_retry
        PASS [   0.004s] (326/726) midwest-census school_index::tests::matching_never_crosses_state_lines
        PASS [   0.005s] (327/726) midwest-census restate_services::tests::the_walk_options_carry_the_runs_shared_knobs
        PASS [   0.004s] (328/726) midwest-census school_index::tests::relay_squad_letters_are_not_part_of_the_school_name
        PASS [   0.005s] (329/726) midwest-census school_index::tests::exact_and_abbreviated_labels_resolve
        PASS [   0.006s] (330/726) midwest-census school_index::tests::ambiguous_labels_stay_unresolved
        PASS [   0.097s] (331/726) athletic-rust-pipeline::ingress_failure_surface status_reports_the_ingress_failure_message
        PASS [   0.007s] (332/726) midwest-census school_index::tests::truncated_and_prefixed_labels_resolve_to_the_unique_school
        PASS [   0.012s] (333/726) midwest-census restate_services::tests::rows_without_an_id_are_rejected_by_the_store_and_nothing_is_written
        PASS [   0.003s] (334/726) midwest-census sources::athleticlive::tests::corrupt_years_are_flagged_not_silently_kept
        PASS [   0.103s] (335/726) athletic-rust-pipeline::bundle_verify rejects_annotation_and_sidecar_tampering_despite_preserved_original_cells
        PASS [   0.004s] (336/726) midwest-census sources::athleticlive::tests::missing_required_column_is_an_error_not_a_panic
        PASS [   0.010s] (337/726) midwest-census sources::athleticlive::results::tests::both_mark_channels_agree_on_every_captured_row
        PASS [   0.007s] (338/726) midwest-census sources::athleticlive::tests::level_inference_only_fires_on_explicit_markers
        PASS [   0.005s] (339/726) midwest-census sources::athleticlive::tests::parses_harvest_rows_and_keeps_only_known_states
        PASS [   0.005s] (340/726) midwest-census sources::athleticlive::tests::quoted_fields_do_not_break_column_alignment
        PASS [   0.086s] (341/726) athletic-rust-pipeline::result_verify rejects_changed_artifacts_with_stale_declared_digests
        PASS [   0.004s] (342/726) midwest-census sources::athleticlive_athletes::tests::grade_is_interpreted_against_the_meet_school_year
        PASS [   0.006s] (343/726) midwest-census sources::athleticlive::tests::tenants_publishing_one_meet_merge_into_one_canonical_meet
        PASS [   0.011s] (344/726) midwest-census sources::athleticlive::results::tests::event_document_rows_carry_the_published_shapes
        PASS [   0.003s] (345/726) midwest-census sources::athleticlive_athletes::tests::implausible_meet_dates_are_skipped_and_counted
        PASS [   0.004s] (346/726) midwest-census sources::athleticlive_athletes::tests::grade_tokens_cover_numeric_and_letter_encodings
        PASS [   0.005s] (347/726) midwest-census sources::athleticlive_athletes::tests::empty_and_malformed_hits_yield_nothing_instead_of_panicking
        PASS [   0.042s] (348/726) midwest-census net::execute::tests::a_partial_advance_leaves_the_next_turn_gated
        PASS [   0.005s] (349/726) midwest-census sources::athleticlive_athletes::tests::meet_targets_deduplicate_by_athleticlive_id_and_respect_state_filter
        PASS [   0.040s] (350/726) midwest-census net::tests::an_exact_host_never_widens_into_its_parent_domain
        PASS [   0.005s] (351/726) midwest-census sources::athleticlive_athletes::tests::one_athlete_seen_at_two_meets_stays_one_athlete
        PASS [   0.042s] (352/726) midwest-census net::execute::tests::turns_for_one_host_are_spaced_by_exactly_the_robots_delay
        PASS [   0.043s] (353/726) midwest-census net::execute::tests::an_authorized_host_is_never_paced_faster_than_the_policy_ceiling
        PASS [   0.044s] (354/726) midwest-census net::execute::tests::a_retry_backoff_advances_by_exactly_the_schedule
        PASS [   0.004s] (355/726) midwest-census sources::athleticlive_athletes::tests::rows_become_canonical_entities_with_athletic_net_seeds
        PASS [   0.004s] (356/726) midwest-census sources::athleticnet::meet::tests::a_jurisdiction_is_read_only_from_a_published_state_code
        PASS [   0.042s] (357/726) midwest-census net::tests::no_host_is_authorized_by_default
        PASS [   0.044s] (358/726) midwest-census net::tests::a_bare_domain_authorizes_its_subdomains_but_not_lookalikes
        PASS [   0.006s] (359/726) midwest-census sources::athleticlive_athletes::tests::query_filters_grades_server_side
        PASS [   0.003s] (360/726) midwest-census sources::athleticnet::tests::a_no_mark_row_yields_no_performance
        PASS [   0.004s] (361/726) midwest-census sources::athleticnet::tests::a_registry_is_refused_rather_than_guessed_between_states
        PASS [   0.003s] (362/726) midwest-census sources::athleticnet::tests::marks_are_read_in_the_form_athleticnet_publishes
        PASS [   0.093s] (363/726) athletic-rust-pipeline::result_verify rejects_indistinguishable_local_selection_with_rehashed_evidence
        PASS [   0.004s] (364/726) midwest-census sources::athleticnet::tests::cross_country_and_track_rows_deserialize_from_their_published_shapes
        PASS [   0.004s] (365/726) midwest-census sources::athleticnet::tests::the_athleticnet_namespace_is_outside_the_core_scope
        PASS [   0.005s] (366/726) midwest-census sources::athleticnet::tests::a_registry_line_carries_an_id_and_optionally_a_state
        PASS [   0.005s] (367/726) midwest-census sources::coach_contacts::tests::coach_rows_become_canonical_entities_with_evidence
        PASS [   0.004s] (368/726) midwest-census sources::coach_contacts::tests::parses_sport_and_gender_labels
        PASS [   0.004s] (369/726) midwest-census sources::coach_contacts::tests::non_coaching_roles_are_not_imported
        PASS [   0.003s] (370/726) midwest-census sources::hytek::identity::tests::a_school_label_that_is_not_an_identity_is_left_alone
        PASS [   0.019s] (371/726) midwest-census sources::athleticnet::meet::tests::a_meet_the_payload_does_not_place_is_dropped_whole
        PASS [   0.008s] (372/726) midwest-census sources::hytek::identity::tests::the_individual_shape_reads_back_as_athlete_grade_and_school
        PASS [   0.013s] (373/726) midwest-census sources::coach_contacts::tests::import_dedupes_schools_and_ad_rows
        PASS [   0.016s] (374/726) midwest-census sources::compiled::tests::print_artifacts_do_not_become_part_of_the_meet_name
        PASS [   0.007s] (375/726) midwest-census sources::hytek::tests::event_labels_map_onto_the_ontology
        PASS [   0.019s] (376/726) midwest-census sources::compiled::tests::a_file_without_a_header_is_not_claimed
        PASS [   0.015s] (377/726) midwest-census sources::hytek::tests::a_file_without_a_meet_header_is_skipped_rather_than_guessed
        PASS [   0.004s] (378/726) midwest-census sources::hytek::tests::marks_parse_from_published_notation
        PASS [   0.003s] (379/726) midwest-census sources::hytek::tests::pdf_page_breaks_do_not_glue_pages_together
        PASS [   0.050s] (380/726) midwest-census restate_services::tests::oversized_batches_are_refused_without_touching_the_store
        PASS [   0.024s] (381/726) midwest-census sources::hytek::identity::tests::an_individual_row_under_a_relay_header_keeps_its_athlete_grade_and_school
        PASS [   0.047s] (382/726) midwest-census sources::athleticlive::results::tests::club_labels_and_an_empty_grade_cell_are_refused_not_invented
        PASS [   0.154s] (383/726) athletic-rust-pipeline runtime::source::http::challenge::tests::challenge_markers_beyond_scan_bound_are_ignored
        PASS [   0.047s] (384/726) midwest-census sources::athleticlive::results::tests::the_event_summary_lists_individual_events_and_excludes_relays
        PASS [   0.028s] (385/726) midwest-census sources::compiled::tests::regional_export_parses_both_blocks_of_a_page
        PASS [   0.051s] (386/726) midwest-census sources::athleticlive::results::tests::a_standings_capture_whose_run_key_no_document_published_is_refused
        PASS [   0.004s] (387/726) midwest-census sources::ihsa::tests::coach_entity_from_rich_fixture
        PASS [   0.004s] (388/726) midwest-census sources::ihsa::tests::coach_title_maps_sport_and_gender
        PASS [   0.004s] (389/726) midwest-census sources::ihsa::tests::coach_title_returns_none_for_non_coaching
        PASS [   0.004s] (390/726) midwest-census sources::ihsa::tests::email_reveal_parses_only_real_addresses
        PASS [   0.079s] (391/726) midwest-census net::tests::authorization_never_relaxes_the_two_rps_ceiling
        PASS [   0.022s] (392/726) midwest-census sources::hytek::tests::a_seed_column_does_not_bleed_into_the_school_label_or_the_mark
        PASS [   0.057s] (393/726) midwest-census sources::athleticlive::results::tests::a_standings_capture_folds_into_the_event_that_published_its_run_key
        PASS [   0.010s] (394/726) midwest-census sources::hytek::tests::uppercase_pre_blocks_parse_like_plain_text
        PASS [   0.005s] (395/726) midwest-census sources::ihsa::tests::empty_json_object_parses_empty_lists
        PASS [   0.033s] (396/726) midwest-census sources::hytek::identity::tests::the_relay_rows_around_it_stay_school_labels
        PASS [   0.004s] (397/726) midwest-census sources::ihsa::tests::honorifics_stripped_from_names
        PASS [   0.043s] (398/726) midwest-census sources::athleticnet::meet::tests::the_meet_row_carries_what_the_document_publishes_and_nothing_it_does_not
        PASS [   0.004s] (399/726) midwest-census sources::ihsa::tests::malformed_json_errors_out
        PASS [   0.044s] (400/726) midwest-census sources::athleticnet::meet::tests::grades_are_read_only_where_the_payload_publishes_one
        PASS [   0.005s] (401/726) midwest-census sources::ihsa::tests::no_cell_phones_or_personal_data_in_entities
        PASS [   0.007s] (402/726) midwest-census sources::ihsa::tests::email_reveal_targets_only_shipped_roles
        PASS [   0.023s] (403/726) midwest-census sources::hytek::tests::header_lines_yield_the_meet_name_date_and_timer
        PASS [   0.028s] (404/726) midwest-census sources::hytek::tests::field_rows_keep_the_imperial_mark_and_the_flight
        PASS [   0.047s] (405/726) midwest-census sources::athleticnet::meet::tests::a_relay_squad_becomes_one_performance_per_leg_and_never_a_person
        PASS [   0.005s] (406/726) midwest-census sources::ihsa::tests::parses_school_into_canonical
        PASS [   0.004s] (407/726) midwest-census sources::ihsa::tests::parses_staff_fixture_rich
        PASS [   0.004s] (408/726) midwest-census sources::ihsa::tests::role_parsed_for_coaching_and_ad
        PASS [   0.006s] (409/726) midwest-census sources::ihsa::tests::office_roles_excluded_from_coaches
        PASS [   0.004s] (410/726) midwest-census sources::ihsa::tests::parses_staff_fixture_office_only
        PASS [   0.046s] (411/726) midwest-census sources::athleticnet::meet::tests::the_probe_meet_reads_every_published_row
        PASS [   0.005s] (412/726) midwest-census sources::ihsa::tests::parses_schools_fixture
        PASS [   0.008s] (413/726) midwest-census sources::ihsa::tests::kept_staff_rows_advertise_an_email
        PASS [   0.049s] (414/726) midwest-census sources::athleticnet::meet::tests::every_performance_is_keyed_by_the_published_result_it_came_from
        PASS [   0.003s] (415/726) midwest-census sources::ihsa::tests::school_url_becomes_school_website
        PASS [   0.005s] (416/726) midwest-census sources::ihsa::tests::parses_school_name_city_id
        PASS [   0.003s] (417/726) midwest-census sources::ihsa::tests::school_with_blank_name_is_skipped
        PASS [   0.017s] (418/726) midwest-census sources::hytek::tests::the_trackside_template_parses_place_grade_school_and_field_marks
        PASS [   0.050s] (419/726) midwest-census sources::athleticnet::meet::tests::every_published_team_id_mints_a_school_and_a_team
        PASS [   0.025s] (420/726) midwest-census sources::hytek::tests::individual_rows_carry_place_grade_school_mark_and_wind
        PASS [   0.004s] (421/726) midwest-census sources::ihsa::tournament::tests::date_and_class_helpers_read_what_the_index_publishes
        PASS [   0.006s] (422/726) midwest-census sources::ihsa::tests::role_returns_none_for_office_roles
        PASS [   0.003s] (423/726) midwest-census sources::ihsa::tournament::tests::terms_pin_the_newest_completed_school_year
        PASS [   0.004s] (424/726) midwest-census sources::ihsa::tournament::tests::meets_index_pins_both_state_finals_and_their_athletic_net_live_ids
        PASS [   0.006s] (425/726) midwest-census sources::ihsa::tests::track_and_cross_country_roles_are_kept
        PASS [   0.004s] (426/726) midwest-census sources::ihsa::tournament::tests::mark_forms_seen_in_the_corpus_parse_to_canonical_marks
        PASS [   0.004s] (427/726) midwest-census sources::ihsa::tournament::tests::xc_empty_archive_decodes_to_an_empty_envelope
        PASS [   0.023s] (428/726) midwest-census sources::hytek::tests::team_score_lines_are_not_mistaken_for_results
        PASS [   0.004s] (429/726) midwest-census sources::ihsa::tournament::tests::xc_missing_archive_is_an_error_envelope_not_a_qualifier_payload
        PASS [   0.006s] (430/726) midwest-census sources::ihsa::tournament::tests::grade_parser_rejects_what_is_not_a_high_school_grade
        PASS [   0.025s] (431/726) midwest-census sources::hytek::tests::plain_text_reports_parse_the_same_way_as_html_ones
        PASS [   0.006s] (432/726) midwest-census sources::ihsa::tournament::tests::summary_round_label_is_derived_from_the_published_code
        PASS [   0.009s] (433/726) midwest-census sources::ihsa::tournament::tests::captain_summaries_are_distinct_events
        PASS [   0.007s] (434/726) midwest-census sources::ihsa::tournament::tests::relay_summary_pins_four_legs_per_team_with_ids_and_grades
        PASS [   0.007s] (435/726) midwest-census sources::ihsa::tournament::tests::hj_summary_pins_net_and_live_ids_on_every_finisher
        PASS [   0.004s] (436/726) midwest-census sources::ks::tests::empty_json_array_returns_zero_rows
        PASS [   0.007s] (437/726) midwest-census sources::ihsa::tournament::tests::xc_boys_1a_pins_ids_grades_and_sector_equality
        PASS [   0.007s] (438/726) midwest-census sources::ihsa::tournament::tests::xc_girls_list_publishes_the_same_shape
        PASS [   0.004s] (439/726) midwest-census sources::ks::tests::honorific_stripped_from_ad_name
        PASS [   0.004s] (440/726) midwest-census sources::ks::tests::fixture_ad_email_fill_rate
        PASS [   0.008s] (441/726) midwest-census sources::ihsa::tournament::tests::events_index_pins_97_event_rows_with_round_and_class_splits
        PASS [   0.026s] (442/726) midwest-census sources::hytek::tests::relay_rows_name_the_school_and_list_their_legs_with_grades
        PASS [   0.004s] (443/726) midwest-census sources::ks::tests::empty_ad_name_yields_none
        PASS [   0.004s] (444/726) midwest-census sources::ks::tests::malformed_json_errors_out
        PASS [   0.005s] (445/726) midwest-census sources::ks::tests::no_cell_phones_or_principal_data_in_entities
        PASS [   0.004s] (446/726) midwest-census sources::ks::tests::parses_ad_coach_from_record
        PASS [   0.004s] (447/726) midwest-census sources::ks::tests::parses_fixture_records
        PASS [   0.004s] (448/726) midwest-census sources::ks::tests::parses_school_from_record
        PASS [   0.004s] (449/726) midwest-census sources::ks::tests::school_with_no_class_or_enrollment_parses
        PASS [   0.004s] (450/726) midwest-census sources::ks::tests::school_with_no_website_parses
        PASS [   0.006s] (451/726) midwest-census sources::milesplit::tests::result_set_urls_are_checked_and_disallowed_routes_are_never_built
        PASS [   0.015s] (452/726) midwest-census sources::ihsa::tournament::tests::xc_boys_three_classes_total_the_measured_1214_athletes_and_358_juniors
        PASS [   0.003s] (453/726) midwest-census sources::mshsl::tests::coach_levels_map_to_roles_and_only_school_domains_survive
        PASS [   0.016s] (454/726) midwest-census sources::ihsa::tournament::tests::summaries_contain_no_unhandled_mark_form
        PASS [   0.009s] (455/726) midwest-census sources::milesplit::tests::parses_team_index_rows
        PASS [   0.009s] (456/726) midwest-census sources::milesplit::tests::raw_result_set_body_pins_80_rows_in_two_sections
        PASS [   0.009s] (457/726) midwest-census sources::milesplit::tests::raw_row_that_does_not_fit_the_column_map_is_reported
        PASS [   0.009s] (458/726) midwest-census sources::milesplit::tests::raw_rows_without_a_high_school_grade_are_counted_not_minted
        PASS [   0.008s] (459/726) midwest-census sources::mshsl::tests::cfemail_decodes_to_the_published_addresses
        PASS [   0.006s] (460/726) midwest-census sources::mshsl::tests::honorifics_are_stripped_before_minting
        PASS [   0.013s] (461/726) midwest-census sources::milesplit::tests::malformed_html_fails_loudly
        PASS [   0.014s] (462/726) midwest-census sources::milesplit::tests::a_high_school_grade_is_carried_as_dated_evidence
        PASS [   0.085s] (463/726) midwest-census sources::athleticlive::results::tests::a_second_run_resumes_the_capture_the_first_journaled
        PASS [   0.004s] (464/726) midwest-census sources::ohsaa::tests::malformed_ad_does_not_panic
        PASS [   0.005s] (465/726) midwest-census sources::mshsl::tests::team_nodes_filter_to_track_and_cross_country
        PASS [   0.004s] (466/726) midwest-census sources::ohsaa::tests::malformed_search_does_not_panic
        PASS [   0.004s] (467/726) midwest-census sources::ohsaa::tests::malformed_sports_does_not_panic
        PASS [   0.008s] (468/726) midwest-census sources::mshsl::tests::listing_rows_carry_slug_name_and_city
        PASS [   0.008s] (469/726) midwest-census sources::mshsl::tests::pagination_follows_the_real_pager
        PASS [   0.072s] (470/726) midwest-census sources::athleticnet::meet::tests::published_row_tokens_are_read_in_the_forms_this_capture_uses
        PASS [   0.005s] (471/726) midwest-census sources::ohsaa::tests::office_roles_never_imported_as_coaches
        PASS [   0.003s] (472/726) midwest-census sources::ohsaa::tests::parse_ad_page_excludes_office_roles_from_director
        PASS [   0.004s] (473/726) midwest-census sources::ohsaa::tests::parse_ad_page_malformed_yields_empty
        PASS [   0.005s] (474/726) midwest-census sources::ohsaa::tests::parse_ad_page_extracts_director
        PASS [   0.088s] (475/726) midwest-census sources::athleticlive::results::tests::collect_maps_a_captured_state_final_into_the_canonical_tables
        PASS [   0.003s] (476/726) midwest-census sources::ohsaa::tests::parse_coach_cell_skips_na
        PASS [   0.004s] (477/726) midwest-census sources::ohsaa::tests::parse_coach_cell_parses_mailto
        PASS [   0.003s] (478/726) midwest-census sources::ohsaa::tests::parse_search_empty_yields_empty_vec
        PASS [   0.003s] (479/726) midwest-census sources::ohsaa::tests::parse_sport_label_maps_correctly
        PASS [   0.005s] (480/726) midwest-census sources::ohsaa::tests::parse_search_deduplicates_rows
        PASS [   0.005s] (481/726) midwest-census sources::ohsaa::tests::parse_sports_table_extracts_track_field
        PASS [   0.006s] (482/726) midwest-census sources::ohsaa::tests::parse_search_returns_unique_schools
        PASS [   0.004s] (483/726) midwest-census sources::ohsaa::tests::parse_sports_table_malformed_yields_empty
        PASS [   0.004s] (484/726) midwest-census sources::ohsaa::tests::parse_sports_table_extracts_xc_coaches
        PASS [   0.004s] (485/726) midwest-census sources::ohsaa::tests::school_entities_handles_tba_girls_coach
        PASS [   0.003s] (486/726) midwest-census sources::ohsaa::tests::strip_honorific_removes_prefixes
        PASS [   0.005s] (487/726) midwest-census sources::ohsaa::tests::parse_sports_table_handles_tba
        PASS [   0.017s] (488/726) midwest-census sources::mshsl::tests::malformed_payloads_yield_zero_rows_instead_of_panicking
        PASS [   0.006s] (489/726) midwest-census sources::ohsaa::tests::school_entities_includes_ad_and_xc_coaches
        PASS [   0.027s] (490/726) midwest-census sources::mshsl::tests::athletic_directors_are_the_only_admin_rows_emitted
        PASS [   0.030s] (491/726) midwest-census sources::milesplit::tests::parses_roster_rows_with_grad_year_and_seasons
        PASS [   0.028s] (492/726) midwest-census sources::mshsl::tests::ad_email_fill_rate_on_the_fixtures
        PASS [   0.086s] (493/726) midwest-census sources::athleticnet::meet::tests::the_third_request_settles_the_marks_the_labels_already_settle
        PASS [   0.009s] (494/726) midwest-census sources::plain_names::tests::nd_index_dedupes_and_ignores_other_links
        PASS [   0.032s] (495/726) midwest-census sources::milesplit::tests::roster_entities_are_canonical_and_source_independent
        PASS [   0.010s] (496/726) midwest-census sources::plain_names::tests::nd_index_lists_every_member_school
        PASS [   0.004s] (497/726) midwest-census sources::plain_names::tests::nd_sport_labels_map_to_sport_and_gender
        PASS [   0.171s] (498/726) athletic-rust-pipeline::workbook_verify rejects_shared_string_row_amplification_and_bad_dimensions
        PASS [   0.027s] (499/726) midwest-census sources::mshsl::tests::school_page_yields_canonical_school_with_identity_and_evidence
        PASS [   0.029s] (500/726) midwest-census sources::mshsl::tests::office_roles_never_become_coaches_or_athletic_directors
        PASS [   0.017s] (501/726) midwest-census sources::plain_names::tests::nd_malformed_input_yields_no_rows
        PASS [   0.032s] (502/726) midwest-census sources::mshsl::tests::published_phones_and_consumer_mailboxes_never_reach_the_store
        PASS [   0.021s] (503/726) midwest-census sources::plain_names::tests::nd_fixture_reports_its_own_fill_rate
        PASS [   0.019s] (504/726) midwest-census sources::plain_names::tests::nd_page_without_ad_yields_no_director_rows
        PASS [   0.020s] (505/726) midwest-census sources::plain_names::tests::nd_offering_rows_and_coop_annotations_parse
        PASS [   0.019s] (506/726) midwest-census sources::plain_names::tests::nd_school_page_never_stores_phone_fax_or_address
        PASS [   0.010s] (507/726) midwest-census sources::plain_names::tests::nsaa_malformed_input_yields_no_rows
        PASS [   0.004s] (508/726) midwest-census sources::raceday::tests::divisions_parse_from_both_spellings
        PASS [   0.049s] (509/726) midwest-census sources::milesplit::tests::team_index_row_count_pins_a_whole_state_in_one_body
        PASS [   0.030s] (510/726) midwest-census sources::plain_names::tests::nd_school_page_parses_school_metadata
        PASS [   0.034s] (511/726) midwest-census sources::plain_names::tests::nd_entities_carry_no_emails_anywhere
        PASS [   0.036s] (512/726) midwest-census sources::plain_names::tests::nd_ad_coaches_include_ad_and_activities_director_only
        PASS [   0.026s] (513/726) midwest-census sources::plain_names::tests::nsaa_directory_parses_every_school_block
        PASS [   0.013s] (514/726) midwest-census sources::raceday::tests::a_declined_grid_row_is_reported_as_skipped_not_counted_as_parsed
        PASS [   0.029s] (515/726) midwest-census sources::plain_names::tests::nd_sport_coaches_are_names_only
        PASS [   0.028s] (516/726) midwest-census sources::plain_names::tests::nsaa_director_rows_map_to_athletic_director
        PASS [   0.031s] (517/726) midwest-census sources::plain_names::tests::nsaa_coop_annotations_are_stripped_from_names
        PASS [   0.003s] (518/726) midwest-census sources::registry::tests::bulk_first_puts_a_bulk_source_before_an_athlete_index
        PASS [   0.019s] (519/726) midwest-census sources::plain_names::tests::nsaa_school_url_round_trips_the_published_name
        PASS [   0.005s] (520/726) midwest-census sources::registry::tests::artifact_adapters_declare_no_fetchable_host
        PASS [   0.005s] (521/726) midwest-census sources::registry::tests::a_crawl_delay_host_declares_the_slower_rate
        PASS [   0.004s] (522/726) midwest-census sources::registry::tests::descriptor_answers_every_registered_slug_and_nothing_else
        PASS [   0.030s] (523/726) midwest-census sources::plain_names::tests::nsaa_fixture_yields_exactly_the_verified_entities
        PASS [   0.031s] (524/726) midwest-census sources::plain_names::tests::nsaa_entities_carry_no_emails_anywhere
        PASS [   0.003s] (525/726) midwest-census sources::registry::tests::every_admission_repeats_the_transport_bound
        PASS [   0.031s] (526/726) midwest-census sources::plain_names::tests::nsaa_fixture_reports_its_own_fill_rate_and_entity_count
        PASS [   0.007s] (527/726) midwest-census sources::registry::tests::bands_run_bulk_meet_athlete_then_directories
        PASS [   0.004s] (528/726) midwest-census sources::registry::tests::every_admission_stays_inside_the_collection_ceiling
        PASS [   0.003s] (529/726) midwest-census sources::registry::tests::every_provider_module_is_registered_exactly_once
        PASS [   0.003s] (530/726) midwest-census sources::registry::tests::one_origin_has_one_declared_policy
        PASS [   0.004s] (531/726) midwest-census sources::registry::tests::every_plan_slug_resolves_and_stays_in_the_plan
        PASS [   0.030s] (532/726) midwest-census sources::plain_names::tests::nsaa_form_option_list_yields_the_member_schools
        PASS [   0.006s] (533/726) midwest-census sources::registry::tests::equal_bands_order_by_slug_and_ignore_repeats
        PASS [   0.030s] (534/726) midwest-census sources::plain_names::tests::nsaa_multi_name_cells_split_into_one_entity_per_person
        PASS [   0.003s] (535/726) midwest-census sources::tfrrs::tests::routes_name_the_state_and_the_season_they_publish
        PASS [   0.005s] (536/726) midwest-census sources::tfrrs::tests::a_field_row_reads_feet_inches_beside_the_hosts_metres
        PASS [   0.006s] (537/726) midwest-census sources::tfrrs::tests::a_sprint_row_reads_every_column_it_publishes
        PASS [   0.006s] (538/726) midwest-census sources::tfrrs::tests::a_relay_row_lists_its_members_without_a_single_athlete
        PASS [   0.006s] (539/726) midwest-census sources::tfrrs::tests::a_team_page_publishes_its_roster_and_season
        PASS [   0.049s] (540/726) midwest-census sources::plain_names::tests::collect_skips_providers_it_was_not_asked_for
        PASS [   0.005s] (541/726) midwest-census sources::tfrrs::tests::the_published_vocabulary_reads_the_hosts_tokens
        PASS [   0.076s] (542/726) midwest-census sources::ihsa::tournament::walk_tests::out_of_scope_states_spend_no_request
        PASS [   0.006s] (543/726) midwest-census sources::tfrrs::tests::a_track_size_row_keeps_the_hosts_conversion_note
        PASS [   0.005s] (544/726) midwest-census sources::wayzata::tests::a_school_venue_resolves_only_where_exactly_one_state_owns_it
        PASS [   0.005s] (545/726) midwest-census sources::wayzata::tests::a_school_shaped_venue_is_read_with_its_suffix_written_out
        PASS [   0.006s] (546/726) midwest-census sources::tfrrs::tests::sections_keep_the_hosts_labels_sides_and_handles
        PASS [   0.031s] (547/726) midwest-census sources::plain_names::tests::nsaa_office_row_is_ignored_but_the_same_persons_coaching_row_is_kept
        PASS [   0.005s] (548/726) midwest-census sources::wayzata::tests::a_track_row_lands_in_the_season_its_month_belongs_to
        PASS [   0.007s] (549/726) midwest-census sources::tfrrs::tests::the_home_page_publishes_the_team_route_family
        PASS [   0.006s] (550/726) midwest-census sources::wayzata::tests::level_of_reads_the_round_out_of_the_meet_name
        PASS [   0.029s] (551/726) midwest-census sources::plain_names::tests::nsaa_sport_rows_map_to_head_coach_sport_and_gender
        PASS [   0.031s] (552/726) midwest-census sources::plain_names::tests::nsaa_single_school_page_matches_the_bulk_block
        PASS [   0.004s] (553/726) midwest-census sources::wiaa::tests::empty_index_fragment_yields_no_rows
        PASS [   0.004s] (554/726) midwest-census sources::wiaa::tests::honorifics_are_stripped_from_person_names
        PASS [   0.034s] (555/726) midwest-census sources::plain_names::tests::nsaa_office_roles_are_never_emitted
        PASS [   0.005s] (556/726) midwest-census sources::wiaa::tests::cfemail_decoding_matches_published_addresses
        PASS [   0.005s] (557/726) midwest-census sources::wiaa::tests::index_parsing_yields_org_ids_level_and_city
        PASS [   0.007s] (558/726) midwest-census sources::wayzata::tests::venue_state_only_answers_for_unambiguous_venues
        PASS [   0.007s] (559/726) midwest-census sources::wiaa::tests::empty_or_malformed_payload_yields_zero_rows
        PASS [   0.027s] (560/726) midwest-census sources::raceday::tests::finish_list_rows_carry_place_grade_school_and_the_final_time
        PASS [   0.005s] (561/726) midwest-census sources::wiaa::tests::office_staff_are_never_imported_as_coaches_or_directors
        PASS [   0.004s] (562/726) midwest-census sources::wiaa_results::tests::formats_are_decided_by_extension_and_sniffed_body
        PASS [   0.006s] (563/726) midwest-census sources::wiaa::tests::school_without_coach_rows_yields_no_coaching_rows
        PASS [   0.005s] (564/726) midwest-census sources::wiaa::tests::school_page_yields_name_city_conference_ad_and_identity
        PASS [   0.004s] (565/726) midwest-census sources::wiaa_results::tests::meet_levels_come_from_the_published_name
        PASS [   0.027s] (566/726) midwest-census sources::raceday::tests::the_published_row_counters_are_the_rows_the_reader_took
        PASS [   0.007s] (567/726) midwest-census sources::wiaa::tests::measured_email_fill_rate_on_captured_pages
        PASS [   0.004s] (568/726) midwest-census sources::wiaa_results::tests::school_year_follows_the_sport_boundary
        PASS [   0.006s] (569/726) midwest-census sources::wiaa::tests::sport_and_role_labels_are_mapped_strictly
        PASS [   0.075s] (570/726) midwest-census sources::mshsl::tests::collect_fetches_parses_appends_journals_and_reports_from_a_warm_cache
        PASS [   0.009s] (571/726) midwest-census sources::wiaa::tests::coach_rows_map_to_sport_and_gender
        PASS [   0.026s] (572/726) midwest-census sources::raceday::tests::the_team_summary_table_never_becomes_athlete_rows
        PASS [   0.004s] (573/726) midwest-census spawn::tests::a_drain_counts_finished_work_and_the_deadline_separately
        PASS [   0.004s] (574/726) midwest-census spawn::tests::a_timeout_the_clock_cannot_represent_still_drains
        PASS [   0.004s] (575/726) midwest-census spawn::tests::adopting_counts_the_set_it_was_handed
        PASS [   0.005s] (576/726) midwest-census spawn::tests::a_task_started_after_a_drain_belongs_to_the_next_one
        PASS [   0.004s] (577/726) midwest-census spawn::tests::counts_saturate_instead_of_wrapping
        PASS [   0.004s] (578/726) midwest-census spawn::tests::blocking_returns_the_jobs_value_and_the_jobs_error
        PASS [   0.005s] (579/726) midwest-census spawn::tests::blocking_classifies_a_panicking_job_as_panicked
        PASS [   0.006s] (580/726) midwest-census spawn::tests::drain_aborts_and_counts_what_outlives_the_deadline
        PASS [   0.005s] (581/726) midwest-census spawn::tests::drain_reaps_and_counts_a_task_that_finishes_inside_the_deadline
        PASS [   0.006s] (582/726) midwest-census spawn::tests::drain_counts_a_panicking_task_as_panicked
        PASS [   0.012s] (583/726) midwest-census spawn::loom_tests::accepted_units_are_counted_exactly_once
        PASS [   0.007s] (584/726) midwest-census store::tests::journal_roundtrips_resume_keys
        PASS [   0.007s] (585/726) midwest-census store::tests::consolidation_merges_evidence_and_identities
        PASS [   0.016s] (586/726) midwest-census sources::wiaa_results::tests::archive_links_carry_year_stem_label_and_extension
        PASS [   0.008s] (587/726) midwest-census store::tests::a_consumer_mailbox_never_survives_a_read_but_a_school_address_does
        PASS [   0.016s] (588/726) midwest-census sources::wiaa_results::tests::current_season_files_are_found_under_the_dated_upload_path
        PASS [   0.007s] (589/726) midwest-census store::tests::oversized_and_empty_ids_are_rejected_before_any_write
        PASS [   0.008s] (590/726) midwest-census store::tests::stats_count_observations_per_table
        PASS [   0.008s] (591/726) midwest-census store::tests::observations_survive_reopen_without_overwriting
        PASS [   0.010s] (592/726) midwest-census store::tests::legacy_journals_are_imported_once
        PASS [   0.023s] (593/726) midwest-census sources::wayzata::tests::schedule_rows_read_the_cross_country_table
        PASS [   0.023s] (594/726) midwest-census sources::wayzata::tests::schedule_rows_read_the_track_table_with_its_month_heading_and_provider_slug
        PASS [   0.004s] (595/726) midwest-census workbook::performances::tests::sheet_names_zero_pad_to_three_digits_and_grow_past_them
        PASS [   0.019s] (596/726) midwest-census sources::xc::tests::accurace_rows_are_read_through_the_rule_line
        PASS [   0.005s] (597/726) midwest-census workbook::performances::tests::the_columns_are_the_objectives_order_and_the_budget_keeps_the_margin
        PASS [   0.010s] (598/726) midwest-census workbook::performances::tests::a_budget_that_holds_no_row_is_rejected_naming_the_row
        PASS [   0.020s] (599/726) midwest-census sources::xc::tests::padded_table_rows_parse_with_and_without_team_points
        PASS [   0.008s] (600/726) midwest-census workbook::performances::tests::a_row_prints_the_canonical_values_behind_it
        PASS [   0.009s] (601/726) midwest-census workbook::recruiting::tests::the_run_audits_every_sheet_against_the_store_counts_behind_it
        PASS [   0.013s] (602/726) midwest-census workbook::performances::tests::a_performance_the_store_cannot_join_is_still_written
        PASS [   0.026s] (603/726) midwest-census sources::xc::tests::state_blocks_carry_place_grade_and_time
        PASS [   0.017s] (604/726) midwest-census workbook::performances::tests::the_frozen_entry_point_writes_the_partitioned_sheets
        PASS [   0.025s] (605/726) midwest-census store::tests::keys_with_a_zero_low_sequence_byte_still_reopen
        PASS [   0.017s] (606/726) midwest-census workbook::recruiting::tests::the_three_recruiting_sheets_are_named_after_the_objective
        PASS [   0.018s] (607/726) midwest-census workbook::recruiting::tests::the_coaches_sheet_publishes_the_school_contact_graph
        PASS [   0.020s] (608/726) midwest-census workbook::performances::tests::two_partitions_repeat_the_header_and_split_the_sorted_rows
        PASS [   0.019s] (609/726) midwest-census workbook::recruiting::tests::the_athletes_sheet_publishes_the_objective_columns_and_the_stored_facts
        PASS [   0.021s] (610/726) midwest-census workbook::recruiting::tests::an_athlete_without_a_performance_is_published_as_identity_only
        PASS [   0.025s] (611/726) midwest-census workbook::recruiting::tests::the_prs_sheet_reduces_like_bests_and_flags_a_meet_reported_twice
        PASS [   0.039s] (612/726) midwest-census store::loom_tests::concurrent_writers_tile_the_sequence_space
        PASS [   0.026s] (613/726) midwest-census workbook::recruiting::tests::the_url_columns_follow_the_evidence_scope
        PASS [   0.032s] (614/726) midwest-census workbook::performances::tests::the_same_rows_in_a_differently_ordered_store_partition_identically
        PASS [   0.012s] (615/726) midwest-census::fjall_restate_e2e legacy_jsonl_journals_are_imported_once
        PASS [   0.009s] (616/726) midwest-census::fjall_restate_e2e store_round_trip_merges_observations_and_reports_stats
        PASS [   0.010s] (617/726) midwest-census::merge_properties contact_policy::a_shipped_address_is_one_the_policy_accepts
        PASS [   0.010s] (618/726) midwest-census::merge_properties contact_policy::publish_applies_the_shared_contact_policy
        PASS [   0.031s] (619/726) midwest-census::backup_restore a_copy_whose_journal_stops_mid_batch_keeps_the_complete_prefix
        PASS [   0.055s] (620/726) midwest-census spawn::tests::a_running_blocking_job_is_waited_for_and_counted_as_completed
        PASS [   0.010s] (621/726) midwest-census::merge_properties contact_policy::publish_targets_the_address_the_first_writer_contributed
        PASS [   0.033s] (622/726) midwest-census::backup_restore a_copy_taken_while_the_store_handle_is_open_keeps_every_committed_batch
        PASS [   0.011s] (623/726) midwest-census::merge_properties laws_unions::athlete_unions_are_commutative
        PASS [   0.015s] (624/726) midwest-census::merge_properties laws_unions::athlete_merge_is_idempotent
        PASS [   0.040s] (625/726) midwest-census::backup_restore a_copy_with_a_torn_byte_inside_a_row_never_yields_an_invented_row
        PASS [   0.058s] (626/726) midwest-census workbook::meta::tests::the_sheets_render_the_rows_the_store_retains
        PASS [   0.076s] (627/726) midwest-census sources::wayzata::tests::collect_mints_core_meets_from_the_provider_schedule_without_touching_the_links
        PASS [   0.079s] (628/726) midwest-census sources::wayzata::tests::a_journaled_schedule_is_skipped_on_the_next_run
        PASS [   0.011s] (629/726) midwest-census::merge_properties laws_unions::event_merge_is_idempotent
        PASS [   0.010s] (630/726) midwest-census::merge_properties laws_unions::meet_merge_is_idempotent
        PASS [   0.015s] (631/726) midwest-census::merge_properties laws_unions::coach_merge_is_idempotent
        PASS [   0.054s] (632/726) midwest-census workbook::tests::the_workbook_carries_the_scopes_the_bests_and_the_meet_inventory
        PASS [   0.017s] (633/726) midwest-census::merge_properties laws_unions::event_unions_are_commutative
        PASS [   0.016s] (634/726) midwest-census::merge_properties laws_unions::meet_unions_are_commutative
        PASS [   0.009s] (635/726) midwest-census::merge_properties laws_unions::school_unions_are_commutative
        PASS [   0.010s] (636/726) midwest-census::merge_properties laws_unions::school_merge_is_idempotent
        PASS [   0.010s] (637/726) midwest-census::merge_properties laws_unions::team_merge_is_idempotent
        PASS [   0.010s] (638/726) midwest-census::merge_properties laws_unions::team_unions_are_commutative
        PASS [   0.009s] (639/726) midwest-census::merge_properties laws_writers::a_silent_observation_leaves_confidence_alone
        PASS [   0.010s] (640/726) midwest-census::merge_properties laws_writers::disagreement_lowers_confidence_and_agreement_raises_it
        PASS [   0.005s] (641/726) midwest-census::merge_properties laws_writers::school_name_keeps_the_longer_prefix_extension
        PASS [   0.006s] (642/726) midwest-census::merge_properties laws_writers::school_scalar_fields_keep_the_first_observation
        PASS [   0.009s] (643/726) midwest-census::merge_properties laws_writers::meet_level_fills_an_unknown_hole_and_keeps_a_known_one
        PASS [   0.008s] (644/726) midwest-census::merge_properties laws_writers::meet_location_is_first_writer_wins
        PASS [   0.006s] (645/726) midwest-census::parity_mideast ks_fixtures_match_the_golden_corpus
        PASS [   0.007s] (646/726) midwest-census::parity_mideast ihsa_fixtures_match_the_golden_corpus
        PASS [   0.006s] (647/726) midwest-census::parity_mideast ohsaa_coffman_entities_match_golden
        PASS [   0.016s] (648/726) midwest-census::merge_properties laws_writers::coach_merge_keeps_the_first_contact_details
        PASS [   0.009s] (649/726) midwest-census::merge_properties laws_writers::team_level_is_first_writer_wins_and_survives_a_missing_level
        PASS [   0.017s] (650/726) midwest-census::merge_properties laws_writers::athlete_merge_never_rewrites_the_canonical_name
        PASS [   0.005s] (651/726) midwest-census::parity_mideast ohsaa_fixtures_match_the_golden_corpus
        PASS [   0.004s] (652/726) midwest-census::parity_national athleticnet_inline_capture_parity
        PASS [   0.006s] (653/726) midwest-census::parity_national athleticlive_athletes_fixture_corpus_parity
        PASS [   0.056s] (654/726) midwest-census::backup_restore the_restored_store_does_not_re_import_the_legacy_journals_it_carries
        PASS [   0.082s] (655/726) midwest-census workbook::meta::tests::an_empty_store_still_writes_every_sheet_with_its_header
        PASS [   0.003s] (656/726) midwest-census::parity_north unmapped_fixture_names_are_rejected
        PASS [   0.026s] (657/726) midwest-census::parity_mideast compiled_documented_exports_match_golden
        PASS [   0.067s] (658/726) midwest-census::fjall_restate_e2e report_bests_and_workbook_chain_over_synthetic_entities
        PASS [   0.352s] (659/726) athletic-rust-pipeline runtime::tests::a_unit_still_running_at_the_deadline_stays_remaining
        PASS [   0.028s] (660/726) midwest-census::parity_mideast wayzata_fixtures_match_the_golden_corpus
        PASS [   0.014s] (661/726) midwest-census::parity_wisconsin wiaa_corpus_matches_its_goldens
        PASS [   0.046s] (662/726) midwest-census::parity_mideast ks_collect_from_a_seeded_cache_matches_golden
        PASS [   0.047s] (663/726) midwest-census::parity_mideast ohsaa_collect_from_a_seeded_cache_matches_golden
        PASS [   0.043s] (664/726) midwest-census::parity_north hytek_fixtures_match_golden
        PASS [   0.029s] (665/726) midwest-census::parity_wisconsin raceday_finish_list_matches_its_golden
        PASS [   0.043s] (666/726) midwest-census::parity_north mshsl_fixtures_match_golden
        PASS [   0.048s] (667/726) midwest-census::parity_national athleticlive_harvest_parity
        PASS [   0.053s] (668/726) midwest-census::parity_national coach_contacts_csv_parity
        PASS [   0.099s] (669/726) midwest-census::fjall_restate_e2e restate_endpoint_advertises_services_and_drains_on_request
        PASS [   0.027s] (670/726) midwest-census::parity_wisconsin xc_layouts_match_their_goldens
        PASS [   0.044s] (671/726) midwest-census::parity_wisconsin xc_declines_every_archive_fixture
        PASS [   0.235s] (672/726) midwest-census sources::milesplit::tests::oh_roster_pins_319_graded_rows_and_96_class_of_2027
        PASS [   0.074s] (673/726) midwest-census::parity_north mshsl_collect_matches_golden
        PASS [   0.082s] (674/726) midwest-census::parity_mideast wayzata_collect_from_a_seeded_cache_matches_golden
        PASS [   0.034s] (675/726) midwest-census::parser_roundtrip_properties edges::no_format_turns_an_empty_or_malformed_body_into_a_meet
        PASS [   0.076s] (676/726) midwest-census::parity_north plain_names_fixtures_match_golden
        PASS [   0.019s] (677/726) midwest-census::parser_roundtrip_properties shapes::a_body_carrying_a_pre_block_is_read_from_that_block_alone
        PASS [   0.069s] (678/726) midwest-census::parity_wisconsin wiaa_results_corpus_matches_its_goldens
        PASS [   0.023s] (679/726) midwest-census::parser_roundtrip_properties the_prefix_predicate_rejects_an_edited_parse
        PASS [   0.024s] (680/726) midwest-census::parser_roundtrip_properties the_two_hytek_front_ends_agree_on_the_same_report
        PASS [   0.099s] (681/726) midwest-census::parity_north plain_names_collect_matches_golden
        PASS [   0.274s] (682/726) midwest-census sources::ihsa::tournament::walk_tests::mapped_ids_are_athleticnet_and_ihsa_identity_rows
        PASS [   0.174s] (683/726) midwest-census::athleticnet_meet_parity athleticnet_second_run_resumes_from_the_journal_and_spends_nothing
        PASS [   0.002s] (684/726) midwest-census::bin/midwest-census cli::tests::a_restriction_with_no_flag_is_empty_not_wisconsin
        PASS [   0.432s] (685/726) athletic-rust-pipeline::profile_html_bounds script_tag_like_text_does_not_consume_dom_quota
        PASS [   0.003s] (686/726) midwest-census::bin/midwest-census cli::tests::all_states_selects_every_jurisdiction
        PASS [   0.281s] (687/726) midwest-census sources::ihsa::tournament::walk_tests::second_run_resumes_on_the_published_change_signal
        PASS [   0.004s] (688/726) midwest-census::bin/midwest-census cli::tests::an_explicit_list_is_kept_in_caller_order
        PASS [   0.282s] (689/726) midwest-census sources::ihsa::tournament::walk_tests::walk_reads_the_captured_meet_and_the_six_lists
        PASS [   0.070s] (690/726) midwest-census::parser_roundtrip_properties every_fixture_dispatches_to_the_format_that_parses_it
        PASS [   0.011s] (691/726) midwest-census::recovery store_reopen_after_a_writer_stops_mid_batch_resumes_at_the_first_unjournaled_unit
        PASS [   0.004s] (692/726) midwest-census::bin/midwest-census cli::tests::no_flag_defaults_to_wisconsin
        PASS [   0.003s] (693/726) xtask::bin/xtask seams::tests::test_modules_end_the_production_region
        PASS [   0.004s] (694/726) xtask::bin/xtask seams::tests::references_resolve_to_top_level_modules
        PASS [   0.005s] (695/726) xtask::bin/xtask seams::tests::files_under_tests_are_test_code
        PASS [   0.008s] (696/726) midwest-census::bin/midwest-census cli::tests::combining_the_two_flags_is_refused
        PASS [   0.004s] (697/726) xtask::bin/xtask seams::tests::top_modules_read_the_path_shape
        PASS [   0.187s] (698/726) midwest-census::athleticnet_meet_parity athleticnet_third_request_is_spent_only_when_asked_and_changes_no_row
        PASS [   0.002s] (699/726) xtask::bin/xtask templates::tests::the_adapter_template_declares_the_canonical_collect_shape
        PASS [   0.003s] (700/726) xtask::bin/xtask templates::tests::every_named_template_carries_the_source_name
        PASS [   0.003s] (701/726) xtask::bin/xtask templates::tests::the_parse_template_stays_pure
        PASS [   0.055s] (702/726) midwest-census::parser_roundtrip_properties shapes::known_identities_and_marks_survive_the_seam
        PASS [   0.053s] (703/726) midwest-census::recovery exporter_restart_republishes_identical_snapshots_and_totals
        PASS [   0.094s] (704/726) midwest-census::parser_roundtrip_properties prefix_laws::a_trailing_text_report_never_disturbs_the_parsed_prefix
        PASS [   0.205s] (705/726) midwest-census::athleticnet_meet_parity athleticnet_whole_meet_route_pulls_two_requests_and_stores_every_storable_row
        PASS [   0.208s] (706/726) midwest-census::backup_restore a_second_open_of_a_live_store_is_refused
        PASS [   0.112s] (707/726) midwest-census::recovery adapter_restart_reuses_finished_units_without_refetch_or_duplicate_rows
        PASS [   0.538s] (708/726) athletic-rust-pipeline runtime::artifacts::tests::serialization_limit_includes_json_escaping
        PASS [   0.172s] (709/726) midwest-census::parser_roundtrip_properties edges::an_unreadable_or_unsupported_body_is_never_a_meet
        PASS [   0.199s] (710/726) midwest-census::parser_roundtrip_properties edges::arbitrary_bytes_are_never_a_panic_and_always_the_same_answer
        PASS [   0.171s] (711/726) midwest-census::recovery cli_worker_restart_across_processes_resumes_and_keeps_counters
        PASS [   0.183s] (712/726) midwest-census::recovery sigkill_mid_batch_worker_restart_completes_the_remaining_units
        PASS [   0.193s] (713/726) midwest-census::recovery sigkill_of_the_service_keeps_durable_work_and_the_restart_drains_cleanly
        PASS [   0.213s] (714/726) midwest-census::recovery ks_directory_walk_claims_units_the_kill_can_lose
        PASS [   0.485s] (715/726) midwest-census::parity_national milesplit_html_parity
        PASS [   0.463s] (716/726) midwest-census::parser_roundtrip_properties prefix_laws::a_line_prefix_parses_to_a_prefix_of_the_full_parse
        PASS [   0.504s] (717/726) midwest-census::parser_roundtrip_properties prefix_laws::trailing_paragraphs_never_disturb_the_parsed_prefix
        PASS [   0.842s] (718/726) midwest-census::fjall_restate_e2e an_unrequested_stop_does_not_end_the_endpoint_at_the_drain_deadline
        PASS [   0.861s] (719/726) midwest-census::parity_pipeline pipeline_publishes_the_same_bytes_from_a_rebuilt_store
        PASS [   1.052s] (720/726) midwest-census::parser_roundtrip_properties prefix_laws::raceday_publishes_the_archive_year_as_the_meet_date
        PASS [   1.064s] (721/726) midwest-census::parser_roundtrip_properties prefix_laws::trailing_markup_never_disturbs_the_raceday_prefix
        PASS [   1.524s] (722/726) athletic-rust-pipeline::search_html_bounds flat_result_and_pager_documents_preserve_candidates_and_offsets
        PASS [   1.609s] (723/726) athletic-rust-pipeline::profile_html_bounds flat_documents_preserve_facts_without_materializing_nodes
        PASS [   3.521s] (724/726) midwest-census::backup_restore the_restored_store_reopens_and_appends_without_overwriting
        PASS [   3.534s] (725/726) midwest-census::backup_restore cold_copy_backup_restores_the_read_model_exactly
        PASS [  10.138s] (726/726) midwest-census::recovery service_with_no_stop_request_survives_its_drain_deadline
────────────
     Summary [  10.592s] 726 tests run: 726 passed, 2 skipped
--- tests: PASS

=== strict clippy (source targets) ===
  total diagnostics: 0

=== production scan (forbidden constructs + size budgets) ===
  athletic-rust-pipeline: expect=0 unwrap=0 unsafe=0 assert=0 panic=0 indexing=0 as=0 prod_lines=36656
  midwest-census: expect=0 unwrap=0 unsafe=0 assert=0 panic=0 indexing=0 as=0 prod_lines=39340
  structure: files>300=0 fns>60=0 fns>25logical=659

=== domain type integrity (review candidates, ratcheted in the DDD phase) ===
  census-domain: bool_sigs=0 primitive_ids=0 many_option_structs=5
  root-domain: bool_sigs=0 primitive_ids=0 many_option_structs=2

=== domain purity (census-domain normal tree) ===
  census-domain normal tree: block-buffer, census-domain, cfg-if, cpufeatures, crypto-common, digest, generic-array, proc-macro2, quote, serde, serde_core, serde_derive, sha2, syn, thiserror, thiserror-impl, typenum, unicode-ident
  no async/I-O dependency present
--- domain purity: PASS

=== module seams (census top-level module edges) ===
  modules: 14  allowed edges observed: 34
--- module seams: PASS

=== debt ratchet ===
  clippy midwest_census	clippy::indexing_slicing: 2 -> 0 [DOWN]
  scan midwest-census.files: 167 -> 251 [UP] (context)
  scan midwest-census.production_lines: 25574 -> 39340 [UP] (context)
  structure functions_over_25_logical_lines: 557 -> 659 [UP] (target, not a budget)
  files over 300 lines: 0 -> 0
ratchet: no metric grew
--- ratchet: PASS

=== deny ===
warning[duplicate]: found 2 duplicate entries for crate 'block-buffer'
   ┌─ /home/lewis/src/ad-law-scrape/athletic-rust-pipeline/Cargo.lock:26:1
   │  
26 │ ╭ block-buffer 0.10.4 registry+https://github.com/rust-lang/crates.io-index
27 │ │ block-buffer 0.12.1 registry+https://github.com/rust-lang/crates.io-index
   │ ╰─────────────────────────────────────────────────────────────────────────┘ lock entries
   │  
   ├ block-buffer v0.10.4
     └── digest v0.10.7
         ├── sha1 v0.10.7
         │   └── tungstenite v0.28.0
         │       └── async-tungstenite v0.32.1
         │           └── chromiumoxide v0.9.1
         │               └── athletic-rust-pipeline v0.1.0
         └── sha2 v0.10.9
             └── athletic-rust-pipeline v0.1.0 (*)
   ├ block-buffer v0.12.1
     └── digest v0.11.3
         └── sha2 v0.11.0
             └── restate-sdk-shared-core v7.0.3
                 └── restate-sdk v0.12.0
                     └── athletic-rust-pipeline v0.1.0

warning[duplicate]: found 2 duplicate entries for crate 'core-foundation'
   ┌─ /home/lewis/src/ad-law-scrape/athletic-rust-pipeline/Cargo.lock:56:1
   │  
56 │ ╭ core-foundation 0.9.4 registry+https://github.com/rust-lang/crates.io-index
57 │ │ core-foundation 0.10.1 registry+https://github.com/rust-lang/crates.io-index
   │ ╰────────────────────────────────────────────────────────────────────────────┘ lock entries
   │  
   ├ core-foundation v0.9.4
     └── system-configuration v0.7.0
         └── hyper-util v0.1.20
             ├── axum v0.8.9
             │   └── (dev) athletic-rust-pipeline v0.1.0
             ├── hyper-rustls v0.27.9
             │   └── reqwest v0.13.4
             │       ├── athletic-rust-pipeline v0.1.0 (*)
             │       ├── chromiumoxide v0.9.1
             │       │   └── athletic-rust-pipeline v0.1.0 (*)
             │       └── restate-sdk v0.12.0
             │           └── athletic-rust-pipeline v0.1.0 (*)
             ├── mockito v1.7.2
             │   └── (dev) athletic-rust-pipeline v0.1.0 (*)
             ├── reqwest v0.13.4 (*)
             └── restate-sdk v0.12.0 (*)
   ├ core-foundation v0.10.1
     ├── rustls-platform-verifier v0.7.0
     │   └── reqwest v0.13.4
     │       ├── athletic-rust-pipeline v0.1.0
     │       ├── chromiumoxide v0.9.1
     │       │   └── athletic-rust-pipeline v0.1.0 (*)
     │       └── restate-sdk v0.12.0
     │           └── athletic-rust-pipeline v0.1.0 (*)
     └── security-framework v3.7.0
         ├── rustls-native-certs v0.8.4
         │   └── rustls-platform-verifier v0.7.0 (*)
         └── rustls-platform-verifier v0.7.0 (*)

warning[duplicate]: found 2 duplicate entries for crate 'cpufeatures'
   ┌─ /home/lewis/src/ad-law-scrape/athletic-rust-pipeline/Cargo.lock:59:1
   │  
59 │ ╭ cpufeatures 0.2.17 registry+https://github.com/rust-lang/crates.io-index
60 │ │ cpufeatures 0.3.0 registry+https://github.com/rust-lang/crates.io-index
   │ ╰───────────────────────────────────────────────────────────────────────┘ lock entries
   │  
   ├ cpufeatures v0.2.17
     ├── sha1 v0.10.7
     │   └── tungstenite v0.28.0
     │       └── async-tungstenite v0.32.1
     │           └── chromiumoxide v0.9.1
     │               └── athletic-rust-pipeline v0.1.0
     └── sha2 v0.10.9
         └── athletic-rust-pipeline v0.1.0 (*)
   ├ cpufeatures v0.3.0
     └── sha2 v0.11.0
         └── restate-sdk-shared-core v7.0.3
             └── restate-sdk v0.12.0
                 └── athletic-rust-pipeline v0.1.0

warning[duplicate]: found 2 duplicate entries for crate 'crypto-common'
   ┌─ /home/lewis/src/ad-law-scrape/athletic-rust-pipeline/Cargo.lock:69:1
   │  
69 │ ╭ crypto-common 0.1.7 registry+https://github.com/rust-lang/crates.io-index
70 │ │ crypto-common 0.2.2 registry+https://github.com/rust-lang/crates.io-index
   │ ╰─────────────────────────────────────────────────────────────────────────┘ lock entries
   │  
   ├ crypto-common v0.1.7
     └── digest v0.10.7
         ├── sha1 v0.10.7
         │   └── tungstenite v0.28.0
         │       └── async-tungstenite v0.32.1
         │           └── chromiumoxide v0.9.1
         │               └── athletic-rust-pipeline v0.1.0
         └── sha2 v0.10.9
             └── athletic-rust-pipeline v0.1.0 (*)
   ├ crypto-common v0.2.2
     └── digest v0.11.3
         └── sha2 v0.11.0
             └── restate-sdk-shared-core v7.0.3
                 └── restate-sdk v0.12.0
                     └── athletic-rust-pipeline v0.1.0

warning[duplicate]: found 2 duplicate entries for crate 'digest'
   ┌─ /home/lewis/src/ad-law-scrape/athletic-rust-pipeline/Cargo.lock:78:1
   │  
78 │ ╭ digest 0.10.7 registry+https://github.com/rust-lang/crates.io-index
79 │ │ digest 0.11.3 registry+https://github.com/rust-lang/crates.io-index
   │ ╰───────────────────────────────────────────────────────────────────┘ lock entries
   │  
   ├ digest v0.10.7
     ├── sha1 v0.10.7
     │   └── tungstenite v0.28.0
     │       └── async-tungstenite v0.32.1
     │           └── chromiumoxide v0.9.1
     │               └── athletic-rust-pipeline v0.1.0
     └── sha2 v0.10.9
         └── athletic-rust-pipeline v0.1.0 (*)
   ├ digest v0.11.3
     └── sha2 v0.11.0
         └── restate-sdk-shared-core v7.0.3
             └── restate-sdk v0.12.0
                 └── athletic-rust-pipeline v0.1.0

warning[duplicate]: found 3 duplicate entries for crate 'getrandom'
    ┌─ /home/lewis/src/ad-law-scrape/athletic-rust-pipeline/Cargo.lock:111:1
    │  
111 │ ╭ getrandom 0.2.17 registry+https://github.com/rust-lang/crates.io-index
112 │ │ getrandom 0.3.4 registry+https://github.com/rust-lang/crates.io-index
113 │ │ getrandom 0.4.3 registry+https://github.com/rust-lang/crates.io-index
    │ ╰─────────────────────────────────────────────────────────────────────┘ lock entries
    │  
    ├ getrandom v0.2.17
      └── jsonwebtoken v10.4.0
          └── restate-sdk-shared-core v7.0.3
              └── restate-sdk v0.12.0
                  └── athletic-rust-pipeline v0.1.0
    ├ getrandom v0.3.4
      └── rand_core v0.9.5
          ├── rand v0.9.5
          │   ├── mockito v1.7.2
          │   │   └── (dev) athletic-rust-pipeline v0.1.0
          │   ├── proptest v1.11.0
          │   │   └── (dev) athletic-rust-pipeline v0.1.0 (*)
          │   └── tungstenite v0.28.0
          │       └── async-tungstenite v0.32.1
          │           └── chromiumoxide v0.9.1
          │               └── athletic-rust-pipeline v0.1.0 (*)
          ├── rand_chacha v0.9.0
          │   ├── proptest v1.11.0 (*)
          │   └── rand v0.9.5 (*)
          └── rand_xorshift v0.4.0
              └── proptest v1.11.0 (*)
    ├ getrandom v0.4.3
      ├── jobserver v0.1.35
      │   └── cc v1.4.4
      │       ├── (build) alloca v0.4.0
      │       │   └── criterion v0.8.2
      │       │       └── (dev) athletic-rust-pipeline v0.1.0
      │       ├── (build) aws-lc-sys v0.44.0
      │       │   └── aws-lc-rs v1.18.0
      │       │       ├── jsonwebtoken v10.4.0
      │       │       │   └── restate-sdk-shared-core v7.0.3
      │       │       │       └── restate-sdk v0.12.0
      │       │       │           └── athletic-rust-pipeline v0.1.0 (*)
      │       │       ├── rustls v0.23.45
      │       │       │   ├── hyper-rustls v0.27.9
      │       │       │   │   └── reqwest v0.13.4
      │       │       │   │       ├── athletic-rust-pipeline v0.1.0 (*)
      │       │       │   │       ├── chromiumoxide v0.9.1
      │       │       │   │       │   └── athletic-rust-pipeline v0.1.0 (*)
      │       │       │   │       └── restate-sdk v0.12.0 (*)
      │       │       │   ├── reqwest v0.13.4 (*)
      │       │       │   ├── rustls-platform-verifier v0.7.0
      │       │       │   │   └── reqwest v0.13.4 (*)
      │       │       │   └── tokio-rustls v0.26.4
      │       │       │       ├── hyper-rustls v0.27.9 (*)
      │       │       │       └── reqwest v0.13.4 (*)
      │       │       └── rustls-webpki v0.103.15
      │       │           ├── rustls v0.23.45 (*)
      │       │           └── rustls-platform-verifier v0.7.0 (*)
      │       └── cmake v0.1.58
      │           └── (build) aws-lc-sys v0.44.0 (*)
      ├── tempfile v3.27.0
      │   ├── athletic-rust-pipeline v0.1.0 (*)
      │   ├── fjall v3.1.10
      │   │   └── athletic-rust-pipeline v0.1.0 (*)
      │   ├── lsm-tree v3.1.10
      │   │   └── fjall v3.1.10 (*)
      │   ├── proptest v1.11.0
      │   │   └── (dev) athletic-rust-pipeline v0.1.0 (*)
      │   ├── rust_xlsxwriter v0.99.1
      │   │   └── athletic-rust-pipeline v0.1.0 (*)
      │   └── rusty-fork v0.3.1
      │       └── proptest v1.11.0 (*)
      └── uuid v1.26.0
          └── athletic-rust-pipeline v0.1.0 (*)

warning[duplicate]: found 3 duplicate entries for crate 'hashbrown'
    ┌─ /home/lewis/src/ad-law-scrape/athletic-rust-pipeline/Cargo.lock:116:1
    │  
116 │ ╭ hashbrown 0.14.5 registry+https://github.com/rust-lang/crates.io-index
117 │ │ hashbrown 0.16.1 registry+https://github.com/rust-lang/crates.io-index
118 │ │ hashbrown 0.17.1 registry+https://github.com/rust-lang/crates.io-index
    │ ╰──────────────────────────────────────────────────────────────────────┘ lock entries
    │  
    ├ hashbrown v0.14.5
      └── dashmap v6.2.1
          └── fjall v3.1.10
              └── athletic-rust-pipeline v0.1.0
    ├ hashbrown v0.16.1
      ├── quick_cache v0.6.24
      │   └── lsm-tree v3.1.10
      │       └── fjall v3.1.10
      │           └── athletic-rust-pipeline v0.1.0
      ├── regress v0.10.5
      │   └── restate-sdk v0.12.0
      │       └── athletic-rust-pipeline v0.1.0 (*)
      └── regress v0.11.1
          └── typify-impl v0.6.2
              ├── typify v0.6.2
              │   └── (build) restate-sdk v0.12.0 (*)
              └── typify-macro v0.6.2
                  └── typify v0.6.2 (*)
    ├ hashbrown v0.17.1
      ├── indexmap v2.14.0
      │   ├── h2 v0.4.19
      │   │   ├── hyper v1.11.0
      │   │   │   ├── axum v0.8.9
      │   │   │   │   └── (dev) athletic-rust-pipeline v0.1.0
      │   │   │   ├── hyper-rustls v0.27.9
      │   │   │   │   └── reqwest v0.13.4
      │   │   │   │       ├── athletic-rust-pipeline v0.1.0 (*)
      │   │   │   │       ├── chromiumoxide v0.9.1
      │   │   │   │       │   └── athletic-rust-pipeline v0.1.0 (*)
      │   │   │   │       └── restate-sdk v0.12.0
      │   │   │   │           └── athletic-rust-pipeline v0.1.0 (*)
      │   │   │   ├── hyper-util v0.1.20
      │   │   │   │   ├── axum v0.8.9 (*)
      │   │   │   │   ├── hyper-rustls v0.27.9 (*)
      │   │   │   │   ├── mockito v1.7.2
      │   │   │   │   │   └── (dev) athletic-rust-pipeline v0.1.0 (*)
      │   │   │   │   ├── reqwest v0.13.4 (*)
      │   │   │   │   └── restate-sdk v0.12.0 (*)
      │   │   │   ├── mockito v1.7.2 (*)
      │   │   │   ├── reqwest v0.13.4 (*)
      │   │   │   └── restate-sdk v0.12.0 (*)
      │   │   └── reqwest v0.13.4 (*)
      │   └── zip v8.6.0
      │       ├── athletic-rust-pipeline v0.1.0 (*)
      │       ├── calamine v0.36.1
      │       │   └── athletic-rust-pipeline v0.1.0 (*)
      │       └── rust_xlsxwriter v0.99.1
      │           └── athletic-rust-pipeline v0.1.0 (*)
      └── lol_html v2.9.0
          └── athletic-rust-pipeline v0.1.0 (*)

warning[duplicate]: found 2 duplicate entries for crate 'r-efi'
    ┌─ /home/lewis/src/ad-law-scrape/athletic-rust-pipeline/Cargo.lock:208:1
    │  
208 │ ╭ r-efi 5.3.0 registry+https://github.com/rust-lang/crates.io-index
209 │ │ r-efi 6.0.0 registry+https://github.com/rust-lang/crates.io-index
    │ ╰─────────────────────────────────────────────────────────────────┘ lock entries
    │  
    ├ r-efi v5.3.0
      └── getrandom v0.3.4
          └── rand_core v0.9.5
              ├── rand v0.9.5
              │   ├── mockito v1.7.2
              │   │   └── (dev) athletic-rust-pipeline v0.1.0
              │   ├── proptest v1.11.0
              │   │   └── (dev) athletic-rust-pipeline v0.1.0 (*)
              │   └── tungstenite v0.28.0
              │       └── async-tungstenite v0.32.1
              │           └── chromiumoxide v0.9.1
              │               └── athletic-rust-pipeline v0.1.0 (*)
              ├── rand_chacha v0.9.0
              │   ├── proptest v1.11.0 (*)
              │   └── rand v0.9.5 (*)
              └── rand_xorshift v0.4.0
                  └── proptest v1.11.0 (*)
    ├ r-efi v6.0.0
      └── getrandom v0.4.3
          ├── jobserver v0.1.35
          │   └── cc v1.4.4
          │       ├── (build) alloca v0.4.0
          │       │   └── criterion v0.8.2
          │       │       └── (dev) athletic-rust-pipeline v0.1.0
          │       ├── (build) aws-lc-sys v0.44.0
          │       │   └── aws-lc-rs v1.18.0
          │       │       ├── jsonwebtoken v10.4.0
          │       │       │   └── restate-sdk-shared-core v7.0.3
          │       │       │       └── restate-sdk v0.12.0
          │       │       │           └── athletic-rust-pipeline v0.1.0 (*)
          │       │       ├── rustls v0.23.45
          │       │       │   ├── hyper-rustls v0.27.9
          │       │       │   │   └── reqwest v0.13.4
          │       │       │   │       ├── athletic-rust-pipeline v0.1.0 (*)
          │       │       │   │       ├── chromiumoxide v0.9.1
          │       │       │   │       │   └── athletic-rust-pipeline v0.1.0 (*)
          │       │       │   │       └── restate-sdk v0.12.0 (*)
          │       │       │   ├── reqwest v0.13.4 (*)
          │       │       │   ├── rustls-platform-verifier v0.7.0
          │       │       │   │   └── reqwest v0.13.4 (*)
          │       │       │   └── tokio-rustls v0.26.4
          │       │       │       ├── hyper-rustls v0.27.9 (*)
          │       │       │       └── reqwest v0.13.4 (*)
          │       │       └── rustls-webpki v0.103.15
          │       │           ├── rustls v0.23.45 (*)
          │       │           └── rustls-platform-verifier v0.7.0 (*)
          │       └── cmake v0.1.58
          │           └── (build) aws-lc-sys v0.44.0 (*)
          ├── tempfile v3.27.0
          │   ├── athletic-rust-pipeline v0.1.0 (*)
          │   ├── fjall v3.1.10
          │   │   └── athletic-rust-pipeline v0.1.0 (*)
          │   ├── lsm-tree v3.1.10
          │   │   └── fjall v3.1.10 (*)
          │   ├── proptest v1.11.0
          │   │   └── (dev) athletic-rust-pipeline v0.1.0 (*)
          │   ├── rust_xlsxwriter v0.99.1
          │   │   └── athletic-rust-pipeline v0.1.0 (*)
          │   └── rusty-fork v0.3.1
          │       └── proptest v1.11.0 (*)
          └── uuid v1.26.0
              └── athletic-rust-pipeline v0.1.0 (*)

warning[duplicate]: found 2 duplicate entries for crate 'regress'
    ┌─ /home/lewis/src/ad-law-scrape/athletic-rust-pipeline/Cargo.lock:220:1
    │  
220 │ ╭ regress 0.10.5 registry+https://github.com/rust-lang/crates.io-index
221 │ │ regress 0.11.1 registry+https://github.com/rust-lang/crates.io-index
    │ ╰────────────────────────────────────────────────────────────────────┘ lock entries
    │  
    ├ regress v0.10.5
      └── restate-sdk v0.12.0
          └── athletic-rust-pipeline v0.1.0
    ├ regress v0.11.1
      └── typify-impl v0.6.2
          ├── typify v0.6.2
          │   └── (build) restate-sdk v0.12.0
          │       └── athletic-rust-pipeline v0.1.0
          └── typify-macro v0.6.2
              └── typify v0.6.2 (*)

warning[duplicate]: found 2 duplicate entries for crate 'sha2'
    ┌─ /home/lewis/src/ad-law-scrape/athletic-rust-pipeline/Cargo.lock:261:1
    │  
261 │ ╭ sha2 0.10.9 registry+https://github.com/rust-lang/crates.io-index
262 │ │ sha2 0.11.0 registry+https://github.com/rust-lang/crates.io-index
    │ ╰─────────────────────────────────────────────────────────────────┘ lock entries
    │  
    ├ sha2 v0.10.9
      └── athletic-rust-pipeline v0.1.0
    ├ sha2 v0.11.0
      └── restate-sdk-shared-core v7.0.3
          └── restate-sdk v0.12.0
              └── athletic-rust-pipeline v0.1.0

warning[duplicate]: found 2 duplicate entries for crate 'syn'
    ┌─ /home/lewis/src/ad-law-scrape/athletic-rust-pipeline/Cargo.lock:281:1
    │  
281 │ ╭ syn 2.0.119 registry+https://github.com/rust-lang/crates.io-index
282 │ │ syn 3.0.4 registry+https://github.com/rust-lang/crates.io-index
    │ ╰───────────────────────────────────────────────────────────────┘ lock entries
    │  
    ├ syn v2.0.119
      ├── cssparser-macros v0.6.1
      │   └── cssparser v0.36.0
      │       ├── lol_html v2.9.0
      │       │   └── athletic-rust-pipeline v0.1.0
      │       └── selectors v0.37.0
      │           └── lol_html v2.9.0 (*)
      ├── derive_more-impl v2.1.1
      │   └── derive_more v2.1.1
      │       └── selectors v0.37.0 (*)
      ├── enum_dispatch v0.3.13
      │   └── lsm-tree v3.1.10
      │       └── fjall v3.1.10
      │           └── athletic-rust-pipeline v0.1.0 (*)
      ├── jni-macros v0.22.4
      │   └── jni v0.22.4
      │       └── rustls-platform-verifier v0.7.0
      │           └── reqwest v0.13.4
      │               ├── athletic-rust-pipeline v0.1.0 (*)
      │               ├── chromiumoxide v0.9.1
      │               │   └── athletic-rust-pipeline v0.1.0 (*)
      │               └── restate-sdk v0.12.0
      │                   └── athletic-rust-pipeline v0.1.0 (*)
      ├── jni-sys-macros v0.4.1
      │   └── jni-sys v0.4.1
      │       └── jni v0.22.4 (*)
      ├── phf_macros v0.13.1
      │   └── phf v0.13.1
      │       ├── cssparser v0.36.0 (*)
      │       └── selectors v0.37.0 (*)
      ├── prettyplease v0.2.37
      │   └── (build) restate-sdk v0.12.0 (*)
      ├── prost-derive v0.14.4
      │   └── prost v0.14.4
      │       └── restate-sdk-shared-core v7.0.3
      │           └── restate-sdk v0.12.0 (*)
      ├── (build) restate-sdk v0.12.0 (*)
      ├── restate-sdk-macros v0.12.0
      │   └── restate-sdk v0.12.0 (*)
      ├── schemars_derive v0.8.22
      │   └── schemars v0.8.22
      │       ├── typify-impl v0.6.2
      │       │   ├── typify v0.6.2
      │       │   │   └── (build) restate-sdk v0.12.0 (*)
      │       │   └── typify-macro v0.6.2
      │       │       └── typify v0.6.2 (*)
      │       └── typify-macro v0.6.2 (*)
      ├── serde_derive_internals v0.29.1
      │   └── schemars_derive v0.8.22 (*)
      ├── serde_tokenstream v0.2.3
      │   └── typify-macro v0.6.2 (*)
      ├── strum_macros v0.27.2
      │   └── strum v0.27.2
      │       └── restate-sdk-shared-core v7.0.3 (*)
      ├── synstructure v0.13.2
      │   ├── yoke-derive v0.8.2
      │   │   └── yoke v0.8.3
      │   │       ├── icu_collections v2.3.0
      │   │       │   ├── icu_normalizer v2.3.0
      │   │       │   │   └── idna_adapter v1.2.2
      │   │       │   │       └── idna v1.1.0
      │   │       │   │           └── url v2.5.8
      │   │       │   │               ├── athletic-rust-pipeline v0.1.0 (*)
      │   │       │   │               ├── chromiumoxide v0.9.1 (*)
      │   │       │   │               ├── reqwest v0.13.4 (*)
      │   │       │   │               └── tower-http v0.6.11
      │   │       │   │                   └── reqwest v0.13.4 (*)
      │   │       │   └── icu_properties v2.3.0
      │   │       │       └── idna_adapter v1.2.2 (*)
      │   │       ├── icu_provider v2.3.1
      │   │       │   ├── icu_normalizer v2.3.0 (*)
      │   │       │   └── icu_properties v2.3.0 (*)
      │   │       ├── zerotrie v0.2.5
      │   │       │   ├── icu_properties v2.3.0 (*)
      │   │       │   └── icu_provider v2.3.1 (*)
      │   │       └── zerovec v0.11.8
      │   │           ├── icu_collections v2.3.0 (*)
      │   │           ├── icu_locale_core v2.3.0
      │   │           │   ├── icu_properties v2.3.0 (*)
      │   │           │   └── icu_provider v2.3.1 (*)
      │   │           ├── icu_normalizer v2.3.0 (*)
      │   │           ├── icu_properties v2.3.0 (*)
      │   │           ├── icu_provider v2.3.1 (*)
      │   │           ├── potential_utf v0.1.6
      │   │           │   └── icu_collections v2.3.0 (*)
      │   │           └── tinystr v0.8.4
      │   │               └── icu_locale_core v2.3.0 (*)
      │   └── zerofrom-derive v0.1.7
      │       └── zerofrom v0.1.8
      │           ├── icu_collections v2.3.0 (*)
      │           ├── icu_provider v2.3.1 (*)
      │           ├── yoke v0.8.3 (*)
      │           ├── zerotrie v0.2.5 (*)
      │           └── zerovec v0.11.8 (*)
      ├── tracing-attributes v0.1.31
      │   └── tracing v0.1.44
      │       ├── athletic-rust-pipeline v0.1.0 (*)
      │       ├── axum v0.8.9
      │       │   └── (dev) athletic-rust-pipeline v0.1.0 (*)
      │       ├── axum-core v0.5.6
      │       │   └── axum v0.8.9 (*)
      │       ├── chromiumoxide v0.9.1 (*)
      │       ├── h2 v0.4.19
      │       │   ├── hyper v1.11.0
      │       │   │   ├── axum v0.8.9 (*)
      │       │   │   ├── hyper-rustls v0.27.9
      │       │   │   │   └── reqwest v0.13.4 (*)
      │       │   │   ├── hyper-util v0.1.20
      │       │   │   │   ├── axum v0.8.9 (*)
      │       │   │   │   ├── hyper-rustls v0.27.9 (*)
      │       │   │   │   ├── mockito v1.7.2
      │       │   │   │   │   └── (dev) athletic-rust-pipeline v0.1.0 (*)
      │       │   │   │   ├── reqwest v0.13.4 (*)
      │       │   │   │   └── restate-sdk v0.12.0 (*)
      │       │   │   ├── mockito v1.7.2 (*)
      │       │   │   ├── reqwest v0.13.4 (*)
      │       │   │   └── restate-sdk v0.12.0 (*)
      │       │   └── reqwest v0.13.4 (*)
      │       ├── hyper-util v0.1.20 (*)
      │       ├── restate-sdk v0.12.0 (*)
      │       ├── restate-sdk-shared-core v7.0.3 (*)
      │       ├── tower v0.5.3
      │       │   ├── axum v0.8.9 (*)
      │       │   ├── reqwest v0.13.4 (*)
      │       │   └── tower-http v0.6.11 (*)
      │       └── tracing-subscriber v0.3.23
      │           └── athletic-rust-pipeline v0.1.0 (*)
      ├── typify-impl v0.6.2 (*)
      ├── typify-macro v0.6.2 (*)
      ├── wasm-bindgen-macro-support v0.2.127
      │   └── wasm-bindgen-macro v0.2.127
      │       └── wasm-bindgen v0.2.127
      │           ├── js-sys v0.3.104
      │           │   ├── jsonwebtoken v10.4.0
      │           │   │   └── restate-sdk-shared-core v7.0.3 (*)
      │           │   ├── reqwest v0.13.4 (*)
      │           │   ├── wasm-bindgen-futures v0.4.77
      │           │   │   ├── reqwest v0.13.4 (*)
      │           │   │   └── wasm-streams v0.5.0
      │           │   │       └── reqwest v0.13.4 (*)
      │           │   ├── wasm-streams v0.5.0 (*)
      │           │   └── web-sys v0.3.104
      │           │       ├── plotters v0.3.7
      │           │       │   └── criterion v0.8.2
      │           │       │       └── (dev) athletic-rust-pipeline v0.1.0 (*)
      │           │       ├── reqwest v0.13.4 (*)
      │           │       └── wasm-streams v0.5.0 (*)
      │           ├── plotters v0.3.7 (*)
      │           ├── reqwest v0.13.4 (*)
      │           ├── wasm-bindgen-futures v0.4.77 (*)
      │           ├── wasm-streams v0.5.0 (*)
      │           └── web-sys v0.3.104 (*)
      ├── yoke-derive v0.8.2 (*)
      ├── zerocopy-derive v0.8.56
      │   └── zerocopy v0.8.56
      │       ├── half v2.7.1
      │       │   └── ciborium-ll v0.2.2
      │       │       └── ciborium v0.2.2
      │       │           └── criterion v0.8.2 (*)
      │       └── ppv-lite86 v0.2.21
      │           └── rand_chacha v0.9.0
      │               ├── proptest v1.11.0
      │               │   └── (dev) athletic-rust-pipeline v0.1.0 (*)
      │               └── rand v0.9.5
      │                   ├── mockito v1.7.2 (*)
      │                   ├── proptest v1.11.0 (*)
      │                   └── tungstenite v0.28.0
      │                       └── async-tungstenite v0.32.1
      │                           └── chromiumoxide v0.9.1 (*)
      ├── zerofrom-derive v0.1.7 (*)
      └── zeroize_derive v1.5.0
          └── zeroize v1.9.0
              ├── aws-lc-rs v1.18.0
              │   ├── jsonwebtoken v10.4.0 (*)
              │   ├── rustls v0.23.45
              │   │   ├── hyper-rustls v0.27.9 (*)
              │   │   ├── reqwest v0.13.4 (*)
              │   │   ├── rustls-platform-verifier v0.7.0 (*)
              │   │   └── tokio-rustls v0.26.4
              │   │       ├── hyper-rustls v0.27.9 (*)
              │   │       └── reqwest v0.13.4 (*)
              │   └── rustls-webpki v0.103.15
              │       ├── rustls v0.23.45 (*)
              │       └── rustls-platform-verifier v0.7.0 (*)
              ├── jsonwebtoken v10.4.0 (*)
              ├── rustls v0.23.45 (*)
              └── rustls-pki-types v1.15.1
                  ├── reqwest v0.13.4 (*)
                  ├── rustls v0.23.45 (*)
                  ├── rustls-native-certs v0.8.4
                  │   └── rustls-platform-verifier v0.7.0 (*)
                  ├── rustls-webpki v0.103.15 (*)
                  └── webpki-root-certs v1.0.9
                      └── rustls-platform-verifier v0.7.0 (*)
    ├ syn v3.0.4
      ├── clap_derive v4.6.4
      │   └── clap v4.6.6
      │       ├── athletic-rust-pipeline v0.1.0
      │       └── criterion v0.8.2
      │           └── (dev) athletic-rust-pipeline v0.1.0 (*)
      ├── displaydoc v0.2.7
      │   ├── icu_collections v2.3.0
      │   │   ├── icu_normalizer v2.3.0
      │   │   │   └── idna_adapter v1.2.2
      │   │   │       └── idna v1.1.0
      │   │   │           └── url v2.5.8
      │   │   │               ├── athletic-rust-pipeline v0.1.0 (*)
      │   │   │               ├── chromiumoxide v0.9.1
      │   │   │               │   └── athletic-rust-pipeline v0.1.0 (*)
      │   │   │               ├── reqwest v0.13.4
      │   │   │               │   ├── athletic-rust-pipeline v0.1.0 (*)
      │   │   │               │   ├── chromiumoxide v0.9.1 (*)
      │   │   │               │   └── restate-sdk v0.12.0
      │   │   │               │       └── athletic-rust-pipeline v0.1.0 (*)
      │   │   │               └── tower-http v0.6.11
      │   │   │                   └── reqwest v0.13.4 (*)
      │   │   └── icu_properties v2.3.0
      │   │       └── idna_adapter v1.2.2 (*)
      │   ├── icu_locale_core v2.3.0
      │   │   ├── icu_properties v2.3.0 (*)
      │   │   └── icu_provider v2.3.1
      │   │       ├── icu_normalizer v2.3.0 (*)
      │   │       └── icu_properties v2.3.0 (*)
      │   ├── icu_properties v2.3.0 (*)
      │   ├── icu_provider v2.3.1 (*)
      │   ├── tinystr v0.8.4
      │   │   └── icu_locale_core v2.3.0 (*)
      │   └── zerotrie v0.2.5
      │       ├── icu_properties v2.3.0 (*)
      │       └── icu_provider v2.3.1 (*)
      ├── futures-macro v0.3.34
      │   └── futures-util v0.3.34
      │       ├── async-tungstenite v0.32.1
      │       │   └── chromiumoxide v0.9.1 (*)
      │       ├── axum v0.8.9
      │       │   └── (dev) athletic-rust-pipeline v0.1.0 (*)
      │       ├── futures v0.3.34
      │       │   ├── athletic-rust-pipeline v0.1.0 (*)
      │       │   ├── chromiumoxide v0.9.1 (*)
      │       │   └── restate-sdk v0.12.0 (*)
      │       ├── futures-executor v0.3.34
      │       │   └── futures v0.3.34 (*)
      │       ├── hyper-util v0.1.20
      │       │   ├── axum v0.8.9 (*)
      │       │   ├── hyper-rustls v0.27.9
      │       │   │   └── reqwest v0.13.4 (*)
      │       │   ├── mockito v1.7.2
      │       │   │   └── (dev) athletic-rust-pipeline v0.1.0 (*)
      │       │   ├── reqwest v0.13.4 (*)
      │       │   └── restate-sdk v0.12.0 (*)
      │       ├── js-sys v0.3.104
      │       │   ├── jsonwebtoken v10.4.0
      │       │   │   └── restate-sdk-shared-core v7.0.3
      │       │   │       └── restate-sdk v0.12.0 (*)
      │       │   ├── reqwest v0.13.4 (*)
      │       │   ├── wasm-bindgen-futures v0.4.77
      │       │   │   ├── reqwest v0.13.4 (*)
      │       │   │   └── wasm-streams v0.5.0
      │       │   │       └── reqwest v0.13.4 (*)
      │       │   ├── wasm-streams v0.5.0 (*)
      │       │   └── web-sys v0.3.104
      │       │       ├── plotters v0.3.7
      │       │       │   └── criterion v0.8.2 (*)
      │       │       ├── reqwest v0.13.4 (*)
      │       │       └── wasm-streams v0.5.0 (*)
      │       ├── reqwest v0.13.4 (*)
      │       ├── tokio-util v0.7.19
      │       │   ├── athletic-rust-pipeline v0.1.0 (*)
      │       │   ├── h2 v0.4.19
      │       │   │   ├── hyper v1.11.0
      │       │   │   │   ├── axum v0.8.9 (*)
      │       │   │   │   ├── hyper-rustls v0.27.9 (*)
      │       │   │   │   ├── hyper-util v0.1.20 (*)
      │       │   │   │   ├── mockito v1.7.2 (*)
      │       │   │   │   ├── reqwest v0.13.4 (*)
      │       │   │   │   └── restate-sdk v0.12.0 (*)
      │       │   │   └── reqwest v0.13.4 (*)
      │       │   └── reqwest v0.13.4 (*)
      │       ├── tower v0.5.3
      │       │   ├── axum v0.8.9 (*)
      │       │   ├── reqwest v0.13.4 (*)
      │       │   └── tower-http v0.6.11 (*)
      │       ├── tower-http v0.6.11 (*)
      │       └── wasm-streams v0.5.0 (*)
      ├── serde_derive v1.0.229
      │   ├── serde v1.0.229
      │   │   ├── assert-json-diff v2.0.2
      │   │   │   └── mockito v1.7.2 (*)
      │   │   ├── athletic-rust-pipeline v0.1.0 (*)
      │   │   ├── bytes v1.12.1
      │   │   │   ├── axum v0.8.9 (*)
      │   │   │   ├── axum-core v0.5.6
      │   │   │   │   └── axum v0.8.9 (*)
      │   │   │   ├── bytes-utils v0.1.4
      │   │   │   │   └── restate-sdk-shared-core v7.0.3 (*)
      │   │   │   ├── chromiumoxide v0.9.1 (*)
      │   │   │   ├── combine v4.6.8
      │   │   │   │   └── jni v0.22.4
      │   │   │   │       └── rustls-platform-verifier v0.7.0
      │   │   │   │           └── reqwest v0.13.4 (*)
      │   │   │   ├── h2 v0.4.19 (*)
      │   │   │   ├── http v1.5.0
      │   │   │   │   ├── (dev) athletic-rust-pipeline v0.1.0 (*)
      │   │   │   │   ├── axum v0.8.9 (*)
      │   │   │   │   ├── axum-core v0.5.6 (*)
      │   │   │   │   ├── h2 v0.4.19 (*)
      │   │   │   │   ├── http-body v1.1.0
      │   │   │   │   │   ├── axum v0.8.9 (*)
      │   │   │   │   │   ├── axum-core v0.5.6 (*)
      │   │   │   │   │   ├── http-body-util v0.1.5
      │   │   │   │   │   │   ├── axum v0.8.9 (*)
      │   │   │   │   │   │   ├── axum-core v0.5.6 (*)
      │   │   │   │   │   │   ├── mockito v1.7.2 (*)
      │   │   │   │   │   │   ├── reqwest v0.13.4 (*)
      │   │   │   │   │   │   └── restate-sdk v0.12.0 (*)
      │   │   │   │   │   ├── hyper v1.11.0 (*)
      │   │   │   │   │   ├── hyper-util v0.1.20 (*)
      │   │   │   │   │   ├── mockito v1.7.2 (*)
      │   │   │   │   │   ├── reqwest v0.13.4 (*)
      │   │   │   │   │   ├── restate-sdk v0.12.0 (*)
      │   │   │   │   │   └── tower-http v0.6.11 (*)
      │   │   │   │   ├── http-body-util v0.1.5 (*)
      │   │   │   │   ├── hyper v1.11.0 (*)
      │   │   │   │   ├── hyper-rustls v0.27.9 (*)
      │   │   │   │   ├── hyper-util v0.1.20 (*)
      │   │   │   │   ├── mockito v1.7.2 (*)
      │   │   │   │   ├── reqwest v0.13.4 (*)
      │   │   │   │   ├── restate-sdk v0.12.0 (*)
      │   │   │   │   ├── restate-sdk-shared-core v7.0.3 (*)
      │   │   │   │   ├── tower-http v0.6.11 (*)
      │   │   │   │   └── tungstenite v0.28.0
      │   │   │   │       └── async-tungstenite v0.32.1 (*)
      │   │   │   ├── http-body v1.1.0 (*)
      │   │   │   ├── http-body-util v0.1.5 (*)
      │   │   │   ├── hyper v1.11.0 (*)
      │   │   │   ├── hyper-util v0.1.20 (*)
      │   │   │   ├── mockito v1.7.2 (*)
      │   │   │   ├── prost v0.14.4
      │   │   │   │   └── restate-sdk-shared-core v7.0.3 (*)
      │   │   │   ├── reqwest v0.13.4 (*)
      │   │   │   ├── restate-sdk v0.12.0 (*)
      │   │   │   ├── restate-sdk-shared-core v7.0.3 (*)
      │   │   │   ├── tokio v1.53.1
      │   │   │   │   ├── async-tungstenite v0.32.1 (*)
      │   │   │   │   ├── athletic-rust-pipeline v0.1.0 (*)
      │   │   │   │   ├── axum v0.8.9 (*)
      │   │   │   │   ├── chromiumoxide v0.9.1 (*)
      │   │   │   │   ├── h2 v0.4.19 (*)
      │   │   │   │   ├── hyper v1.11.0 (*)
      │   │   │   │   ├── hyper-rustls v0.27.9 (*)
      │   │   │   │   ├── hyper-util v0.1.20 (*)
      │   │   │   │   ├── mockito v1.7.2 (*)
      │   │   │   │   ├── reqwest v0.13.4 (*)
      │   │   │   │   ├── restate-sdk v0.12.0 (*)
      │   │   │   │   ├── tokio-rustls v0.26.4
      │   │   │   │   │   ├── hyper-rustls v0.27.9 (*)
      │   │   │   │   │   └── reqwest v0.13.4 (*)
      │   │   │   │   ├── tokio-util v0.7.19 (*)
      │   │   │   │   └── tower v0.5.3 (*)
      │   │   │   ├── tokio-util v0.7.19 (*)
      │   │   │   ├── tower-http v0.6.11 (*)
      │   │   │   └── tungstenite v0.28.0 (*)
      │   │   ├── calamine v0.36.1
      │   │   │   └── athletic-rust-pipeline v0.1.0 (*)
      │   │   ├── chromiumoxide v0.9.1 (*)
      │   │   ├── chromiumoxide_cdp v0.9.1
      │   │   │   └── chromiumoxide v0.9.1 (*)
      │   │   ├── chromiumoxide_types v0.9.1
      │   │   │   ├── chromiumoxide v0.9.1 (*)
      │   │   │   └── chromiumoxide_cdp v0.9.1 (*)
      │   │   ├── ciborium v0.2.2
      │   │   │   └── criterion v0.8.2 (*)
      │   │   ├── criterion v0.8.2 (*)
      │   │   ├── jsonptr v0.7.1
      │   │   │   └── (build) restate-sdk v0.12.0 (*)
      │   │   ├── jsonwebtoken v10.4.0 (*)
      │   │   ├── reqwest v0.13.4 (*)
      │   │   ├── restate-sdk v0.12.0 (*)
      │   │   ├── restate-sdk-shared-core v7.0.3 (*)
      │   │   ├── schemars v0.8.22
      │   │   │   ├── typify-impl v0.6.2
      │   │   │   │   ├── typify v0.6.2
      │   │   │   │   │   └── (build) restate-sdk v0.12.0 (*)
      │   │   │   │   └── typify-macro v0.6.2
      │   │   │   │       └── typify v0.6.2 (*)
      │   │   │   └── typify-macro v0.6.2 (*)
      │   │   ├── serde_tokenstream v0.2.3
      │   │   │   └── typify-macro v0.6.2 (*)
      │   │   ├── serde_urlencoded v0.7.1
      │   │   │   ├── axum v0.8.9 (*)
      │   │   │   ├── mockito v1.7.2 (*)
      │   │   │   └── reqwest v0.13.4 (*)
      │   │   ├── tinytemplate v1.2.1
      │   │   │   └── criterion v0.8.2 (*)
      │   │   ├── typify-impl v0.6.2 (*)
      │   │   ├── typify-macro v0.6.2 (*)
      │   │   └── url v2.5.8 (*)
      │   └── url v2.5.8 (*)
      ├── thiserror-impl v2.0.20
      │   └── thiserror v2.0.20
      │       ├── athletic-rust-pipeline v0.1.0 (*)
      │       ├── chromiumoxide v0.9.1 (*)
      │       ├── jni v0.22.4 (*)
      │       ├── lol_html v2.9.0
      │       │   └── athletic-rust-pipeline v0.1.0 (*)
      │       ├── restate-sdk v0.12.0 (*)
      │       ├── restate-sdk-shared-core v7.0.3 (*)
      │       ├── tungstenite v0.28.0 (*)
      │       └── typify-impl v0.6.2 (*)
      ├── tokio-macros v2.7.2
      │   └── tokio v1.53.1 (*)
      └── zerovec-derive v0.11.6
          └── zerovec v0.11.8
              ├── icu_collections v2.3.0 (*)
              ├── icu_locale_core v2.3.0 (*)
              ├── icu_normalizer v2.3.0 (*)
              ├── icu_properties v2.3.0 (*)
              ├── icu_provider v2.3.1 (*)
              ├── potential_utf v0.1.6
              │   └── icu_collections v2.3.0 (*)
              └── tinystr v0.8.4 (*)

warning[duplicate]: found 2 duplicate entries for crate 'untrusted'
    ┌─ /home/lewis/src/ad-law-scrape/athletic-rust-pipeline/Cargo.lock:323:1
    │  
323 │ ╭ untrusted 0.7.1 registry+https://github.com/rust-lang/crates.io-index
324 │ │ untrusted 0.9.0 registry+https://github.com/rust-lang/crates.io-index
    │ ╰─────────────────────────────────────────────────────────────────────┘ lock entries
    │  
    ├ untrusted v0.7.1
      └── aws-lc-rs v1.18.0
          ├── jsonwebtoken v10.4.0
          │   └── restate-sdk-shared-core v7.0.3
          │       └── restate-sdk v0.12.0
          │           └── athletic-rust-pipeline v0.1.0
          ├── rustls v0.23.45
          │   ├── hyper-rustls v0.27.9
          │   │   └── reqwest v0.13.4
          │   │       ├── athletic-rust-pipeline v0.1.0 (*)
          │   │       ├── chromiumoxide v0.9.1
          │   │       │   └── athletic-rust-pipeline v0.1.0 (*)
          │   │       └── restate-sdk v0.12.0 (*)
          │   ├── reqwest v0.13.4 (*)
          │   ├── rustls-platform-verifier v0.7.0
          │   │   └── reqwest v0.13.4 (*)
          │   └── tokio-rustls v0.26.4
          │       ├── hyper-rustls v0.27.9 (*)
          │       └── reqwest v0.13.4 (*)
          └── rustls-webpki v0.103.15
              ├── rustls v0.23.45 (*)
              └── rustls-platform-verifier v0.7.0 (*)
    ├ untrusted v0.9.0
      └── rustls-webpki v0.103.15
          ├── rustls v0.23.45
          │   ├── hyper-rustls v0.27.9
          │   │   └── reqwest v0.13.4
          │   │       ├── athletic-rust-pipeline v0.1.0
          │   │       ├── chromiumoxide v0.9.1
          │   │       │   └── athletic-rust-pipeline v0.1.0 (*)
          │   │       └── restate-sdk v0.12.0
          │   │           └── athletic-rust-pipeline v0.1.0 (*)
          │   ├── reqwest v0.13.4 (*)
          │   ├── rustls-platform-verifier v0.7.0
          │   │   └── reqwest v0.13.4 (*)
          │   └── tokio-rustls v0.26.4
          │       ├── hyper-rustls v0.27.9 (*)
          │       └── reqwest v0.13.4 (*)
          └── rustls-platform-verifier v0.7.0 (*)

warning[duplicate]: found 2 duplicate entries for crate 'winnow'
    ┌─ /home/lewis/src/ad-law-scrape/athletic-rust-pipeline/Cargo.lock:356:1
    │  
356 │ ╭ winnow 0.7.15 registry+https://github.com/rust-lang/crates.io-index
357 │ │ winnow 1.0.4 registry+https://github.com/rust-lang/crates.io-index
    │ ╰──────────────────────────────────────────────────────────────────┘ lock entries
    │  
    ├ winnow v0.7.15
      └── toml v0.9.12+spec-1.1.0
          └── athletic-rust-pipeline v0.1.0
    ├ winnow v1.0.4
      └── toml_parser v1.1.3+spec-1.1.0
          └── toml v0.9.12+spec-1.1.0
              └── athletic-rust-pipeline v0.1.0

advisories ok, bans ok, licenses ok, sources ok
--- deny: PASS

=== audit ===
--- audit: PASS

=== vet ===
Vetting Succeeded (434 exempted)
--- vet: PASS

=== machete ===
Analyzing dependencies of crates in this directory...
cargo-machete didn't find any unused dependencies in this directory. Good job!
Done!
--- machete: PASS

=== geiger ===
Failed to match (ignoring source) package: registry+https://github.com/rust-lang/crates.io-index#chrono@0.4.45 
Failed to match (ignoring source) package: registry+https://github.com/rust-lang/crates.io-index#chrono@0.4.45 
Failed to match (ignoring source) package: registry+https://github.com/rust-lang/crates.io-index#chrono@0.4.45 
Failed to match (ignoring source) package: registry+https://github.com/rust-lang/crates.io-index#chrono@0.4.45 
Failed to match (ignoring source) package: registry+https://github.com/rust-lang/crates.io-index#chrono@0.4.45 
Failed to match (ignoring source) package: registry+https://github.com/rust-lang/crates.io-index#chrono@0.4.45 
Failed to match (ignoring source) package: registry+https://github.com/rust-lang/crates.io-index#chrono@0.4.45 
Failed to match (ignoring source) package: registry+https://github.com/rust-lang/crates.io-index#chrono@0.4.45 
Failed to match (ignoring source) package: registry+https://github.com/rust-lang/crates.io-index#chrono@0.4.45 
Failed to match (ignoring source) package: registry+https://github.com/rust-lang/crates.io-index#chrono@0.4.45 
Failed to match (ignoring source) package: registry+https://github.com/rust-lang/crates.io-index#chrono@0.4.45 
Failed to match (ignoring source) package: registry+https://github.com/rust-lang/crates.io-index#chrono@0.4.45 
Failed to match (ignoring source) package: registry+https://github.com/rust-lang/crates.io-index#chrono@0.4.45 
Failed to match (ignoring source) package: registry+https://github.com/rust-lang/crates.io-index#chrono@0.4.45 
Failed to match (ignoring source) package: registry+https://github.com/rust-lang/crates.io-index#chrono@0.4.45 
Failed to match (ignoring source) package: registry+https://github.com/rust-lang/crates.io-index#chrono@0.4.45 
Failed to match (ignoring source) package: registry+https://github.com/rust-lang/crates.io-index#chrono@0.4.45 
Failed to match (ignoring source) package: registry+https://github.com/rust-lang/crates.io-index#chrono@0.4.45 
Failed to match (ignoring source) package: registry+https://github.com/rust-lang/crates.io-index#chrono@0.4.45 
Failed to match (ignoring source) package: registry+https://github.com/rust-lang/crates.io-index#chrono@0.4.45 
Failed to match (ignoring source) package: registry+https://github.com/rust-lang/crates.io-index#chrono@0.4.45 
Failed to match (ignoring source) package: registry+https://github.com/rust-lang/crates.io-index#chrono@0.4.45 
Failed to match (ignoring source) package: registry+https://github.com/rust-lang/crates.io-index#chrono@0.4.45 
Failed to match (ignoring source) package: registry+https://github.com/rust-lang/crates.io-index#chrono@0.4.45 
Failed to match (ignoring source) package: registry+https://github.com/rust-lang/crates.io-index#chrono@0.4.45 
Failed to match (ignoring source) package: registry+https://github.com/rust-lang/crates.io-index#chrono@0.4.45 
Failed to match (ignoring source) package: registry+https://github.com/rust-lang/crates.io-index#chrono@0.4.45 
Failed to match (ignoring source) package: registry+https://github.com/rust-lang/crates.io-index#chrono@0.4.45 
Failed to match (ignoring source) package: registry+https://github.com/rust-lang/crates.io-index#chrono@0.4.45 
Failed to match (ignoring source) package: registry+https://github.com/rust-lang/crates.io-index#chrono@0.4.45 
Failed to match (ignoring source) package: registry+https://github.com/rust-lang/crates.io-index#chrono@0.4.45 
Failed to match (ignoring source) package: registry+https://github.com/rust-lang/crates.io-index#chrono@0.4.45 
Failed to match (ignoring source) package: registry+https://github.com/rust-lang/crates.io-index#chrono@0.4.45 
Failed to match (ignoring source) package: registry+https://github.com/rust-lang/crates.io-index#chrono@0.4.45 
Failed to match (ignoring source) package: registry+https://github.com/rust-lang/crates.io-index#chrono@0.4.45 
Failed to match (ignoring source) package: registry+https://github.com/rust-lang/crates.io-index#chrono@0.4.45 
Failed to match (ignoring source) package: registry+https://github.com/rust-lang/crates.io-index#rand_core@0.10.1 
Failed to match (ignoring source) package: registry+https://github.com/rust-lang/crates.io-index#rand_core@0.10.1 
Failed to match (ignoring source) package: registry+https://github.com/rust-lang/crates.io-index#rand_core@0.10.1 
Failed to match (ignoring source) package: registry+https://github.com/rust-lang/crates.io-index#rand_core@0.10.1 
Failed to match (ignoring source) package: registry+https://github.com/rust-lang/crates.io-index#rand_core@0.10.1 
Failed to match (ignoring source) package: registry+https://github.com/rust-lang/crates.io-index#rand_core@0.10.1 
Failed to match (ignoring source) package: registry+https://github.com/rust-lang/crates.io-index#rand_core@0.10.1 
Failed to match (ignoring source) package: registry+https://github.com/rust-lang/crates.io-index#rand_core@0.10.1 
Failed to match (ignoring source) package: registry+https://github.com/rust-lang/crates.io-index#rand_core@0.10.1 
Failed to match (ignoring source) package: registry+https://github.com/rust-lang/crates.io-index#rand_core@0.10.1 
Failed to match (ignoring source) package: registry+https://github.com/rust-lang/crates.io-index#rand_core@0.10.1 
Failed to match (ignoring source) package: registry+https://github.com/rust-lang/crates.io-index#rand_core@0.10.1 
Failed to match (ignoring source) package: registry+https://github.com/rust-lang/crates.io-index#rand_core@0.10.1 
Failed to match (ignoring source) package: registry+https://github.com/rust-lang/crates.io-index#rand_core@0.10.1 
Failed to match (ignoring source) package: registry+https://github.com/rust-lang/crates.io-index#defmt@1.1.1 
Failed to match (ignoring source) package: registry+https://github.com/rust-lang/crates.io-index#defmt@1.1.1 
Failed to match (ignoring source) package: registry+https://github.com/rust-lang/crates.io-index#defmt@1.1.1 
Failed to match (ignoring source) package: registry+https://github.com/rust-lang/crates.io-index#defmt@1.1.1 
Failed to match (ignoring source) package: registry+https://github.com/rust-lang/crates.io-index#defmt@1.1.1 
Failed to match (ignoring source) package: registry+https://github.com/rust-lang/crates.io-index#defmt@1.1.1 
Failed to match (ignoring source) package: registry+https://github.com/rust-lang/crates.io-index#defmt@1.1.1 
Failed to match (ignoring source) package: registry+https://github.com/rust-lang/crates.io-index#defmt@1.1.1 
Failed to match (ignoring source) package: registry+https://github.com/rust-lang/crates.io-index#defmt@1.1.1 
Failed to match (ignoring source) package: registry+https://github.com/rust-lang/crates.io-index#defmt@1.1.1 
Failed to match (ignoring source) package: registry+https://github.com/rust-lang/crates.io-index#defmt@1.1.1 
Failed to match (ignoring source) package: registry+https://github.com/rust-lang/crates.io-index#defmt@1.1.1 
Failed to match (ignoring source) package: registry+https://github.com/rust-lang/crates.io-index#defmt@1.1.1 
Failed to match (ignoring source) package: registry+https://github.com/rust-lang/crates.io-index#defmt@1.1.1 
Failed to match (ignoring source) package: registry+https://github.com/rust-lang/crates.io-index#defmt@1.1.1 
Failed to match (ignoring source) package: registry+https://github.com/rust-lang/crates.io-index#defmt@1.1.1 
Failed to match (ignoring source) package: registry+https://github.com/rust-lang/crates.io-index#defmt@1.1.1 
Failed to match (ignoring source) package: registry+https://github.com/rust-lang/crates.io-index#defmt@1.1.1 
Failed to match (ignoring source) package: registry+https://github.com/rust-lang/crates.io-index#defmt@1.1.1 
Failed to match (ignoring source) package: registry+https://github.com/rust-lang/crates.io-index#defmt@1.1.1 
Failed to match (ignoring source) package: registry+https://github.com/rust-lang/crates.io-index#defmt@1.1.1 
Failed to match (ignoring source) package: registry+https://github.com/rust-lang/crates.io-index#defmt@1.1.1 
Failed to match (ignoring source) package: registry+https://github.com/rust-lang/crates.io-index#defmt@1.1.1 
Failed to match (ignoring source) package: registry+https://github.com/rust-lang/crates.io-index#defmt@1.1.1 
Failed to match (ignoring source) package: registry+https://github.com/rust-lang/crates.io-index#defmt@1.1.1 
Failed to match (ignoring source) package: registry+https://github.com/rust-lang/crates.io-index#defmt@1.1.1 
Failed to match (ignoring source) package: registry+https://github.com/rust-lang/crates.io-index#defmt@1.1.1 
Failed to match (ignoring source) package: registry+https://github.com/rust-lang/crates.io-index#defmt@1.1.1 
Failed to match (ignoring source) package: registry+https://github.com/rust-lang/crates.io-index#defmt@1.1.1 
Failed to match (ignoring source) package: registry+https://github.com/rust-lang/crates.io-index#defmt@1.1.1 
Failed to match (ignoring source) package: registry+https://github.com/rust-lang/crates.io-index#defmt@1.1.1 
Failed to match (ignoring source) package: registry+https://github.com/rust-lang/crates.io-index#defmt@1.1.1 
Failed to match (ignoring source) package: registry+https://github.com/rust-lang/crates.io-index#jiff-static@0.2.37 
Failed to match (ignoring source) package: registry+https://github.com/rust-lang/crates.io-index#jiff-static@0.2.37 
Failed to match (ignoring source) package: registry+https://github.com/rust-lang/crates.io-index#jiff-static@0.2.37 
Failed to match (ignoring source) package: registry+https://github.com/rust-lang/crates.io-index#jiff-static@0.2.37 
Failed to match (ignoring source) package: registry+https://github.com/rust-lang/crates.io-index#jiff-static@0.2.37 
Failed to match (ignoring source) package: registry+https://github.com/rust-lang/crates.io-index#jiff-static@0.2.37 
Failed to match (ignoring source) package: registry+https://github.com/rust-lang/crates.io-index#jiff-static@0.2.37 
Failed to match (ignoring source) package: registry+https://github.com/rust-lang/crates.io-index#jiff-static@0.2.37 
Failed to match (ignoring source) package: registry+https://github.com/rust-lang/crates.io-index#jiff-static@0.2.37 
Failed to match (ignoring source) package: registry+https://github.com/rust-lang/crates.io-index#jiff-static@0.2.37 
Failed to match (ignoring source) package: registry+https://github.com/rust-lang/crates.io-index#jiff-static@0.2.37 
Failed to match (ignoring source) package: registry+https://github.com/rust-lang/crates.io-index#jiff-static@0.2.37 
Failed to match (ignoring source) package: registry+https://github.com/rust-lang/crates.io-index#jiff-static@0.2.37 
Failed to match (ignoring source) package: registry+https://github.com/rust-lang/crates.io-index#jiff-static@0.2.37 
Failed to match (ignoring source) package: registry+https://github.com/rust-lang/crates.io-index#jiff-static@0.2.37 
Failed to match (ignoring source) package: registry+https://github.com/rust-lang/crates.io-index#jiff-static@0.2.37 
Failed to match (ignoring source) package: registry+https://github.com/rust-lang/crates.io-index#jiff-static@0.2.37 
Failed to match (ignoring source) package: registry+https://github.com/rust-lang/crates.io-index#jiff-static@0.2.37 
Failed to match (ignoring source) package: registry+https://github.com/rust-lang/crates.io-index#jiff-static@0.2.37 
Failed to match (ignoring source) package: registry+https://github.com/rust-lang/crates.io-index#jiff-static@0.2.37 
Failed to match (ignoring source) package: registry+https://github.com/rust-lang/crates.io-index#jiff-static@0.2.37 
Failed to match (ignoring source) package: registry+https://github.com/rust-lang/crates.io-index#jiff-static@0.2.37 
Failed to match (ignoring source) package: registry+https://github.com/rust-lang/crates.io-index#jiff-static@0.2.37 
Failed to match (ignoring source) package: registry+https://github.com/rust-lang/crates.io-index#jiff-static@0.2.37 
Failed to match (ignoring source) package: registry+https://github.com/rust-lang/crates.io-index#jiff-static@0.2.37 
Failed to match (ignoring source) package: registry+https://github.com/rust-lang/crates.io-index#jiff-static@0.2.37 
Failed to match (ignoring source) package: registry+https://github.com/rust-lang/crates.io-index#jiff-static@0.2.37 
Failed to match (ignoring source) package: registry+https://github.com/rust-lang/crates.io-index#jiff-static@0.2.37 
Failed to match (ignoring source) package: registry+https://github.com/rust-lang/crates.io-index#jiff-static@0.2.37 
Failed to match (ignoring source) package: registry+https://github.com/rust-lang/crates.io-index#jiff-static@0.2.37 
Failed to match (ignoring source) package: registry+https://github.com/rust-lang/crates.io-index#jiff-static@0.2.37 
Failed to match (ignoring source) package: registry+https://github.com/rust-lang/crates.io-index#jiff-static@0.2.37 
Failed to match (ignoring source) package: registry+https://github.com/rust-lang/crates.io-index#defmt@1.1.1 
Failed to match (ignoring source) package: registry+https://github.com/rust-lang/crates.io-index#defmt@1.1.1 
Failed to match (ignoring source) package: registry+https://github.com/rust-lang/crates.io-index#defmt@1.1.1 
Failed to match (ignoring source) package: registry+https://github.com/rust-lang/crates.io-index#defmt@1.1.1 
Failed to match (ignoring source) package: registry+https://github.com/rust-lang/crates.io-index#loom@0.7.2 
Failed to match (ignoring source) package: registry+https://github.com/rust-lang/crates.io-index#loom@0.7.2 
Failed to match (ignoring source) package: registry+https://github.com/rust-lang/crates.io-index#loom@0.7.2 
Failed to match (ignoring source) package: registry+https://github.com/rust-lang/crates.io-index#loom@0.7.2 
Failed to match (ignoring source) package: registry+https://github.com/rust-lang/crates.io-index#loom@0.7.2 
Failed to match (ignoring source) package: registry+https://github.com/rust-lang/crates.io-index#loom@0.7.2 
Failed to match (ignoring source) package: registry+https://github.com/rust-lang/crates.io-index#rand@0.10.2 
Failed to match (ignoring source) package: registry+https://github.com/rust-lang/crates.io-index#rand@0.10.2 
Failed to match (ignoring source) package: registry+https://github.com/rust-lang/crates.io-index#rand@0.10.2 
Failed to match (ignoring source) package: registry+https://github.com/rust-lang/crates.io-index#rand@0.10.2 
Failed to match (ignoring source) package: registry+https://github.com/rust-lang/crates.io-index#rand@0.10.2 
Failed to match (ignoring source) package: registry+https://github.com/rust-lang/crates.io-index#rand@0.10.2 
Failed to match (ignoring source) package: registry+https://github.com/rust-lang/crates.io-index#rand@0.10.2 
Failed to match (ignoring source) package: registry+https://github.com/rust-lang/crates.io-index#rand@0.10.2 
Failed to match (ignoring source) package: registry+https://github.com/rust-lang/crates.io-index#rand@0.10.2 
Failed to match (ignoring source) package: registry+https://github.com/rust-lang/crates.io-index#rand@0.10.2 
Failed to match (ignoring source) package: registry+https://github.com/rust-lang/crates.io-index#rand@0.10.2 
Failed to match (ignoring source) package: registry+https://github.com/rust-lang/crates.io-index#rand@0.10.2 
Failed to match (ignoring source) package: registry+https://github.com/rust-lang/crates.io-index#rand@0.10.2 
Failed to match (ignoring source) package: registry+https://github.com/rust-lang/crates.io-index#rand@0.10.2 
Failed to match (ignoring source) package: registry+https://github.com/rust-lang/crates.io-index#rand@0.10.2 
Failed to match (ignoring source) package: registry+https://github.com/rust-lang/crates.io-index#rand@0.10.2 
Failed to match (ignoring source) package: registry+https://github.com/rust-lang/crates.io-index#rand@0.10.2 
Failed to match (ignoring source) package: registry+https://github.com/rust-lang/crates.io-index#rand@0.10.2 
Failed to match (ignoring source) package: registry+https://github.com/rust-lang/crates.io-index#rand@0.10.2 
Failed to match (ignoring source) package: registry+https://github.com/rust-lang/crates.io-index#rand@0.10.2 
Failed to match (ignoring source) package: registry+https://github.com/rust-lang/crates.io-index#rand@0.10.2 
Failed to match (ignoring source) package: registry+https://github.com/rust-lang/crates.io-index#rand@0.10.2 
Failed to match (ignoring source) package: registry+https://github.com/rust-lang/crates.io-index#rand@0.10.2 
Failed to match (ignoring source) package: registry+https://github.com/rust-lang/crates.io-index#rand@0.10.2 
Failed to match (ignoring source) package: registry+https://github.com/rust-lang/crates.io-index#rand@0.10.2 
Failed to match (ignoring source) package: registry+https://github.com/rust-lang/crates.io-index#rand@0.10.2 
Failed to match (ignoring source) package: registry+https://github.com/rust-lang/crates.io-index#rand@0.10.2 
Failed to match (ignoring source) package: registry+https://github.com/rust-lang/crates.io-index#defmt@1.1.1 
Failed to match (ignoring source) package: registry+https://github.com/rust-lang/crates.io-index#defmt@1.1.1 
Failed to match (ignoring source) package: registry+https://github.com/rust-lang/crates.io-index#defmt@1.1.1 
Failed to match (ignoring source) package: registry+https://github.com/rust-lang/crates.io-index#defmt@1.1.1 
Failed to match (ignoring source) package: registry+https://github.com/rust-lang/crates.io-index#defmt@1.1.1 
Failed to match (ignoring source) package: registry+https://github.com/rust-lang/crates.io-index#defmt@1.1.1 
Failed to match (ignoring source) package: registry+https://github.com/rust-lang/crates.io-index#defmt@1.1.1 
Failed to match (ignoring source) package: registry+https://github.com/rust-lang/crates.io-index#defmt@1.1.1 
Failed to match (ignoring source) package: registry+https://github.com/rust-lang/crates.io-index#defmt@1.1.1 
Failed to match (ignoring source) package: registry+https://github.com/rust-lang/crates.io-index#defmt@1.1.1 
Failed to match (ignoring source) package: registry+https://github.com/rust-lang/crates.io-index#defmt@1.1.1 
Failed to match (ignoring source) package: registry+https://github.com/rust-lang/crates.io-index#defmt@1.1.1 
Failed to match (ignoring source) package: registry+https://github.com/rust-lang/crates.io-index#defmt@1.1.1 
Failed to match (ignoring source) package: registry+https://github.com/rust-lang/crates.io-index#chrono@0.4.45 
Failed to match (ignoring source) package: registry+https://github.com/rust-lang/crates.io-index#chrono@0.4.45 
Failed to match (ignoring source) package: registry+https://github.com/rust-lang/crates.io-index#chrono@0.4.45 
Failed to match (ignoring source) package: registry+https://github.com/rust-lang/crates.io-index#chrono@0.4.45 
Failed to match (ignoring source) package: registry+https://github.com/rust-lang/crates.io-index#chrono@0.4.45 
Failed to match (ignoring source) package: registry+https://github.com/rust-lang/crates.io-index#chrono@0.4.45 
Failed to match (ignoring source) package: registry+https://github.com/rust-lang/crates.io-index#chrono@0.4.45 
Failed to match (ignoring source) package: registry+https://github.com/rust-lang/crates.io-index#chrono@0.4.45 
Failed to match (ignoring source) package: registry+https://github.com/rust-lang/crates.io-index#chrono@0.4.45 
Failed to match (ignoring source) package: registry+https://github.com/rust-lang/crates.io-index#chrono@0.4.45 
Failed to match (ignoring source) package: registry+https://github.com/rust-lang/crates.io-index#chrono@0.4.45 
Failed to match (ignoring source) package: registry+https://github.com/rust-lang/crates.io-index#chrono@0.4.45 
Failed to match (ignoring source) package: registry+https://github.com/rust-lang/crates.io-index#chrono@0.4.45 
Failed to match (ignoring source) package: registry+https://github.com/rust-lang/crates.io-index#chrono@0.4.45 
Failed to match (ignoring source) package: registry+https://github.com/rust-lang/crates.io-index#chrono@0.4.45 
Failed to match (ignoring source) package: registry+https://github.com/rust-lang/crates.io-index#chrono@0.4.45 
Failed to match (ignoring source) package: registry+https://github.com/rust-lang/crates.io-index#chrono@0.4.45 
Failed to match (ignoring source) package: registry+https://github.com/rust-lang/crates.io-index#chrono@0.4.45 
Failed to match (ignoring source) package: registry+https://github.com/rust-lang/crates.io-index#chrono@0.4.45 
Failed to match (ignoring source) package: registry+https://github.com/rust-lang/crates.io-index#chrono@0.4.45 
Failed to match (ignoring source) package: registry+https://github.com/rust-lang/crates.io-index#chrono@0.4.45 
Failed to match (ignoring source) package: registry+https://github.com/rust-lang/crates.io-index#chrono@0.4.45 
Failed to match (ignoring source) package: registry+https://github.com/rust-lang/crates.io-index#chrono@0.4.45 
Failed to match (ignoring source) package: registry+https://github.com/rust-lang/crates.io-index#chrono@0.4.45 
Failed to match (ignoring source) package: registry+https://github.com/rust-lang/crates.io-index#chrono@0.4.45 
Failed to match (ignoring source) package: registry+https://github.com/rust-lang/crates.io-index#chrono@0.4.45 
Failed to match (ignoring source) package: registry+https://github.com/rust-lang/crates.io-index#valuable@0.1.1 
Failed to match (ignoring source) package: registry+https://github.com/rust-lang/crates.io-index#valuable@0.1.1 
Failed to match (ignoring source) package: registry+https://github.com/rust-lang/crates.io-index#valuable@0.1.1 
Failed to match (ignoring source) package: registry+https://github.com/rust-lang/crates.io-index#valuable@0.1.1 
Failed to match (ignoring source) package: registry+https://github.com/rust-lang/crates.io-index#valuable@0.1.1 
Failed to match (ignoring source) package: registry+https://github.com/rust-lang/crates.io-index#valuable@0.1.1 
Failed to match (ignoring source) package: registry+https://github.com/rust-lang/crates.io-index#valuable@0.1.1 
Failed to match (ignoring source) package: registry+https://github.com/rust-lang/crates.io-index#valuable@0.1.1 
Failed to match (ignoring source) package: registry+https://github.com/rust-lang/crates.io-index#valuable@0.1.1 
Failed to match (ignoring source) package: registry+https://github.com/rust-lang/crates.io-index#valuable@0.1.1 
Failed to match (ignoring source) package: registry+https://github.com/rust-lang/crates.io-index#valuable@0.1.1 
Failed to match (ignoring source) package: registry+https://github.com/rust-lang/crates.io-index#valuable@0.1.1 
Failed to match (ignoring source) package: registry+https://github.com/rust-lang/crates.io-index#valuable@0.1.1 
Failed to match (ignoring source) package: registry+https://github.com/rust-lang/crates.io-index#valuable@0.1.1 
Failed to match (ignoring source) package: registry+https://github.com/rust-lang/crates.io-index#valuable@0.1.1 
Failed to match (ignoring source) package: registry+https://github.com/rust-lang/crates.io-index#valuable@0.1.1 
Failed to match (ignoring source) package: registry+https://github.com/rust-lang/crates.io-index#valuable@0.1.1 
Failed to match (ignoring source) package: registry+https://github.com/rust-lang/crates.io-index#valuable@0.1.1 
Failed to match (ignoring source) package: registry+https://github.com/rust-lang/crates.io-index#valuable@0.1.1 
Failed to match (ignoring source) package: registry+https://github.com/rust-lang/crates.io-index#valuable@0.1.1 
Failed to match (ignoring source) package: registry+https://github.com/rust-lang/crates.io-index#valuable@0.1.1 
Failed to match (ignoring source) package: registry+https://github.com/rust-lang/crates.io-index#valuable@0.1.1 
Failed to match (ignoring source) package: registry+https://github.com/rust-lang/crates.io-index#valuable@0.1.1 
Failed to match (ignoring source) package: registry+https://github.com/rust-lang/crates.io-index#valuable@0.1.1 
Failed to match (ignoring source) package: registry+https://github.com/rust-lang/crates.io-index#valuable@0.1.1 
Failed to match (ignoring source) package: registry+https://github.com/rust-lang/crates.io-index#valuable@0.1.1 
Failed to match (ignoring source) package: registry+https://github.com/rust-lang/crates.io-index#valuable@0.1.1 
Failed to match (ignoring source) package: registry+https://github.com/rust-lang/crates.io-index#valuable@0.1.1 
Failed to match (ignoring source) package: registry+https://github.com/rust-lang/crates.io-index#rand_core@0.6.4 
Failed to match (ignoring source) package: registry+https://github.com/rust-lang/crates.io-index#rand_core@0.6.4 
Failed to match (ignoring source) package: registry+https://github.com/rust-lang/crates.io-index#rand_core@0.6.4 
Failed to match (ignoring source) package: registry+https://github.com/rust-lang/crates.io-index#chrono@0.4.45 
Failed to match (ignoring source) package: registry+https://github.com/rust-lang/crates.io-index#chrono@0.4.45 
Failed to match (ignoring source) package: registry+https://github.com/rust-lang/crates.io-index#chrono@0.4.45 
Failed to match (ignoring source) package: registry+https://github.com/rust-lang/crates.io-index#chrono@0.4.45 
Failed to match (ignoring source) package: registry+https://github.com/rust-lang/crates.io-index#chrono@0.4.45 
Failed to match (ignoring source) package: registry+https://github.com/rust-lang/crates.io-index#chrono@0.4.45 
Failed to match (ignoring source) package: registry+https://github.com/rust-lang/crates.io-index#chrono@0.4.45 
Failed to match (ignoring source) package: registry+https://github.com/rust-lang/crates.io-index#chrono@0.4.45 
Failed to match (ignoring source) package: registry+https://github.com/rust-lang/crates.io-index#chrono@0.4.45 
Failed to match (ignoring source) package: registry+https://github.com/rust-lang/crates.io-index#chrono@0.4.45 
Failed to match (ignoring source) package: registry+https://github.com/rust-lang/crates.io-index#chrono@0.4.45 
Failed to match (ignoring source) package: registry+https://github.com/rust-lang/crates.io-index#chrono@0.4.45 
Failed to match (ignoring source) package: registry+https://github.com/rust-lang/crates.io-index#chrono@0.4.45 
Failed to match (ignoring source) package: registry+https://github.com/rust-lang/crates.io-index#chrono@0.4.45 
Failed to match (ignoring source) package: registry+https://github.com/rust-lang/crates.io-index#chrono@0.4.45 
Failed to match (ignoring source) package: registry+https://github.com/rust-lang/crates.io-index#chrono@0.4.45 
Failed to match (ignoring source) package: registry+https://github.com/rust-lang/crates.io-index#rand@0.10.2 
Failed to match (ignoring source) package: registry+https://github.com/rust-lang/crates.io-index#rand@0.10.2 
Failed to match (ignoring source) package: registry+https://github.com/rust-lang/crates.io-index#rand@0.10.2 
Failed to match (ignoring source) package: registry+https://github.com/rust-lang/crates.io-index#rand@0.10.2 
Failed to match (ignoring source) package: registry+https://github.com/rust-lang/crates.io-index#rand@0.10.2 
Failed to match (ignoring source) package: registry+https://github.com/rust-lang/crates.io-index#rand@0.10.2 
Failed to match (ignoring source) package: registry+https://github.com/rust-lang/crates.io-index#rand@0.10.2 
Failed to match (ignoring source) package: registry+https://github.com/rust-lang/crates.io-index#rand@0.10.2 
Failed to match (ignoring source) package: registry+https://github.com/rust-lang/crates.io-index#rand@0.10.2 
Failed to match (ignoring source) package: registry+https://github.com/rust-lang/crates.io-index#rand@0.10.2 
Failed to match (ignoring source) package: registry+https://github.com/rust-lang/crates.io-index#rand@0.10.2 
Failed to match (ignoring source) package: registry+https://github.com/rust-lang/crates.io-index#rand@0.10.2 
Failed to match (ignoring source) package: registry+https://github.com/rust-lang/crates.io-index#rand@0.10.2 
Failed to match (ignoring source) package: registry+https://github.com/rust-lang/crates.io-index#rand@0.10.2 
Failed to match (ignoring source) package: registry+https://github.com/rust-lang/crates.io-index#rand@0.10.2 
Failed to match (ignoring source) package: registry+https://github.com/rust-lang/crates.io-index#rand@0.10.2 
Failed to match (ignoring source) package: registry+https://github.com/rust-lang/crates.io-index#rand@0.10.2 
Failed to match (ignoring source) package: registry+https://github.com/rust-lang/crates.io-index#rand@0.10.2 
Failed to match (ignoring source) package: registry+https://github.com/rust-lang/crates.io-index#rand@0.10.2 
Failed to match (ignoring source) package: registry+https://github.com/rust-lang/crates.io-index#rand@0.10.2 
Failed to match (ignoring source) package: registry+https://github.com/rust-lang/crates.io-index#rand@0.10.2 
Failed to match (ignoring source) package: registry+https://github.com/rust-lang/crates.io-index#rand@0.10.2 
Failed to match (ignoring source) package: registry+https://github.com/rust-lang/crates.io-index#rand@0.10.2 
Failed to match (ignoring source) package: registry+https://github.com/rust-lang/crates.io-index#rand@0.10.2 
Failed to match (ignoring source) package: registry+https://github.com/rust-lang/crates.io-index#rand@0.10.2 
Failed to match (ignoring source) package: registry+https://github.com/rust-lang/crates.io-index#rand@0.10.2 
Failed to match (ignoring source) package: registry+https://github.com/rust-lang/crates.io-index#rand@0.10.2 
Failed to match (ignoring source) package: registry+https://github.com/rust-lang/crates.io-index#rand@0.10.2 
Failed to match (ignoring source) package: registry+https://github.com/rust-lang/crates.io-index#rand@0.10.2 
Failed to match (ignoring source) package: registry+https://github.com/rust-lang/crates.io-index#rand@0.10.2 
Failed to match (ignoring source) package: registry+https://github.com/rust-lang/crates.io-index#rand@0.10.2 
Failed to match (ignoring source) package: registry+https://github.com/rust-lang/crates.io-index#rand@0.10.2 
Failed to match (ignoring source) package: registry+https://github.com/rust-lang/crates.io-index#rand@0.10.2 
Failed to match (ignoring source) package: registry+https://github.com/rust-lang/crates.io-index#rand@0.10.2 
Failed to match (ignoring source) package: registry+https://github.com/rust-lang/crates.io-index#rand@0.10.2 
Failed to match (ignoring source) package: registry+https://github.com/rust-lang/crates.io-index#rand@0.10.2 
Failed to match (ignoring source) package: registry+https://github.com/rust-lang/crates.io-index#rand@0.10.2 
Failed to match (ignoring source) package: registry+https://github.com/rust-lang/crates.io-index#rand@0.10.2 
Failed to match (ignoring source) package: registry+https://github.com/rust-lang/crates.io-index#rand@0.10.2 
Failed to match (ignoring source) package: registry+https://github.com/rust-lang/crates.io-index#rand@0.10.2 
Failed to match (ignoring source) package: registry+https://github.com/rust-lang/crates.io-index#rand@0.10.2 
Failed to match (ignoring source) package: registry+https://github.com/rust-lang/crates.io-index#rand@0.10.2 
Failed to match (ignoring source) package: registry+https://github.com/rust-lang/crates.io-index#rand@0.10.2 
Failed to match (ignoring source) package: registry+https://github.com/rust-lang/crates.io-index#rand@0.10.2 
Failed to match (ignoring source) package: registry+https://github.com/rust-lang/crates.io-index#rand@0.10.2 
Failed to match (ignoring source) package: registry+https://github.com/rust-lang/crates.io-index#rand@0.10.2 
Failed to match (ignoring source) package: registry+https://github.com/rust-lang/crates.io-index#rand@0.10.2 
Failed to match (ignoring source) package: registry+https://github.com/rust-lang/crates.io-index#rand@0.10.2 
Failed to match (ignoring source) package: registry+https://github.com/rust-lang/crates.io-index#rand@0.10.2 
Failed to match (ignoring source) package: registry+https://github.com/rust-lang/crates.io-index#ring@0.17.14 
Failed to match (ignoring source) package: registry+https://github.com/rust-lang/crates.io-index#ring@0.17.14 
Failed to match (ignoring source) package: registry+https://github.com/rust-lang/crates.io-index#ring@0.17.14 
Failed to match (ignoring source) package: registry+https://github.com/rust-lang/crates.io-index#ring@0.17.14 
Failed to match (ignoring source) package: registry+https://github.com/rust-lang/crates.io-index#ring@0.17.14 
Failed to match (ignoring source) package: registry+https://github.com/rust-lang/crates.io-index#ring@0.17.14 
Failed to match (ignoring source) package: registry+https://github.com/rust-lang/crates.io-index#ring@0.17.14 
Failed to match (ignoring source) package: registry+https://github.com/rust-lang/crates.io-index#ring@0.17.14 
Failed to match (ignoring source) package: registry+https://github.com/rust-lang/crates.io-index#ring@0.17.14 
Failed to match (ignoring source) package: registry+https://github.com/rust-lang/crates.io-index#ring@0.17.14 
Failed to match (ignoring source) package: registry+https://github.com/rust-lang/crates.io-index#ring@0.17.14 
Failed to match (ignoring source) package: registry+https://github.com/rust-lang/crates.io-index#ring@0.17.14 
Failed to match (ignoring source) package: registry+https://github.com/rust-lang/crates.io-index#ring@0.17.14 
Failed to match (ignoring source) package: registry+https://github.com/rust-lang/crates.io-index#ring@0.17.14 
Failed to match (ignoring source) package: registry+https://github.com/rust-lang/crates.io-index#ring@0.17.14 
Failed to match (ignoring source) package: registry+https://github.com/rust-lang/crates.io-index#ring@0.17.14 
Failed to match (ignoring source) package: registry+https://github.com/rust-lang/crates.io-index#ring@0.17.14 
Failed to match (ignoring source) package: registry+https://github.com/rust-lang/crates.io-index#ring@0.17.14 
Failed to match (ignoring source) package: registry+https://github.com/rust-lang/crates.io-index#ring@0.17.14 
Failed to match (ignoring source) package: registry+https://github.com/rust-lang/crates.io-index#ring@0.17.14 
Failed to match (ignoring source) package: registry+https://github.com/rust-lang/crates.io-index#ring@0.17.14 
Failed to match (ignoring source) package: registry+https://github.com/rust-lang/crates.io-index#ring@0.17.14 
Failed to match (ignoring source) package: registry+https://github.com/rust-lang/crates.io-index#ring@0.17.14 
Failed to match (ignoring source) package: registry+https://github.com/rust-lang/crates.io-index#ring@0.17.14 
Failed to match (ignoring source) package: registry+https://github.com/rust-lang/crates.io-index#ring@0.17.14 
Failed to match (ignoring source) package: registry+https://github.com/rust-lang/crates.io-index#ring@0.17.14 
Failed to match (ignoring source) package: registry+https://github.com/rust-lang/crates.io-index#ring@0.17.14 
Failed to match (ignoring source) package: registry+https://github.com/rust-lang/crates.io-index#ring@0.17.14 
Failed to match (ignoring source) package: registry+https://github.com/rust-lang/crates.io-index#ring@0.17.14 
Failed to match (ignoring source) package: registry+https://github.com/rust-lang/crates.io-index#ring@0.17.14 
Failed to match (ignoring source) package: registry+https://github.com/rust-lang/crates.io-index#ring@0.17.14 
Failed to match (ignoring source) package: registry+https://github.com/rust-lang/crates.io-index#ring@0.17.14 
Failed to match (ignoring source) package: registry+https://github.com/rust-lang/crates.io-index#ring@0.17.14 
Failed to match (ignoring source) package: registry+https://github.com/rust-lang/crates.io-index#ring@0.17.14 
Failed to match (ignoring source) package: registry+https://github.com/rust-lang/crates.io-index#ring@0.17.14 
Failed to match (ignoring source) package: registry+https://github.com/rust-lang/crates.io-index#ring@0.17.14 
Failed to match (ignoring source) package: registry+https://github.com/rust-lang/crates.io-index#ring@0.17.14 
Failed to match (ignoring source) package: registry+https://github.com/rust-lang/crates.io-index#ring@0.17.14 
Failed to match (ignoring source) package: registry+https://github.com/rust-lang/crates.io-index#rand_core@0.10.1 
Failed to match (ignoring source) package: registry+https://github.com/rust-lang/crates.io-index#rand_core@0.10.1 
Failed to match (ignoring source) package: registry+https://github.com/rust-lang/crates.io-index#rand_core@0.10.1 
Failed to match (ignoring source) package: registry+https://github.com/rust-lang/crates.io-index#rand_core@0.6.4 
Failed to match (ignoring source) package: registry+https://github.com/rust-lang/crates.io-index#rand_core@0.6.4 
Failed to match (ignoring source) package: registry+https://github.com/rust-lang/crates.io-index#rand_core@0.6.4 
Failed to match (ignoring source) package: registry+https://github.com/rust-lang/crates.io-index#rand_core@0.6.4 
Failed to match (ignoring source) package: registry+https://github.com/rust-lang/crates.io-index#rand_core@0.6.4 
Failed to match (ignoring source) package: registry+https://github.com/rust-lang/crates.io-index#chrono@0.4.45 
Failed to match (ignoring source) package: registry+https://github.com/rust-lang/crates.io-index#chrono@0.4.45 
Failed to match (ignoring source) package: registry+https://github.com/rust-lang/crates.io-index#chrono@0.4.45 
Failed to match (ignoring source) package: registry+https://github.com/rust-lang/crates.io-index#chrono@0.4.45 
Failed to match (ignoring source) package: registry+https://github.com/rust-lang/crates.io-index#chrono@0.4.45 
Failed to match (ignoring source) package: registry+https://github.com/rust-lang/crates.io-index#chrono@0.4.45 
Failed to match (ignoring source) package: registry+https://github.com/rust-lang/crates.io-index#chrono@0.4.45 
Failed to match (ignoring source) package: registry+https://github.com/rust-lang/crates.io-index#chrono@0.4.45 
Failed to match (ignoring source) package: registry+https://github.com/rust-lang/crates.io-index#chrono@0.4.45 
Failed to match (ignoring source) package: registry+https://github.com/rust-lang/crates.io-index#chrono@0.4.45 
Failed to match (ignoring source) package: registry+https://github.com/rust-lang/crates.io-index#chrono@0.4.45 
Failed to match (ignoring source) package: registry+https://github.com/rust-lang/crates.io-index#chrono@0.4.45 
Failed to match (ignoring source) package: registry+https://github.com/rust-lang/crates.io-index#chrono@0.4.45 
Failed to match (ignoring source) package: registry+https://github.com/rust-lang/crates.io-index#chrono@0.4.45 
Failed to match (ignoring source) package: registry+https://github.com/rust-lang/crates.io-index#chrono@0.4.45 
Failed to match (ignoring source) package: registry+https://github.com/rust-lang/crates.io-index#chrono@0.4.45 
Failed to match (ignoring source) package: registry+https://github.com/rust-lang/crates.io-index#chrono@0.4.45 
Failed to match (ignoring source) package: registry+https://github.com/rust-lang/crates.io-index#chrono@0.4.45 
Failed to match (ignoring source) package: registry+https://github.com/rust-lang/crates.io-index#chrono@0.4.45 
Failed to match (ignoring source) package: registry+https://github.com/rust-lang/crates.io-index#chrono@0.4.45 
Failed to match (ignoring source) package: registry+https://github.com/rust-lang/crates.io-index#chrono@0.4.45 
Failed to match (ignoring source) package: registry+https://github.com/rust-lang/crates.io-index#chrono@0.4.45 
Failed to match (ignoring source) package: registry+https://github.com/rust-lang/crates.io-index#chrono@0.4.45 
Failed to match (ignoring source) package: registry+https://github.com/rust-lang/crates.io-index#quinn@0.11.11 
Failed to match (ignoring source) package: registry+https://github.com/rust-lang/crates.io-index#quinn@0.11.11 
Failed to match (ignoring source) package: registry+https://github.com/rust-lang/crates.io-index#quinn@0.11.11 
Failed to match (ignoring source) package: registry+https://github.com/rust-lang/crates.io-index#quinn@0.11.11 
Failed to match (ignoring source) package: registry+https://github.com/rust-lang/crates.io-index#quinn@0.11.11 
Failed to match (ignoring source) package: registry+https://github.com/rust-lang/crates.io-index#quinn@0.11.11 
Failed to match (ignoring source) package: registry+https://github.com/rust-lang/crates.io-index#quinn@0.11.11 
Failed to match (ignoring source) package: registry+https://github.com/rust-lang/crates.io-index#quinn@0.11.11 
Failed to match (ignoring source) package: registry+https://github.com/rust-lang/crates.io-index#quinn@0.11.11 
Failed to match (ignoring source) package: registry+https://github.com/rust-lang/crates.io-index#quinn@0.11.11 
Failed to match (ignoring source) package: registry+https://github.com/rust-lang/crates.io-index#quinn@0.11.11 
Failed to match (ignoring source) package: registry+https://github.com/rust-lang/crates.io-index#quinn@0.11.11 
Failed to match (ignoring source) package: registry+https://github.com/rust-lang/crates.io-index#quinn@0.11.11 
Failed to match (ignoring source) package: registry+https://github.com/rust-lang/crates.io-index#quinn@0.11.11 
Failed to match (ignoring source) package: registry+https://github.com/rust-lang/crates.io-index#quinn@0.11.11 
Failed to match (ignoring source) package: registry+https://github.com/rust-lang/crates.io-index#quinn@0.11.11 
Failed to match (ignoring source) package: registry+https://github.com/rust-lang/crates.io-index#quinn@0.11.11 
Failed to match (ignoring source) package: registry+https://github.com/rust-lang/crates.io-index#quinn@0.11.11 
Failed to match (ignoring source) package: registry+https://github.com/rust-lang/crates.io-index#quinn@0.11.11 
Failed to match (ignoring source) package: registry+https://github.com/rust-lang/crates.io-index#quinn@0.11.11 
Failed to match (ignoring source) package: registry+https://github.com/rust-lang/crates.io-index#quinn@0.11.11 
Failed to match (ignoring source) package: registry+https://github.com/rust-lang/crates.io-index#quinn@0.11.11 
Failed to match (ignoring source) package: registry+https://github.com/rust-lang/crates.io-index#quinn@0.11.11 
Failed to match (ignoring source) package: registry+https://github.com/rust-lang/crates.io-index#quinn@0.11.11 
Failed to match (ignoring source) package: registry+https://github.com/rust-lang/crates.io-index#quinn@0.11.11 
Failed to match (ignoring source) package: registry+https://github.com/rust-lang/crates.io-index#quinn@0.11.11 
Failed to match (ignoring source) package: registry+https://github.com/rust-lang/crates.io-index#quinn@0.11.11 
Failed to match (ignoring source) package: registry+https://github.com/rust-lang/crates.io-index#quinn@0.11.11 
Failed to match (ignoring source) package: registry+https://github.com/rust-lang/crates.io-index#quinn@0.11.11 
Failed to match (ignoring source) package: registry+https://github.com/rust-lang/crates.io-index#quinn@0.11.11 
Failed to match (ignoring source) package: registry+https://github.com/rust-lang/crates.io-index#quinn@0.11.11 
Failed to match (ignoring source) package: registry+https://github.com/rust-lang/crates.io-index#quinn@0.11.11 
Failed to match (ignoring source) package: registry+https://github.com/rust-lang/crates.io-index#quinn@0.11.11 
Failed to match (ignoring source) package: registry+https://github.com/rust-lang/crates.io-index#quinn@0.11.11 
Failed to match (ignoring source) package: registry+https://github.com/rust-lang/crates.io-index#quinn@0.11.11 
Failed to match (ignoring source) package: registry+https://github.com/rust-lang/crates.io-index#quinn@0.11.11 
Failed to match (ignoring source) package: registry+https://github.com/rust-lang/crates.io-index#quinn@0.11.11 
Failed to match (ignoring source) package: registry+https://github.com/rust-lang/crates.io-index#quinn@0.11.11 
Failed to match (ignoring source) package: registry+https://github.com/rust-lang/crates.io-index#quinn@0.11.11 
Failed to match (ignoring source) package: registry+https://github.com/rust-lang/crates.io-index#quinn@0.11.11 
Failed to match (ignoring source) package: registry+https://github.com/rust-lang/crates.io-index#quinn@0.11.11 
Failed to match (ignoring source) package: registry+https://github.com/rust-lang/crates.io-index#quinn@0.11.11 
Failed to match (ignoring source) package: registry+https://github.com/rust-lang/crates.io-index#quinn@0.11.11 
Failed to match (ignoring source) package: registry+https://github.com/rust-lang/crates.io-index#quinn@0.11.11 
Failed to match (ignoring source) package: registry+https://github.com/rust-lang/crates.io-index#quinn@0.11.11 
Failed to match (ignoring source) package: registry+https://github.com/rust-lang/crates.io-index#quinn@0.11.11 
Failed to match (ignoring source) package: registry+https://github.com/rust-lang/crates.io-index#quinn@0.11.11 
Failed to match (ignoring source) package: registry+https://github.com/rust-lang/crates.io-index#quinn@0.11.11 
Failed to match (ignoring source) package: registry+https://github.com/rust-lang/crates.io-index#quinn@0.11.11 
Failed to match (ignoring source) package: registry+https://github.com/rust-lang/crates.io-index#quinn@0.11.11 
Failed to match (ignoring source) package: registry+https://github.com/rust-lang/crates.io-index#quinn@0.11.11 
Failed to match (ignoring source) package: registry+https://github.com/rust-lang/crates.io-index#quinn@0.11.11 
Failed to match (ignoring source) package: registry+https://github.com/rust-lang/crates.io-index#quinn@0.11.11 
Failed to match (ignoring source) package: registry+https://github.com/rust-lang/crates.io-index#quinn@0.11.11 
Failed to match (ignoring source) package: registry+https://github.com/rust-lang/crates.io-index#quinn@0.11.11 
Failed to match (ignoring source) package: registry+https://github.com/rust-lang/crates.io-index#quinn@0.11.11 
Failed to match (ignoring source) package: registry+https://github.com/rust-lang/crates.io-index#quinn@0.11.11 
Failed to match (ignoring source) package: registry+https://github.com/rust-lang/crates.io-index#quinn@0.11.11 
Failed to match (ignoring source) package: registry+https://github.com/rust-lang/crates.io-index#quinn@0.11.11 
Failed to match (ignoring source) package: registry+https://github.com/rust-lang/crates.io-index#quinn@0.11.11 
Failed to match (ignoring source) package: registry+https://github.com/rust-lang/crates.io-index#quinn@0.11.11 
Failed to match (ignoring source) package: registry+https://github.com/rust-lang/crates.io-index#quinn@0.11.11 
Failed to match (ignoring source) package: registry+https://github.com/rust-lang/crates.io-index#chrono@0.4.45 
Failed to match (ignoring source) package: registry+https://github.com/rust-lang/crates.io-index#chrono@0.4.45 
Failed to match (ignoring source) package: registry+https://github.com/rust-lang/crates.io-index#chrono@0.4.45 
Failed to match (ignoring source) package: registry+https://github.com/rust-lang/crates.io-index#chrono@0.4.45 
Failed to match (ignoring source) package: registry+https://github.com/rust-lang/crates.io-index#chrono@0.4.45 
Failed to match (ignoring source) package: registry+https://github.com/rust-lang/crates.io-index#chrono@0.4.45 
Failed to match (ignoring source) package: registry+https://github.com/rust-lang/crates.io-index#chrono@0.4.45 
Failed to match (ignoring source) package: registry+https://github.com/rust-lang/crates.io-index#chrono@0.4.45 
Failed to match (ignoring source) package: registry+https://github.com/rust-lang/crates.io-index#chrono@0.4.45 
Failed to match (ignoring source) package: registry+https://github.com/rust-lang/crates.io-index#chrono@0.4.45 
Failed to match (ignoring source) package: registry+https://github.com/rust-lang/crates.io-index#chrono@0.4.45 
Failed to match (ignoring source) package: registry+https://github.com/rust-lang/crates.io-index#chrono@0.4.45 
Failed to match (ignoring source) package: registry+https://github.com/rust-lang/crates.io-index#chrono@0.4.45 
Failed to match (ignoring source) package: registry+https://github.com/rust-lang/crates.io-index#chrono@0.4.45 
Failed to match (ignoring source) package: registry+https://github.com/rust-lang/crates.io-index#chrono@0.4.45 
Failed to match (ignoring source) package: registry+https://github.com/rust-lang/crates.io-index#chrono@0.4.45 
Failed to match (ignoring source) package: registry+https://github.com/rust-lang/crates.io-index#chrono@0.4.45 
Failed to match (ignoring source) package: registry+https://github.com/rust-lang/crates.io-index#chrono@0.4.45 
Failed to match (ignoring source) package: registry+https://github.com/rust-lang/crates.io-index#chrono@0.4.45 
Failed to match (ignoring source) package: registry+https://github.com/rust-lang/crates.io-index#chrono@0.4.45 
    Blocking waiting for file lock on build directory
     Removed 17352 files, 24.7GiB total
    Blocking waiting for file lock on build directory
   Compiling proc-macro2 v1.0.107
   Compiling unicode-ident v1.0.24
   Compiling quote v1.0.47
   Compiling libc v0.2.189
   Compiling serde v1.0.229
   Compiling serde_core v1.0.229
    Checking memchr v2.8.3
    Checking cfg-if v1.0.4
    Checking once_cell v1.21.4
    Checking pin-project-lite v0.2.17
    Checking futures-core v0.3.34
    Checking itoa v1.0.18
    Checking allocator-api2 v0.2.21
    Checking equivalent v1.0.2
    Checking foldhash v0.2.0
{"$message_type":"artifact","artifact":"/home/lewis/src/ad-law-scrape/athletic-rust-pipeline/target/debug/build/serde-42f08ec83b334d3a/build_script_build-42f08ec83b334d3a.d","emit":"dep-info"}
{"$message_type":"artifact","artifact":"/home/lewis/src/ad-law-scrape/athletic-rust-pipeline/target/debug/build/quote-4e64a9512590a901/build_script_build-4e64a9512590a901.d","emit":"dep-info"}
{"$message_type":"artifact","artifact":"/home/lewis/src/ad-law-scrape/athletic-rust-pipeline/target/debug/build/proc-macro2-3f89419e38ebe4ab/build_script_build-3f89419e38ebe4ab.d","emit":"dep-info"}
    Checking futures-sink v0.3.34
    Checking smallvec v1.15.2
    Checking slab v0.4.12
    Checking futures-io v0.3.34
{"$message_type":"artifact","artifact":"/home/lewis/src/ad-law-scrape/athletic-rust-pipeline/target/debug/build/libc-f8beb40fec9320fd/build_script_build-f8beb40fec9320fd.d","emit":"dep-info"}
    Checking futures-task v0.3.34
   Compiling zmij v1.0.23
    Checking stable_deref_trait v1.2.1
    Checking log v0.4.34
   Compiling find-msvc-tools v0.1.11
   Compiling thiserror v2.0.20
{"$message_type":"artifact","artifact":"/home/lewis/src/ad-law-scrape/athletic-rust-pipeline/target/debug/build/serde_core-542f30eb79d79540/build_script_build-542f30eb79d79540.d","emit":"dep-info"}
   Compiling shlex v2.0.1
    Checking percent-encoding v2.3.2
   Compiling dunce v1.0.5
   Compiling pkg-config v0.3.34
   Compiling fs_extra v1.3.0
   Compiling httparse v1.10.1
{"$message_type":"artifact","artifact":"/home/lewis/src/velvet-ballistics/target/debug/deps/unicode_ident-c763a785dc3ccbf7.d","emit":"dep-info"}
{"$message_type":"artifact","artifact":"/home/lewis/src/velvet-ballistics/target/debug/deps/libunicode_ident-c763a785dc3ccbf7.rmeta","emit":"metadata"}
{"$message_type":"artifact","artifact":"/home/lewis/src/velvet-ballistics/target/debug/deps/libunicode_ident-c763a785dc3ccbf7.rlib","emit":"link"}
    Checking tower-service v0.3.3
{"$message_type":"artifact","artifact":"/home/lewis/src/titania/target/debug/deps/cfg_if-4a7d0854554f50b2.d","emit":"dep-info"}
{"$message_type":"artifact","artifact":"/home/lewis/src/titania/target/debug/deps/libcfg_if-4a7d0854554f50b2.rmeta","emit":"metadata"}
{"$message_type":"artifact","artifact":"/home/lewis/src/ad-law-scrape/athletic-rust-pipeline/target/debug/deps/once_cell-b28dbd92edb9d4de.d","emit":"dep-info"}
{"$message_type":"artifact","artifact":"/home/lewis/src/ad-law-scrape/athletic-rust-pipeline/target/debug/deps/libonce_cell-b28dbd92edb9d4de.rmeta","emit":"metadata"}
{"$message_type":"artifact","artifact":"/home/lewis/src/ad-law-scrape/athletic-rust-pipeline/target/debug/build/zmij-cd03ac39daec2073/build_script_build-cd03ac39daec2073.d","emit":"dep-info"}
    Checking typenum v1.20.1
    Checking tracing-core v0.1.36
    Checking atomic-waker v1.1.2
{"$message_type":"artifact","artifact":"/home/lewis/src/ad-law-scrape/athletic-rust-pipeline/target/debug/deps/pin_project_lite-39c45f83b74c746b.d","emit":"dep-info"}
{"$message_type":"artifact","artifact":"/home/lewis/src/ad-law-scrape/athletic-rust-pipeline/target/debug/deps/libpin_project_lite-39c45f83b74c746b.rmeta","emit":"metadata"}
{"$message_type":"artifact","artifact":"/home/lewis/src/ad-law-scrape/athletic-rust-pipeline/target/debug/deps/futures_core-03a3dd7c78d4b43c.d","emit":"dep-info"}
{"$message_type":"artifact","artifact":"/home/lewis/src/ad-law-scrape/athletic-rust-pipeline/target/debug/deps/libfutures_core-03a3dd7c78d4b43c.rmeta","emit":"metadata"}
{"$message_type":"artifact","artifact":"/home/lewis/src/ad-law-scrape/athletic-rust-pipeline/target/debug/deps/foldhash-7d6166992b06ab51.d","emit":"dep-info"}
{"$message_type":"artifact","artifact":"/home/lewis/src/ad-law-scrape/athletic-rust-pipeline/target/debug/deps/libfoldhash-7d6166992b06ab51.rmeta","emit":"metadata"}
{"$message_type":"artifact","artifact":"/home/lewis/src/titania/target/debug/deps/itoa-361f614e90fa73b5.d","emit":"dep-info"}
{"$message_type":"artifact","artifact":"/home/lewis/src/titania/target/debug/deps/libitoa-361f614e90fa73b5.rmeta","emit":"metadata"}
{"$message_type":"artifact","artifact":"/home/lewis/src/ad-law-scrape/athletic-rust-pipeline/target/debug/deps/futures_task-8a0f1232e5e9326b.d","emit":"dep-info"}
{"$message_type":"artifact","artifact":"/home/lewis/src/ad-law-scrape/athletic-rust-pipeline/target/debug/deps/libfutures_task-8a0f1232e5e9326b.rmeta","emit":"metadata"}
{"$message_type":"artifact","artifact":"/home/lewis/src/ad-law-scrape/athletic-rust-pipeline/target/debug/deps/slab-c8dfeb1468e0ebe8.d","emit":"dep-info"}
{"$message_type":"artifact","artifact":"/home/lewis/src/ad-law-scrape/athletic-rust-pipeline/target/debug/deps/libslab-c8dfeb1468e0ebe8.rmeta","emit":"metadata"}
{"$message_type":"artifact","artifact":"/home/lewis/src/ad-law-scrape/athletic-rust-pipeline/target/debug/deps/stable_deref_trait-29e9510640123f8d.d","emit":"dep-info"}
{"$message_type":"artifact","artifact":"/home/lewis/src/ad-law-scrape/athletic-rust-pipeline/target/debug/deps/libstable_deref_trait-29e9510640123f8d.rmeta","emit":"metadata"}
{"$message_type":"artifact","artifact":"/home/lewis/src/titania/target/debug/deps/equivalent-dbd0be9061b7acbc.d","emit":"dep-info"}
{"$message_type":"artifact","artifact":"/home/lewis/src/titania/target/debug/deps/libequivalent-dbd0be9061b7acbc.rmeta","emit":"metadata"}
    Checking base64 v0.22.1
{"$message_type":"artifact","artifact":"/home/lewis/src/ad-law-scrape/athletic-rust-pipeline/target/debug/deps/futures_io-484c5141ad77df8c.d","emit":"dep-info"}
{"$message_type":"artifact","artifact":"/home/lewis/src/ad-law-scrape/athletic-rust-pipeline/target/debug/deps/libfutures_io-484c5141ad77df8c.rmeta","emit":"metadata"}
{"$message_type":"artifact","artifact":"/home/lewis/src/ad-law-scrape/athletic-rust-pipeline/target/debug/deps/allocator_api2-c74e46d1a09fbb5b.d","emit":"dep-info"}
{"$message_type":"artifact","artifact":"/home/lewis/src/ad-law-scrape/athletic-rust-pipeline/target/debug/deps/liballocator_api2-c74e46d1a09fbb5b.rmeta","emit":"metadata"}
   Compiling aws-lc-rs v1.18.0
{"$message_type":"artifact","artifact":"/home/lewis/src/ad-law-scrape/athletic-rust-pipeline/target/debug/build/thiserror-605817922a5c8d6f/build_script_build-605817922a5c8d6f.d","emit":"dep-info"}
    Checking try-lock v0.2.5
    Checking fnv v1.0.7
    Checking hashbrown v0.17.1
    Checking sync_wrapper v1.0.2
    Checking writeable v0.6.4
    Checking httpdate v1.0.3
    Checking litemap v0.8.3
{"$message_type":"artifact","artifact":"/home/lewis/src/ad-law-scrape/athletic-rust-pipeline/target/debug/deps/futures_sink-2e054ab73db19745.d","emit":"dep-info"}
{"$message_type":"artifact","artifact":"/home/lewis/src/ad-law-scrape/athletic-rust-pipeline/target/debug/deps/libfutures_sink-2e054ab73db19745.rmeta","emit":"metadata"}
{"$message_type":"artifact","artifact":"/home/lewis/src/titania/target/debug/deps/shlex-210ed138669455eb.d","emit":"dep-info"}
{"$message_type":"artifact","artifact":"/home/lewis/src/titania/target/debug/deps/libshlex-210ed138669455eb.rmeta","emit":"metadata"}
{"$message_type":"artifact","artifact":"/home/lewis/src/titania/target/debug/deps/libshlex-210ed138669455eb.rlib","emit":"link"}
{"$message_type":"artifact","artifact":"/home/lewis/src/ad-law-scrape/athletic-rust-pipeline/target/debug/deps/memchr-059ac10afdaa1f36.d","emit":"dep-info"}
{"$message_type":"artifact","artifact":"/home/lewis/src/ad-law-scrape/athletic-rust-pipeline/target/debug/deps/libmemchr-059ac10afdaa1f36.rmeta","emit":"metadata"}
{"$message_type":"artifact","artifact":"/home/lewis/src/ad-law-scrape/athletic-rust-pipeline/target/debug/build/httparse-05246e2aa92cc113/build_script_build-05246e2aa92cc113.d","emit":"dep-info"}
{"$message_type":"artifact","artifact":"/home/lewis/src/ad-law-scrape/athletic-rust-pipeline/target/debug/deps/dunce-ba18d8804ab700b1.d","emit":"dep-info"}
{"$message_type":"artifact","artifact":"/home/lewis/src/ad-law-scrape/athletic-rust-pipeline/target/debug/deps/libdunce-ba18d8804ab700b1.rmeta","emit":"metadata"}
{"$message_type":"artifact","artifact":"/home/lewis/src/ad-law-scrape/athletic-rust-pipeline/target/debug/deps/libdunce-ba18d8804ab700b1.rlib","emit":"link"}
{"$message_type":"artifact","artifact":"/home/lewis/src/ad-law-scrape/athletic-rust-pipeline/target/debug/deps/log-be247c1be351df4b.d","emit":"dep-info"}
{"$message_type":"artifact","artifact":"/home/lewis/src/ad-law-scrape/athletic-rust-pipeline/target/debug/deps/liblog-be247c1be351df4b.rmeta","emit":"metadata"}
{"$message_type":"artifact","artifact":"/home/lewis/src/ad-law-scrape/athletic-rust-pipeline/target/debug/deps/fs_extra-3f23357cdcc191d9.d","emit":"dep-info"}
{"$message_type":"artifact","artifact":"/home/lewis/src/ad-law-scrape/athletic-rust-pipeline/target/debug/deps/libfs_extra-3f23357cdcc191d9.rmeta","emit":"metadata"}
{"$message_type":"artifact","artifact":"/home/lewis/src/ad-law-scrape/athletic-rust-pipeline/target/debug/deps/libfs_extra-3f23357cdcc191d9.rlib","emit":"link"}
{"$message_type":"artifact","artifact":"/home/lewis/src/ad-law-scrape/athletic-rust-pipeline/target/debug/deps/find_msvc_tools-5e0446f1c139f163.d","emit":"dep-info"}
{"$message_type":"artifact","artifact":"/home/lewis/src/ad-law-scrape/athletic-rust-pipeline/target/debug/deps/libfind_msvc_tools-5e0446f1c139f163.rmeta","emit":"metadata"}
{"$message_type":"artifact","artifact":"/home/lewis/src/ad-law-scrape/athletic-rust-pipeline/target/debug/deps/libfind_msvc_tools-5e0446f1c139f163.rlib","emit":"link"}
{"$message_type":"artifact","artifact":"/home/lewis/src/ad-law-scrape/athletic-rust-pipeline/target/debug/deps/percent_encoding-fab0d919935d0128.d","emit":"dep-info"}
{"$message_type":"artifact","artifact":"/home/lewis/src/ad-law-scrape/athletic-rust-pipeline/target/debug/deps/libpercent_encoding-fab0d919935d0128.rmeta","emit":"metadata"}
{"$message_type":"artifact","artifact":"/home/lewis/src/ad-law-scrape/athletic-rust-pipeline/target/debug/deps/smallvec-cc9fb90ece10c9e8.d","emit":"dep-info"}
{"$message_type":"artifact","artifact":"/home/lewis/src/ad-law-scrape/athletic-rust-pipeline/target/debug/deps/libsmallvec-cc9fb90ece10c9e8.rmeta","emit":"metadata"}
    Checking futures-channel v0.3.34
{"$message_type":"artifact","artifact":"/home/lewis/src/ad-law-scrape/athletic-rust-pipeline/target/debug/build/quote-4e64a9512590a901/build_script_build-4e64a9512590a901","emit":"link"}
{"$message_type":"artifact","artifact":"/home/lewis/src/ad-law-scrape/athletic-rust-pipeline/target/debug/deps/tower_service-0c244bdadb1c689c.d","emit":"dep-info"}
{"$message_type":"artifact","artifact":"/home/lewis/src/ad-law-scrape/athletic-rust-pipeline/target/debug/deps/libtower_service-0c244bdadb1c689c.rmeta","emit":"metadata"}
    Checking tower-layer v0.3.3
{"$message_type":"artifact","artifact":"/home/lewis/src/ad-law-scrape/athletic-rust-pipeline/target/debug/build/serde_core-c95beadfc4874447/build_script_build-c95beadfc4874447.d","emit":"dep-info"}
{"$message_type":"artifact","artifact":"/home/lewis/src/ad-law-scrape/athletic-rust-pipeline/target/debug/build/aws-lc-rs-edd4037b56396d5e/build_script_build-edd4037b56396d5e.d","emit":"dep-info"}
{"$message_type":"artifact","artifact":"/home/lewis/src/ad-law-scrape/athletic-rust-pipeline/target/debug/deps/pkg_config-843819f4e9774d05.d","emit":"dep-info"}
{"$message_type":"artifact","artifact":"/home/lewis/src/ad-law-scrape/athletic-rust-pipeline/target/debug/deps/libpkg_config-843819f4e9774d05.rmeta","emit":"metadata"}
{"$message_type":"artifact","artifact":"/home/lewis/src/ad-law-scrape/athletic-rust-pipeline/target/debug/deps/libpkg_config-843819f4e9774d05.rlib","emit":"link"}
    Checking untrusted v0.7.1
    Checking bitflags v2.13.1
{"$message_type":"artifact","artifact":"/home/lewis/src/ad-law-scrape/athletic-rust-pipeline/target/debug/deps/atomic_waker-20260b4402dc237a.d","emit":"dep-info"}
{"$message_type":"artifact","artifact":"/home/lewis/src/ad-law-scrape/athletic-rust-pipeline/target/debug/deps/libatomic_waker-20260b4402dc237a.rmeta","emit":"metadata"}
   Compiling anyhow v1.0.104
    Checking mime v0.3.17
    Checking utf8_iter v1.0.4
   Compiling icu_properties_data v2.3.0
    Checking ipnet v2.12.1
{"$message_type":"artifact","artifact":"/home/lewis/src/ad-law-scrape/athletic-rust-pipeline/target/debug/deps/base64-338dc187bf909e4f.d","emit":"dep-info"}
{"$message_type":"artifact","artifact":"/home/lewis/src/ad-law-scrape/athletic-rust-pipeline/target/debug/deps/libbase64-338dc187bf909e4f.rmeta","emit":"metadata"}
{"$message_type":"artifact","artifact":"/home/lewis/src/ad-law-scrape/athletic-rust-pipeline/target/debug/build/serde-42f08ec83b334d3a/build_script_build-42f08ec83b334d3a","emit":"link"}
   Compiling icu_normalizer_data v2.3.0
   Compiling serde_json v1.0.151
   Compiling getrandom v0.3.4
{"$message_type":"artifact","artifact":"/home/lewis/src/ad-law-scrape/athletic-rust-pipeline/target/debug/build/serde_core-542f30eb79d79540/build_script_build-542f30eb79d79540","emit":"link"}
{"$message_type":"artifact","artifact":"/home/lewis/src/ad-law-scrape/athletic-rust-pipeline/target/debug/build/libc-f8beb40fec9320fd/build_script_build-f8beb40fec9320fd","emit":"link"}
{"$message_type":"artifact","artifact":"/home/lewis/src/ad-law-scrape/athletic-rust-pipeline/target/debug/build/proc-macro2-3f89419e38ebe4ab/build_script_build-3f89419e38ebe4ab","emit":"link"}
{"$message_type":"artifact","artifact":"/home/lewis/src/ad-law-scrape/athletic-rust-pipeline/target/debug/deps/litemap-09c68194d5c425c1.d","emit":"dep-info"}
{"$message_type":"artifact","artifact":"/home/lewis/src/ad-law-scrape/athletic-rust-pipeline/target/debug/deps/liblitemap-09c68194d5c425c1.rmeta","emit":"metadata"}
{"$message_type":"artifact","artifact":"/home/lewis/src/ad-law-scrape/athletic-rust-pipeline/target/debug/build/icu_properties_data-7e878270fc121537/build_script_build-7e878270fc121537.d","emit":"dep-info"}
{"$message_type":"artifact","artifact":"/home/lewis/src/ad-law-scrape/athletic-rust-pipeline/target/debug/deps/fnv-77c502cd42f57b8f.d","emit":"dep-info"}
{"$message_type":"artifact","artifact":"/home/lewis/src/ad-law-scrape/athletic-rust-pipeline/target/debug/deps/libfnv-77c502cd42f57b8f.rmeta","emit":"metadata"}
{"$message_type":"artifact","artifact":"/home/lewis/src/ad-law-scrape/athletic-rust-pipeline/target/debug/deps/tracing_core-c0446d9e5af60d3f.d","emit":"dep-info"}
{"$message_type":"artifact","artifact":"/home/lewis/src/ad-law-scrape/athletic-rust-pipeline/target/debug/deps/libtracing_core-c0446d9e5af60d3f.rmeta","emit":"metadata"}
{"$message_type":"artifact","artifact":"/home/lewis/src/ad-law-scrape/athletic-rust-pipeline/target/debug/build/anyhow-6d5788609cdad9a4/build_script_build-6d5788609cdad9a4.d","emit":"dep-info"}
   Compiling heck v0.5.0
   Compiling zerocopy v0.8.56
{"$message_type":"artifact","artifact":"/home/lewis/src/ad-law-scrape/athletic-rust-pipeline/target/debug/build/zmij-cd03ac39daec2073/build_script_build-cd03ac39daec2073","emit":"link"}
{"$message_type":"artifact","artifact":"/home/lewis/src/ad-law-scrape/athletic-rust-pipeline/target/debug/deps/sync_wrapper-1c0b975ef4ba18bb.d","emit":"dep-info"}
{"$message_type":"artifact","artifact":"/home/lewis/src/ad-law-scrape/athletic-rust-pipeline/target/debug/deps/libsync_wrapper-1c0b975ef4ba18bb.rmeta","emit":"metadata"}
{"$message_type":"artifact","artifact":"/home/lewis/src/ad-law-scrape/athletic-rust-pipeline/target/debug/deps/untrusted-9debc3b8db9b44e4.d","emit":"dep-info"}
{"$message_type":"artifact","artifact":"/home/lewis/src/ad-law-scrape/athletic-rust-pipeline/target/debug/deps/libuntrusted-9debc3b8db9b44e4.rmeta","emit":"metadata"}
{"$message_type":"artifact","artifact":"/home/lewis/src/ad-law-scrape/athletic-rust-pipeline/target/debug/deps/httpdate-785a8fde9f31b304.d","emit":"dep-info"}
{"$message_type":"artifact","artifact":"/home/lewis/src/ad-law-scrape/athletic-rust-pipeline/target/debug/deps/libhttpdate-785a8fde9f31b304.rmeta","emit":"metadata"}
{"$message_type":"artifact","artifact":"/home/lewis/src/ad-law-scrape/athletic-rust-pipeline/target/debug/deps/try_lock-014b8dacdcc310d6.d","emit":"dep-info"}
{"$message_type":"artifact","artifact":"/home/lewis/src/ad-law-scrape/athletic-rust-pipeline/target/debug/deps/libtry_lock-014b8dacdcc310d6.rmeta","emit":"metadata"}
{"$message_type":"artifact","artifact":"/home/lewis/src/ad-law-scrape/athletic-rust-pipeline/target/debug/deps/writeable-de3e1b3340e7a75a.d","emit":"dep-info"}
{"$message_type":"artifact","artifact":"/home/lewis/src/ad-law-scrape/athletic-rust-pipeline/target/debug/deps/libwriteable-de3e1b3340e7a75a.rmeta","emit":"metadata"}
{"$message_type":"artifact","artifact":"/home/lewis/src/ad-law-scrape/athletic-rust-pipeline/target/debug/deps/tower_layer-3838c515db690a98.d","emit":"dep-info"}
{"$message_type":"artifact","artifact":"/home/lewis/src/ad-law-scrape/athletic-rust-pipeline/target/debug/deps/libtower_layer-3838c515db690a98.rmeta","emit":"metadata"}
{"$message_type":"artifact","artifact":"/home/lewis/src/ad-law-scrape/athletic-rust-pipeline/target/debug/build/icu_normalizer_data-44f3c1b63f7ef7b6/build_script_build-44f3c1b63f7ef7b6.d","emit":"dep-info"}
{"$message_type":"artifact","artifact":"/home/lewis/src/ad-law-scrape/athletic-rust-pipeline/target/debug/deps/futures_channel-b98a18881f447196.d","emit":"dep-info"}
{"$message_type":"artifact","artifact":"/home/lewis/src/ad-law-scrape/athletic-rust-pipeline/target/debug/deps/libfutures_channel-b98a18881f447196.rmeta","emit":"metadata"}
{"$message_type":"artifact","artifact":"/home/lewis/src/ad-law-scrape/athletic-rust-pipeline/target/debug/build/serde_json-fcf26461ed624ddb/build_script_build-fcf26461ed624ddb.d","emit":"dep-info"}
   Compiling version_check v0.9.5
    Checking want v0.3.1
{"$message_type":"artifact","artifact":"/home/lewis/src/ad-law-scrape/athletic-rust-pipeline/target/debug/deps/bitflags-c11db0c7ed16e432.d","emit":"dep-info"}
{"$message_type":"artifact","artifact":"/home/lewis/src/ad-law-scrape/athletic-rust-pipeline/target/debug/deps/libbitflags-c11db0c7ed16e432.rmeta","emit":"metadata"}
   Compiling either v1.18.0
{"$message_type":"artifact","artifact":"/home/lewis/src/ad-law-scrape/athletic-rust-pipeline/target/debug/build/getrandom-4d58cc1580eee429/build_script_build-4d58cc1580eee429.d","emit":"dep-info"}
   Compiling rustls v0.23.45
    Checking untrusted v0.9.0
{"$message_type":"artifact","artifact":"/home/lewis/src/ad-law-scrape/athletic-rust-pipeline/target/debug/deps/utf8_iter-a4e2ee28c007412d.d","emit":"dep-info"}
{"$message_type":"artifact","artifact":"/home/lewis/src/ad-law-scrape/athletic-rust-pipeline/target/debug/deps/libutf8_iter-a4e2ee28c007412d.rmeta","emit":"metadata"}
   Compiling siphasher v1.0.3
{"$message_type":"artifact","artifact":"/home/lewis/src/ad-law-scrape/athletic-rust-pipeline/target/debug/build/zerocopy-65a0597cf9e149ce/build_script_build-65a0597cf9e149ce.d","emit":"dep-info"}
{"$message_type":"artifact","artifact":"/home/lewis/src/ad-law-scrape/athletic-rust-pipeline/target/debug/deps/mime-d402bf9a6a65735f.d","emit":"dep-info"}
{"$message_type":"artifact","artifact":"/home/lewis/src/ad-law-scrape/athletic-rust-pipeline/target/debug/deps/libmime-d402bf9a6a65735f.rmeta","emit":"metadata"}
{"$message_type":"artifact","artifact":"/home/lewis/src/ad-law-scrape/athletic-rust-pipeline/target/debug/deps/ipnet-1844cd200c670292.d","emit":"dep-info"}
{"$message_type":"artifact","artifact":"/home/lewis/src/ad-law-scrape/athletic-rust-pipeline/target/debug/deps/libipnet-1844cd200c670292.rmeta","emit":"metadata"}
    Checking encoding_rs v0.8.35
   Compiling crc32fast v1.5.1
{"$message_type":"artifact","artifact":"/home/lewis/src/ad-law-scrape/athletic-rust-pipeline/target/debug/build/icu_properties_data-7e878270fc121537/build_script_build-7e878270fc121537","emit":"link"}
{"$message_type":"artifact","artifact":"/home/lewis/src/ad-law-scrape/athletic-rust-pipeline/target/debug/build/httparse-05246e2aa92cc113/build_script_build-05246e2aa92cc113","emit":"link"}
{"$message_type":"artifact","artifact":"/home/lewis/src/ad-law-scrape/athletic-rust-pipeline/target/debug/deps/heck-20e948fc986d72b6.d","emit":"dep-info"}
{"$message_type":"artifact","artifact":"/home/lewis/src/ad-law-scrape/athletic-rust-pipeline/target/debug/deps/libheck-20e948fc986d72b6.rmeta","emit":"metadata"}
{"$message_type":"artifact","artifact":"/home/lewis/src/ad-law-scrape/athletic-rust-pipeline/target/debug/deps/libheck-20e948fc986d72b6.rlib","emit":"link"}
{"$message_type":"artifact","artifact":"/home/lewis/src/ad-law-scrape/athletic-rust-pipeline/target/debug/build/thiserror-605817922a5c8d6f/build_script_build-605817922a5c8d6f","emit":"link"}
{"$message_type":"artifact","artifact":"/home/lewis/src/ad-law-scrape/athletic-rust-pipeline/target/debug/build/aws-lc-rs-edd4037b56396d5e/build_script_build-edd4037b56396d5e","emit":"link"}
{"$message_type":"artifact","artifact":"/home/lewis/src/ad-law-scrape/athletic-rust-pipeline/target/debug/build/serde_core-c95beadfc4874447/build_script_build-c95beadfc4874447","emit":"link"}
{"$message_type":"artifact","artifact":"/home/lewis/src/ad-law-scrape/athletic-rust-pipeline/target/debug/build/serde_json-588cb2238350f75c/build_script_build-588cb2238350f75c.d","emit":"dep-info"}
{"$message_type":"artifact","artifact":"/home/lewis/src/ad-law-scrape/athletic-rust-pipeline/target/debug/deps/version_check-2571cf324060ec01.d","emit":"dep-info"}
{"$message_type":"artifact","artifact":"/home/lewis/src/ad-law-scrape/athletic-rust-pipeline/target/debug/deps/libversion_check-2571cf324060ec01.rmeta","emit":"metadata"}
{"$message_type":"artifact","artifact":"/home/lewis/src/ad-law-scrape/athletic-rust-pipeline/target/debug/deps/libversion_check-2571cf324060ec01.rlib","emit":"link"}
{"$message_type":"artifact","artifact":"/home/lewis/src/ad-law-scrape/athletic-rust-pipeline/target/debug/build/serde_json-fcf26461ed624ddb/build_script_build-fcf26461ed624ddb","emit":"link"}
   Compiling{"$message_type":"artifact","artifact":"/home/lewis/src/ad-law-scrape/athletic-rust-pipeline/target/debug/build/icu_normalizer_data-44f3c1b63f7ef7b6/build_script_build-44f3c1b63f7ef7b6","emit":"link"}
 crossbeam-utils v0.8.22
   Compiling fastrand v2.5.0
{"$message_type":"artifact","artifact":"/home/lewis/src/ad-law-scrape/athletic-rust-pipeline/target/debug/build/rustls-ada16fa83f2c42ed/build_script_build-ada16fa83f2c42ed.d","emit":"dep-info"}
    Checking subtle v2.6.1
{"$message_type":"artifact","artifact":"/home/lewis/src/ad-law-scrape/athletic-rust-pipeline/target/debug/build/crc32fast-baed99a5773b2f6b/build_script_build-baed99a5773b2f6b.d","emit":"dep-info"}
{"$message_type":"artifact","artifact":"/home/lewis/src/ad-law-scrape/athletic-rust-pipeline/target/debug/deps/want-abca090310cbd894.d","emit":"dep-info"}
{"$message_type":"artifact","artifact":"/home/lewis/src/ad-law-scrape/athletic-rust-pipeline/target/debug/deps/libwant-abca090310cbd894.rmeta","emit":"metadata"}
{"$message_type":"artifact","artifact":"/home/lewis/src/ad-law-scrape/athletic-rust-pipeline/target/debug/deps/hashbrown-67b1e40e4feaeae8.d","emit":"dep-info"}
{"$message_type":"artifact","artifact":"/home/lewis/src/ad-law-scrape/athletic-rust-pipeline/target/debug/deps/libhashbrown-67b1e40e4feaeae8.rmeta","emit":"metadata"}
    Checking form_urlencoded v1.2.2
{"$message_type":"artifact","artifact":"/home/lewis/src/ad-law-scrape/athletic-rust-pipeline/target/debug/deps/untrusted-44431d13cc5da18b.d","emit":"dep-info"}
{"$message_type":"artifact","artifact":"/home/lewis/src/ad-law-scrape/athletic-rust-pipeline/target/debug/deps/libuntrusted-44431d13cc5da18b.rmeta","emit":"metadata"}
{"$message_type":"artifact","artifact":"/home/lewis/src/ad-law-scrape/athletic-rust-pipeline/target/debug/deps/either-4057c29b6384c9a3.d","emit":"dep-info"}
{"$message_type":"artifact","artifact":"/home/lewis/src/ad-law-scrape/athletic-rust-pipeline/target/debug/deps/libeither-4057c29b6384c9a3.rmeta","emit":"metadata"}
{"$message_type":"artifact","artifact":"/home/lewis/src/ad-law-scrape/athletic-rust-pipeline/target/debug/deps/libeither-4057c29b6384c9a3.rlib","emit":"link"}
   Compiling generic-array v0.14.7
    Checking simd-adler32 v0.3.10
{"$message_type":"artifact","artifact":"/home/lewis/src/ad-law-scrape/athletic-rust-pipeline/target/debug/build/crossbeam-utils-97d94673a5f9cc56/build_script_build-97d94673a5f9cc56.d","emit":"dep-info"}
   Compiling schemars v0.8.22
    Checking indexmap v2.14.0
   Compiling itertools v0.14.0
{"$message_type":"artifact","artifact":"/home/lewis/src/ad-law-scrape/athletic-rust-pipeline/target/debug/deps/siphasher-050e6e213b32bfaa.d","emit":"dep-info"}
{"$message_type":"artifact","artifact":"/home/lewis/src/ad-law-scrape/athletic-rust-pipeline/target/debug/deps/libsiphasher-050e6e213b32bfaa.rmeta","emit":"metadata"}
{"$message_type":"artifact","artifact":"/home/lewis/src/ad-law-scrape/athletic-rust-pipeline/target/debug/deps/libsiphasher-050e6e213b32bfaa.rlib","emit":"link"}
{"$message_type":"artifact","artifact":"/home/lewis/src/ad-law-scrape/athletic-rust-pipeline/target/debug/build/anyhow-6d5788609cdad9a4/build_script_build-6d5788609cdad9a4","emit":"link"}
{"$message_type":"artifact","artifact":"/home/lewis/src/ad-law-scrape/athletic-rust-pipeline/target/debug/build/rustls-ada16fa83f2c42ed/build_script_build-ada16fa83f2c42ed","emit":"link"}
{"$message_type":"artifact","artifact":"/home/lewis/src/ad-law-scrape/athletic-rust-pipeline/target/debug/build/serde_json-588cb2238350f75c/build_script_build-588cb2238350f75c","emit":"link"}
{"$message_type":"artifact","artifact":"/home/lewis/src/titania/target/debug/deps/itoa-8dabe11c720d7dd6.d","emit":"dep-info"}
{"$message_type":"artifact","artifact":"/home/lewis/src/titania/target/debug/deps/libitoa-8dabe11c720d7dd6.rmeta","emit":"metadata"}
{"$message_type":"artifact","artifact":"/home/lewis/src/titania/target/debug/deps/libitoa-8dabe11c720d7dd6.rlib","emit":"link"}
{"$message_type":"artifact","artifact":"/home/lewis/src/ad-law-scrape/athletic-rust-pipeline/target/debug/build/generic-array-8457ed2fe4614263/build_script_build-8457ed2fe4614263.d","emit":"dep-info"}
{"$message_type":"artifact","artifact":"/home/lewis/src/ad-law-scrape/athletic-rust-pipeline/target/debug/deps/fastrand-8f2412355c636147.d","emit":"dep-info"}
{"$message_type":"artifact","artifact":"/home/lewis/src/ad-law-scrape/athletic-rust-pipeline/target/debug/deps/libfastrand-8f2412355c636147.rmeta","emit":"metadata"}
{"$message_type":"artifact","artifact":"/home/lewis/src/ad-law-scrape/athletic-rust-pipeline/target/debug/deps/libfastrand-8f2412355c636147.rlib","emit":"link"}
   Compiling phf_shared v0.13.1
{"$message_type":"artifact","artifact":"/home/lewis/src/ad-law-scrape/athletic-rust-pipeline/target/debug/deps/subtle-e9f95466bdb8e1e9.d","emit":"dep-info"}
{"$message_type":"artifact","artifact":"/home/lewis/src/ad-law-scrape/athletic-rust-pipeline/target/debug/deps/libsubtle-e9f95466bdb8e1e9.rmeta","emit":"metadata"}
{"$message_type":"artifact","artifact":"/home/lewis/src/ad-law-scrape/athletic-rust-pipeline/target/debug/deps/form_urlencoded-b9a49511907f7b9c.d","emit":"dep-info"}
{"$message_type":"artifact","artifact":"/home/lewis/src/ad-law-scrape/athletic-rust-pipeline/target/debug/deps/libform_urlencoded-b9a49511907f7b9c.rmeta","emit":"metadata"}
{"$message_type":"artifact","artifact":"/home/lewis/src/ad-law-scrape/athletic-rust-pipeline/target/debug/build/getrandom-4d58cc1580eee429/build_script_build-4d58cc1580eee429","emit":"link"}
{"$message_type":"artifact","artifact":"/home/lewis/src/ad-law-scrape/athletic-rust-pipeline/target/debug/build/schemars-c07599d2b22f00aa/build_script_build-c07599d2b22f00aa.d","emit":"dep-info"}
{"$message_type":"artifact","artifact":"/home/lewis/src/ad-law-scrape/athletic-rust-pipeline/target/debug/build/crc32fast-baed99a5773b2f6b/build_script_build-baed99a5773b2f6b","emit":"link"}
   Compiling getrandom v0.4.3
{"$message_type":"artifact","artifact":"/home/lewis/src/ad-law-scrape/athletic-rust-pipeline/target/debug/deps/zmij-d751fd2cb189f402.d","emit":"dep-info"}
{"$message_type":"artifact","artifact":"/home/lewis/src/ad-law-scrape/athletic-rust-pipeline/target/debug/deps/libzmij-d751fd2cb189f402.rmeta","emit":"metadata"}
{"$message_type":"artifact","artifact":"/home/lewis/src/ad-law-scrape/athletic-rust-pipeline/target/debug/deps/simd_adler32-3aac6cd3d01ac966.d","emit":"dep-info"}
{"$message_type":"artifact","artifact":"/home/lewis/src/ad-law-scrape/athletic-rust-pipeline/target/debug/deps/libsimd_adler32-3aac6cd3d01ac966.rmeta","emit":"metadata"}
{"$message_type":"artifact","artifact":"/home/lewis/src/ad-law-scrape/athletic-rust-pipeline/target/debug/build/generic-array-8457ed2fe4614263/build_script_build-8457ed2fe4614263","emit":"link"}
   Compiling dyn-clone v1.0.20
    Checking openssl-probe v0.2.1
{"$message_type":"artifact","artifact":"/home/lewis/src/ad-law-scrape/athletic-rust-pipeline/target/debug/deps/typenum-55eda6d33ba09e74.d","emit":"dep-info"}
{"$message_type":"artifact","artifact":"/home/lewis/src/ad-law-scrape/athletic-rust-pipeline/target/debug/deps/libtypenum-55eda6d33ba09e74.rmeta","emit":"metadata"}
    Checking adler2 v2.0.1
    Checking aho-corasick v1.1.5
    Checking regex-syntax v0.8.11
    Checking ryu v1.0.23
    Checking hybrid-array v0.4.15
{"$message_type":"artifact","artifact":"/home/lewis/src/ad-law-scrape/athletic-rust-pipeline/target/debug/deps/memchr-e980417946f97ff0.d","emit":"dep-info"}
{"$message_type":"artifact","artifact":"/home/lewis/src/ad-law-scrape/athletic-rust-pipeline/target/debug/deps/libmemchr-e980417946f97ff0.rmeta","emit":"metadata"}
{"$message_type":"artifact","artifact":"/home/lewis/src/ad-law-scrape/athletic-rust-pipeline/target/debug/deps/libmemchr-e980417946f97ff0.rlib","emit":"link"}
{"$message_type":"artifact","artifact":"/home/lewis/src/ad-law-scrape/athletic-rust-pipeline/target/debug/build/zerocopy-65a0597cf9e149ce/build_script_build-65a0597cf9e149ce","emit":"link"}
{"$message_type":"artifact","artifact":"/home/lewis/src/ad-law-scrape/athletic-rust-pipeline/target/debug/build/getrandom-5f6267f8de0f9319/build_script_build-5f6267f8de0f9319.d","emit":"dep-info"}
{"$message_type":"artifact","artifact":"/home/lewis/src/ad-law-scrape/athletic-rust-pipeline/target/debug/build/crossbeam-utils-97d94673a5f9cc56/build_script_build-97d94673a5f9cc56","emit":"link"}
{"$message_type":"artifact","artifact":"/home/lewis/src/titania/target/debug/deps/equivalent-5a88bd14f385988f.d","emit":"dep-info"}
{"$message_type":"artifact","artifact":"/home/lewis/src/titania/target/debug/deps/libequivalent-5a88bd14f385988f.rmeta","emit":"metadata"}
{"$message_type":"artifact","artifact":"/home/lewis/src/titania/target/debug/deps/libequivalent-5a88bd14f385988f.rlib","emit":"link"}
{"$message_type":"artifact","artifact":"/home/lewis/src/ad-law-scrape/athletic-rust-pipeline/target/debug/deps/icu_normalizer_data-4f45f36f9ae75e5c.d","emit":"dep-info"}
{"$message_type":"artifact","artifact":"/home/lewis/src/ad-law-scrape/athletic-rust-pipeline/target/debug/deps/libicu_normalizer_data-4f45f36f9ae75e5c.rmeta","emit":"metadata"}
   Compiling rustix v1.1.4
{"$message_type":"artifact","artifact":"/home/lewis/src/ad-law-scrape/athletic-rust-pipeline/target/debug/deps/zmij-e8847ad884979f07.d","emit":"dep-info"}
{"$message_type":"artifact","artifact":"/home/lewis/src/ad-law-scrape/athletic-rust-pipeline/target/debug/deps/libzmij-e8847ad884979f07.rmeta","emit":"metadata"}
{"$message_type":"artifact","artifact":"/home/lewis/src/ad-law-scrape/athletic-rust-pipeline/target/debug/deps/libzmij-e8847ad884979f07.rlib","emit":"link"}
{"$message_type":"artifact","artifact":"/home/lewis/src/ad-law-scrape/athletic-rust-pipeline/target/debug/deps/proc_macro2-eb981c8d4917b68e.d","emit":"dep-info"}
{"$message_type":"artifact","artifact":"/home/lewis/src/ad-law-scrape/athletic-rust-pipeline/target/debug/deps/libproc_macro2-eb981c8d4917b68e.rmeta","emit":"metadata"}
{"$message_type":"artifact","artifact":"/home/lewis/src/ad-law-scrape/athletic-rust-pipeline/target/debug/deps/libproc_macro2-eb981c8d4917b68e.rlib","emit":"link"}
{"$message_type":"artifact","artifact":"/home/lewis/src/ad-law-scrape/athletic-rust-pipeline/target/debug/deps/phf_shared-a1d46dc4b29ca874.d","emit":"dep-info"}
{"$message_type":"artifact","artifact":"/home/lewis/src/ad-law-scrape/athletic-rust-pipeline/target/debug/deps/libphf_shared-a1d46dc4b29ca874.rmeta","emit":"metadata"}
{"$message_type":"artifact","artifact":"/home/lewis/src/ad-law-scrape/athletic-rust-pipeline/target/debug/deps/libphf_shared-a1d46dc4b29ca874.rlib","emit":"link"}
{"$message_type":"artifact","artifact":"/home/lewis/src/ad-law-scrape/athletic-rust-pipeline/target/debug/deps/icu_properties_data-79b433fb82e90f38.d","emit":"dep-info"}
{"$message_type":"artifact","artifact":"/home/lewis/src/ad-law-scrape/athletic-rust-pipeline/target/debug/deps/libicu_properties_data-79b433fb82e90f38.rmeta","emit":"metadata"}
   Compiling phf_generator v0.13.1
    Checking zlib-rs v0.6.8
    Checking hashbrown v0.16.1
   Compiling crossbeam-epoch v0.9.20
    Checking matchit v0.8.4
{"$message_type":"artifact","artifact":"/home/lewis/src/ad-law-scrape/athletic-rust-pipeline/target/debug/deps/dyn_clone-c2387efcac966afd.d","emit":"dep-info"}
{"$message_type":"artifact","artifact":"/home/lewis/src/ad-law-scrape/athletic-rust-pipeline/target/debug/deps/libdyn_clone-c2387efcac966afd.rmeta","emit":"metadata"}
{"$message_type":"artifact","artifact":"/home/lewis/src/ad-law-scrape/athletic-rust-pipeline/target/debug/deps/libdyn_clone-c2387efcac966afd.rlib","emit":"link"}
{"$message_type":"artifact","artifact":"/home/lewis/src/ad-law-scrape/athletic-rust-pipeline/target/debug/deps/foldhash-53bb8a9a8f1de9cd.d","emit":"dep-info"}
{"$message_type":"artifact","artifact":"/home/lewis/src/ad-law-scrape/athletic-rust-pipeline/target/debug/deps/libfoldhash-53bb8a9a8f1de9cd.rmeta","emit":"metadata"}
{"$message_type":"artifact","artifact":"/home/lewis/src/ad-law-scrape/athletic-rust-pipeline/target/debug/deps/libfoldhash-53bb8a9a8f1de9cd.rlib","emit":"link"}
{"$message_type":"artifact","artifact":"/home/lewis/src/ad-law-scrape/athletic-rust-pipeline/target/debug/build/schemars-c07599d2b22f00aa/build_script_build-c07599d2b22f00aa","emit":"link"}
{"$message_type":"artifact","artifact":"/home/lewis/src/ad-law-scrape/athletic-rust-pipeline/target/debug/build/rustix-c71591e6fafdec33/build_script_build-c71591e6fafdec33.d","emit":"dep-info"}
{"$message_type":"artifact","artifact":"/home/lewis/src/ad-law-scrape/athletic-rust-pipeline/target/debug/deps/openssl_probe-328aa6cbd6587e05.d","emit":"dep-info"}
{"$message_type":"artifact","artifact":"/home/lewis/src/ad-law-scrape/athletic-rust-pipeline/target/debug/deps/libopenssl_probe-328aa6cbd6587e05.rmeta","emit":"metadata"}
{"$message_type":"artifact","artifact":"/home/lewis/src/ad-law-scrape/athletic-rust-pipeline/target/debug/deps/allocator_api2-76343a8aace90d4b.d","emit":"dep-info"}
{"$message_type":"artifact","artifact":"/home/lewis/src/ad-law-scrape/athletic-rust-pipeline/target/debug/deps/liballocator_api2-76343a8aace90d4b.rmeta","emit":"metadata"}
{"$message_type":"artifact","artifact":"/home/lewis/src/ad-law-scrape/athletic-rust-pipeline/target/debug/deps/liballocator_api2-76343a8aace90d4b.rlib","emit":"link"}
    Checking cpufeatures v0.2.17
{"$message_type":"artifact","artifact":"/home/lewis/src/ad-law-scrape/athletic-rust-pipeline/target/debug/deps/adler2-629e1103cd8b3ee5.d","emit":"dep-info"}
{"$message_type":"artifact","artifact":"/home/lewis/src/ad-law-scrape/athletic-rust-pipeline/target/debug/deps/libadler2-629e1103cd8b3ee5.rmeta","emit":"metadata"}
   Compiling autocfg v1.5.1
{"$message_type":"artifact","artifact":"/home/lewis/src/ad-law-scrape/athletic-rust-pipeline/target/debug/deps/ryu-1446cd3931d9a887.d","emit":"dep-info"}
{"$message_type":"artifact","artifact":"/home/lewis/src/ad-law-scrape/athletic-rust-pipeline/target/debug/deps/libryu-1446cd3931d9a887.rmeta","emit":"metadata"}
{"$message_type":"artifact","artifact":"/home/lewis/src/ad-law-scrape/athletic-rust-pipeline/target/debug/deps/httparse-a340b9cc51038c1c.d","emit":"dep-info"}
{"$message_type":"artifact","artifact":"/home/lewis/src/ad-law-scrape/athletic-rust-pipeline/target/debug/deps/libhttparse-a340b9cc51038c1c.rmeta","emit":"metadata"}
{"$message_type":"artifact","artifact":"/home/lewis/src/ad-law-scrape/athletic-rust-pipeline/target/debug/deps/indexmap-291ca077b004a0d9.d","emit":"dep-info"}
{"$message_type":"artifact","artifact":"/home/lewis/src/ad-law-scrape/athletic-rust-pipeline/target/debug/deps/libindexmap-291ca077b004a0d9.rmeta","emit":"metadata"}
{"$message_type":"artifact","artifact":"/home/lewis/src/ad-law-scrape/athletic-rust-pipeline/target/debug/deps/log-590b46cb2b191b83.d","emit":"dep-info"}
{"$message_type":"artifact","artifact":"/home/lewis/src/ad-law-scrape/athletic-rust-pipeline/target/debug/deps/liblog-590b46cb2b191b83.rmeta","emit":"metadata"}
{"$message_type":"artifact","artifact":"/home/lewis/src/ad-law-scrape/athletic-rust-pipeline/target/debug/deps/liblog-590b46cb2b191b83.rlib","emit":"link"}
{"$message_type":"artifact","artifact":"/home/lewis/src/ad-law-scrape/athletic-rust-pipeline/target/debug/build/crossbeam-epoch-7df34f2bf384ede2/build_script_build-7df34f2bf384ede2.d","emit":"dep-info"}
    Checking linux-raw-sys v0.12.1
    Checking miniz_oxide v0.8.9
{"$message_type":"artifact","artifact":"/home/lewis/src/ad-law-scrape/athletic-rust-pipeline/target/debug/deps/hybrid_array-7c23bee72a329dfe.d","emit":"dep-info"}
{"$message_type":"artifact","artifact":"/home/lewis/src/ad-law-scrape/athletic-rust-pipeline/target/debug/deps/libhybrid_array-7c23bee72a329dfe.rmeta","emit":"metadata"}
   Compiling prettyplease v0.2.37
    Checking scopeguard v1.2.0
    Checking utf8parse v0.2.2
{"$message_type":"artifact","artifact":"/home/lewis/src/ad-law-scrape/athletic-rust-pipeline/target/debug/build/getrandom-5f6267f8de0f9319/build_script_build-5f6267f8de0f9319","emit":"link"}
    Checking lazy_static v1.5.0
{"$message_type":"artifact","artifact":"/home/lewis/src/ad-law-scrape/athletic-rust-pipeline/target/debug/deps/phf_generator-68c4582cd5d3c4b6.d","emit":"dep-info"}
{"$message_type":"artifact","artifact":"/home/lewis/src/ad-law-scrape/athletic-rust-pipeline/target/debug/deps/libphf_generator-68c4582cd5d3c4b6.rmeta","emit":"metadata"}
{"$message_type":"artifact","artifact":"/home/lewis/src/ad-law-scrape/athletic-rust-pipeline/target/debug/deps/libphf_generator-68c4582cd5d3c4b6.rlib","emit":"link"}
    Checking crypto-common v0.2.2
{"$message_type":"artifact","artifact":"/home/lewis/src/ad-law-scrape/athletic-rust-pipeline/target/debug/deps/quote-99f47820181a0adf.d","emit":"dep-info"}
{"$message_type":"artifact","artifact":"/home/lewis/src/ad-law-scrape/athletic-rust-pipeline/target/debug/deps/libquote-99f47820181a0adf.rmeta","emit":"metadata"}
{"$message_type":"artifact","artifact":"/home/lewis/src/ad-law-scrape/athletic-rust-pipeline/target/debug/deps/libquote-99f47820181a0adf.rlib","emit":"link"}
{"$message_type":"artifact","artifact":"/home/lewis/src/ad-law-scrape/athletic-rust-pipeline/target/debug/deps/matchit-d57d0eba3daffb43.d","emit":"dep-info"}
{"$message_type":"artifact","artifact":"/home/lewis/src/ad-law-scrape/athletic-rust-pipeline/target/debug/deps/libmatchit-d57d0eba3daffb43.rmeta","emit":"metadata"}
    Checking block-buffer v0.12.1
   Compiling syn v2.0.119
   Compiling syn v3.0.4
{"$message_type":"artifact","artifact":"/home/lewis/src/ad-law-scrape/athletic-rust-pipeline/target/debug/build/prettyplease-f946d6a17c58e2eb/build_script_build-f946d6a17c58e2eb.d","emit":"dep-info"}
{"$message_type":"artifact","artifact":"/home/lewis/src/ad-law-scrape/athletic-rust-pipeline/target/debug/deps/libc-f1226445ff3e4e11.d","emit":"dep-info"}
{"$message_type":"artifact","artifact":"/home/lewis/src/ad-law-scrape/athletic-rust-pipeline/target/debug/deps/liblibc-f1226445ff3e4e11.rmeta","emit":"metadata"}
{"$message_type":"artifact","artifact":"/home/lewis/src/velvet-ballistics/target/debug/deps/autocfg-932c5840a225ab8e.d","emit":"dep-info"}
{"$message_type":"artifact","artifact":"/home/lewis/src/velvet-ballistics/target/debug/deps/libautocfg-932c5840a225ab8e.rmeta","emit":"metadata"}
{"$message_type":"artifact","artifact":"/home/lewis/src/velvet-ballistics/target/debug/deps/libautocfg-932c5840a225ab8e.rlib","emit":"link"}
    Checking errno v0.3.14
{"$message_type":"artifact","artifact":"/home/lewis/src/ad-law-scrape/athletic-rust-pipeline/target/debug/deps/crc32fast-7b2250a357909f90.d","emit":"dep-info"}
{"$message_type":"artifact","artifact":"/home/lewis/src/ad-law-scrape/athletic-rust-pipeline/target/debug/deps/libcrc32fast-7b2250a357909f90.rmeta","emit":"metadata"}
{"$message_type":"artifact","artifact":"/home/lewis/src/ad-law-scrape/athletic-rust-pipeline/target/debug/deps/itertools-c8c4fafde04d83c6.d","emit":"dep-info"}
{"$message_type":"artifact","artifact":"/home/lewis/src/ad-law-scrape/athletic-rust-pipeline/target/debug/deps/libitertools-c8c4fafde04d83c6.rmeta","emit":"metadata"}
{"$message_type":"artifact","artifact":"/home/lewis/src/ad-law-scrape/athletic-rust-pipeline/target/debug/deps/libitertools-c8c4fafde04d83c6.rlib","emit":"link"}
{"$message_type":"artifact","artifact":"/home/lewis/src/ad-law-scrape/athletic-rust-pipeline/target/debug/deps/generic_array-f46343a1bd67000c.d","emit":"dep-info"}
{"$message_type":"artifact","artifact":"/home/lewis/src/ad-law-scrape/athletic-rust-pipeline/target/debug/deps/libgeneric_array-f46343a1bd67000c.rmeta","emit":"metadata"}
{"$message_type":"artifact","artifact":"/home/lewis/src/ad-law-scrape/athletic-rust-pipeline/target/debug/deps/aho_corasick-df4eb794eb7ddb64.d","emit":"dep-info"}
{"$message_type":"artifact","artifact":"/home/lewis/src/ad-law-scrape/athletic-rust-pipeline/target/debug/deps/libaho_corasick-df4eb794eb7ddb64.rmeta","emit":"metadata"}
    Checking socket2 v0.6.5
    Checking mio v1.2.2
{"$message_type":"artifact","artifact":"/home/lewis/src/ad-law-scrape/athletic-rust-pipeline/target/debug/deps/siphasher-af2bfbbf4bce0bc5.d","emit":"dep-info"}
{"$message_type":"artifact","artifact":"/home/lewis/src/ad-law-scrape/athletic-rust-pipeline/target/debug/deps/libsiphasher-af2bfbbf4bce0bc5.rmeta","emit":"metadata"}
{"$message_type":"artifact","artifact":"/home/lewis/src/ad-law-scrape/athletic-rust-pipeline/target/debug/deps/cpufeatures-c21465731121e9eb.d","emit":"dep-info"}
{"$message_type":"artifact","artifact":"/home/lewis/src/ad-law-scrape/athletic-rust-pipeline/target/debug/deps/libcpufeatures-c21465731121e9eb.rmeta","emit":"metadata"}
    Checking block-buffer v0.10.4
    Checking crypto-common v0.1.7
{"$message_type":"artifact","artifact":"/home/lewis/src/ad-law-scrape/athletic-rust-pipeline/target/debug/deps/scopeguard-f9f4a2b4ed0dfe04.d","emit":"dep-info"}
{"$message_type":"artifact","artifact":"/home/lewis/src/ad-law-scrape/athletic-rust-pipeline/target/debug/deps/libscopeguard-f9f4a2b4ed0dfe04.rmeta","emit":"metadata"}
   Compiling num-traits v0.2.19
{"$message_type":"artifact","artifact":"/home/lewis/src/ad-law-scrape/athletic-rust-pipeline/target/debug/deps/lazy_static-60ca989b7acce3fe.d","emit":"dep-info"}
{"$message_type":"artifact","artifact":"/home/lewis/src/ad-law-scrape/athletic-rust-pipeline/target/debug/deps/liblazy_static-60ca989b7acce3fe.rmeta","emit":"metadata"}
{"$message_type":"artifact","artifact":"/home/lewis/src/ad-law-scrape/athletic-rust-pipeline/target/debug/deps/zlib_rs-79841daddfd2d50f.d","emit":"dep-info"}
{"$message_type":"artifact","artifact":"/home/lewis/src/ad-law-scrape/athletic-rust-pipeline/target/debug/deps/libzlib_rs-79841daddfd2d50f.rmeta","emit":"metadata"}
{"$message_type":"artifact","artifact":"/home/lewis/src/ad-law-scrape/athletic-rust-pipeline/target/debug/deps/utf8parse-1869fb7867dfc50c.d","emit":"dep-info"}
{"$message_type":"artifact","artifact":"/home/lewis/src/ad-law-scrape/athletic-rust-pipeline/target/debug/deps/libutf8parse-1869fb7867dfc50c.rmeta","emit":"metadata"}
    Checking lock_api v0.4.14
   Compiling phf_codegen v0.13.1
{"$message_type":"artifact","artifact":"/home/lewis/src/ad-law-scrape/athletic-rust-pipeline/target/debug/build/rustix-c71591e6fafdec33/build_script_build-c71591e6fafdec33","emit":"link"}
{"$message_type":"artifact","artifact":"/home/lewis/src/ad-law-scrape/athletic-rust-pipeline/target/debug/deps/crypto_common-99e470cffeb7ab73.d","emit":"dep-info"}
{"$message_type":"artifact","artifact":"/home/lewis/src/ad-law-scrape/athletic-rust-pipeline/target/debug/deps/libcrypto_common-99e470cffeb7ab73.rmeta","emit":"metadata"}
{"$message_type":"artifact","artifact":"/home/lewis/src/ad-law-scrape/athletic-rust-pipeline/target/debug/build/crossbeam-epoch-7df34f2bf384ede2/build_script_build-7df34f2bf384ede2","emit":"link"}
   Compiling rustversion v1.0.23
   Compiling parking_lot_core v0.9.12
{"$message_type":"artifact","artifact":"/home/lewis/src/ad-law-scrape/athletic-rust-pipeline/target/debug/deps/block_buffer-d33e757ddfa62652.d","emit":"dep-info"}
{"$message_type":"artifact","artifact":"/home/lewis/src/ad-law-scrape/athletic-rust-pipeline/target/debug/deps/libblock_buffer-d33e757ddfa62652.rmeta","emit":"metadata"}
{"$message_type":"artifact","artifact":"/home/lewis/src/ad-law-scrape/athletic-rust-pipeline/target/debug/deps/miniz_oxide-ad062494ff49b69c.d","emit":"dep-info"}
{"$message_type":"artifact","artifact":"/home/lewis/src/ad-law-scrape/athletic-rust-pipeline/target/debug/deps/libminiz_oxide-ad062494ff49b69c.rmeta","emit":"metadata"}
{"$message_type":"artifact","artifact":"/home/lewis/src/ad-law-scrape/athletic-rust-pipeline/target/debug/deps/anyhow-24a4f57930538dbc.d","emit":"dep-info"}
{"$message_type":"artifact","artifact":"/home/lewis/src/ad-law-scrape/athletic-rust-pipeline/target/debug/deps/libanyhow-24a4f57930538dbc.rmeta","emit":"metadata"}
{"$message_type":"artifact","artifact":"/home/lewis/src/ad-law-scrape/athletic-rust-pipeline/target/debug/deps/libanyhow-24a4f57930538dbc.rlib","emit":"link"}
{"$message_type":"artifact","artifact":"/home/lewis/src/ad-law-scrape/athletic-rust-pipeline/target/debug/build/num-traits-c2a885e04c03369d/build_script_build-c2a885e04c03369d.d","emit":"dep-info"}
{"$message_type":"artifact","artifact":"/home/lewis/src/ad-law-scrape/athletic-rust-pipeline/target/debug/deps/encoding_rs-aeafd027583a74bf.d","emit":"dep-info"}
{"$message_type":"artifact","artifact":"/home/lewis/src/ad-law-scrape/athletic-rust-pipeline/target/debug/deps/libencoding_rs-aeafd027583a74bf.rmeta","emit":"metadata"}
    Checking dtoa v1.0.11
    Checking flate2 v1.1.9
    Checking const-oid v0.10.2
{"$message_type":"artifact","artifact":"/home/lewis/src/ad-law-scrape/athletic-rust-pipeline/target/debug/deps/crossbeam_utils-94b993e475649586.d","emit":"dep-info"}
{"$message_type":"artifact","artifact":"/home/lewis/src/ad-law-scrape/athletic-rust-pipeline/target/debug/deps/libcrossbeam_utils-94b993e475649586.rmeta","emit":"metadata"}
{"$message_type":"artifact","artifact":"/home/lewis/src/ad-law-scrape/athletic-rust-pipeline/target/debug/deps/serde_core-d93a80e83f8aee79.d","emit":"dep-info"}
{"$message_type":"artifact","artifact":"/home/lewis/src/ad-law-scrape/athletic-rust-pipeline/target/debug/deps/libserde_core-d93a80e83f8aee79.rmeta","emit":"metadata"}
{"$message_type":"artifact","artifact":"/home/lewis/src/ad-law-scrape/athletic-rust-pipeline/target/debug/deps/hashbrown-61107a4194196f50.d","emit":"dep-info"}
{"$message_type":"artifact","artifact":"/home/lewis/src/ad-law-scrape/athletic-rust-pipeline/target/debug/deps/libhashbrown-61107a4194196f50.rmeta","emit":"metadata"}
{"$message_type":"artifact","artifact":"/home/lewis/src/ad-law-scrape/athletic-rust-pipeline/target/debug/deps/libhashbrown-61107a4194196f50.rlib","emit":"link"}
    Checking bumpalo v3.20.3
    Checking rustc-hash v2.1.3
{"$message_type":"artifact","artifact":"/home/lewis/src/ad-law-scrape/athletic-rust-pipeline/target/debug/deps/linux_raw_sys-6e6d5a9cee920272.d","emit":"dep-info"}
{"$message_type":"artifact","artifact":"/home/lewis/src/ad-law-scrape/athletic-rust-pipeline/target/debug/deps/liblinux_raw_sys-6e6d5a9cee920272.rmeta","emit":"metadata"}
{"$message_type":"artifact","artifact":"/home/lewis/src/ad-law-scrape/athletic-rust-pipeline/target/debug/deps/libc-61a1efd349102189.d","emit":"dep-info"}
{"$message_type":"artifact","artifact":"/home/lewis/src/ad-law-scrape/athletic-rust-pipeline/target/debug/deps/liblibc-61a1efd349102189.rmeta","emit":"metadata"}
{"$message_type":"artifact","artifact":"/home/lewis/src/ad-law-scrape/athletic-rust-pipeline/target/debug/deps/liblibc-61a1efd349102189.rlib","emit":"link"}
{"$message_type":"artifact","artifact":"/home/lewis/src/ad-law-scrape/athletic-rust-pipeline/target/debug/deps/errno-456d833b55782934.d","emit":"dep-info"}
{"$message_type":"artifact","artifact":"/home/lewis/src/ad-law-scrape/athletic-rust-pipeline/target/debug/deps/liberrno-456d833b55782934.rmeta","emit":"metadata"}
    Checking anstyle-parse v1.0.0
    Checking signal-hook-registry v1.4.8
{"$message_type":"artifact","artifact":"/home/lewis/src/ad-law-scrape/athletic-rust-pipeline/target/debug/build/rustversion-20fc0aad3301e1d0/build_script_build-20fc0aad3301e1d0.d","emit":"dep-info"}
{"$message_type":"artifact","artifact":"/home/lewis/src/ad-law-scrape/athletic-rust-pipeline/target/debug/build/prettyplease-f946d6a17c58e2eb/build_script_build-f946d6a17c58e2eb","emit":"link"}
{"$message_type":"artifact","artifact":"/home/lewis/src/ad-law-scrape/athletic-rust-pipeline/target/debug/build/parking_lot_core-a3c039569b8f43c6/build_script_build-a3c039569b8f43c6.d","emit":"dep-info"}
{"$message_type":"artifact","artifact":"/home/lewis/src/ad-law-scrape/athletic-rust-pipeline/target/debug/deps/crypto_common-1545abbe66538619.d","emit":"dep-info"}
{"$message_type":"artifact","artifact":"/home/lewis/src/ad-law-scrape/athletic-rust-pipeline/target/debug/deps/libcrypto_common-1545abbe66538619.rmeta","emit":"metadata"}
{"$message_type":"artifact","artifact":"/home/lewis/src/ad-law-scrape/athletic-rust-pipeline/target/debug/deps/block_buffer-2a5f77160b432c76.d","emit":"dep-info"}
{"$message_type":"artifact","artifact":"/home/lewis/src/ad-law-scrape/athletic-rust-pipeline/target/debug/deps/libblock_buffer-2a5f77160b432c76.rmeta","emit":"metadata"}
{"$message_type":"artifact","artifact":"/home/lewis/src/ad-law-scrape/athletic-rust-pipeline/target/debug/deps/hashbrown-b32ed006c0f72370.d","emit":"dep-info"}
{"$message_type":"artifact","artifact":"/home/lewis/src/ad-law-scrape/athletic-rust-pipeline/target/debug/deps/libhashbrown-b32ed006c0f72370.rmeta","emit":"metadata"}
   Compiling regress v0.11.1
{"$message_type":"artifact","artifact":"/home/lewis/src/ad-law-scrape/athletic-rust-pipeline/target/debug/deps/socket2-9075aa329f177424.d","emit":"dep-info"}
{"$message_type":"artifact","artifact":"/home/lewis/src/ad-law-scrape/athletic-rust-pipeline/target/debug/deps/libsocket2-9075aa329f177424.rmeta","emit":"metadata"}
{"$message_type":"artifact","artifact":"/home/lewis/src/ad-law-scrape/athletic-rust-pipeline/target/debug/deps/getrandom-6924362ecbb4e4ba.d","emit":"dep-info"}
{"$message_type":"artifact","artifact":"/home/lewis/src/ad-law-scrape/athletic-rust-pipeline/target/debug/deps/libgetrandom-6924362ecbb4e4ba.rmeta","emit":"metadata"}
    Checking sharded-slab v0.1.7
   Compiling jobserver v0.1.35
{"$message_type":"artifact","artifact":"/home/lewis/src/ad-law-scrape/athletic-rust-pipeline/target/debug/deps/phf_shared-3ee4d2bdb123ebe9.d","emit":"dep-info"}
{"$message_type":"artifact","artifact":"/home/lewis/src/ad-law-scrape/athletic-rust-pipeline/target/debug/deps/libphf_shared-3ee4d2bdb123ebe9.rmeta","emit":"metadata"}
    Checking digest v0.10.7
{"$message_type":"artifact","artifact":"/home/lewis/src/ad-law-scrape/athletic-rust-pipeline/target/debug/deps/getrandom-48363de9bbf4a7bf.d","emit":"dep-info"}
{"$message_type":"artifact","artifact":"/home/lewis/src/ad-law-scrape/athletic-rust-pipeline/target/debug/deps/libgetrandom-48363de9bbf4a7bf.rmeta","emit":"metadata"}
    Checking tracing-log v0.2.0
{"$message_type":"artifact","artifact":"/home/lewis/src/ad-law-scrape/athletic-rust-pipeline/target/debug/deps/mio-c2433a92714fc528.d","emit":"dep-info"}
{"$message_type":"artifact","artifact":"/home/lewis/src/ad-law-scrape/athletic-rust-pipeline/target/debug/deps/libmio-c2433a92714fc528.rmeta","emit":"metadata"}
    Checking thread_local v1.1.10
{"$message_type":"artifact","artifact":"/home/lewis/src/ad-law-scrape/athletic-rust-pipeline/target/debug/deps/lock_api-a993c9ef0ba526cc.d","emit":"dep-info"}
{"$message_type":"artifact","artifact":"/home/lewis/src/ad-law-scrape/athletic-rust-pipeline/target/debug/deps/liblock_api-a993c9ef0ba526cc.rmeta","emit":"metadata"}
    Checking byteorder-lite v0.1.0
{"$message_type":"artifact","artifact":"/home/lewis/src/ad-law-scrape/athletic-rust-pipeline/target/debug/deps/phf_codegen-6fe7d625bdbc3f26.d","emit":"dep-info"}
{"$message_type":"artifact","artifact":"/home/lewis/src/ad-law-scrape/athletic-rust-pipeline/target/debug/deps/libphf_codegen-6fe7d625bdbc3f26.rmeta","emit":"metadata"}
{"$message_type":"artifact","artifact":"/home/lewis/src/ad-law-scrape/athletic-rust-pipeline/target/debug/deps/libphf_codegen-6fe7d625bdbc3f26.rlib","emit":"link"}
    Checking rand_core v0.9.5
    Checking nu-ansi-term v0.50.3
{"$message_type":"artifact","artifact":"/home/lewis/src/ad-law-scrape/athletic-rust-pipeline/target/debug/build/num-traits-c2a885e04c03369d/build_script_build-c2a885e04c03369d","emit":"link"}
{"$message_type":"artifact","artifact":"/home/lewis/src/ad-law-scrape/athletic-rust-pipeline/target/debug/deps/dtoa-aea52e349958738e.d","emit":"dep-info"}
{"$message_type":"artifact","artifact":"/home/lewis/src/ad-law-scrape/athletic-rust-pipeline/target/debug/deps/libdtoa-aea52e349958738e.rmeta","emit":"metadata"}
{"$message_type":"artifact","artifact":"/home/lewis/src/ad-law-scrape/athletic-rust-pipeline/target/debug/deps/rustc_hash-cff96ad2e878037d.d","emit":"dep-info"}
{"$message_type":"artifact","artifact":"/home/lewis/src/ad-law-scrape/athletic-rust-pipeline/target/debug/deps/librustc_hash-cff96ad2e878037d.rmeta","emit":"metadata"}
{"$message_type":"artifact","artifact":"/home/lewis/src/ad-law-scrape/athletic-rust-pipeline/target/debug/deps/const_oid-b9bafc507a421f28.d","emit":"dep-info"}
{"$message_type":"artifact","artifact":"/home/lewis/src/ad-law-scrape/athletic-rust-pipeline/target/debug/deps/libconst_oid-b9bafc507a421f28.rmeta","emit":"metadata"}
   Compiling selectors v0.37.0
   Compiling jiff-core v0.1.1
{"$message_type":"artifact","artifact":"/home/lewis/src/ad-law-scrape/athletic-rust-pipeline/target/debug/deps/bumpalo-429c8a9f7c1335c0.d","emit":"dep-info"}
{"$message_type":"artifact","artifact":"/home/lewis/src/ad-law-scrape/athletic-rust-pipeline/target/debug/deps/libbumpalo-429c8a9f7c1335c0.rmeta","emit":"metadata"}
{"$message_type":"artifact","artifact":"/home/lewis/src/ad-law-scrape/athletic-rust-pipeline/target/debug/deps/serde_core-243a42600d00e636.d","emit":"dep-info"}
{"$message_type":"artifact","artifact":"/home/lewis/src/ad-law-scrape/athletic-rust-pipeline/target/debug/deps/libserde_core-243a42600d00e636.rmeta","emit":"metadata"}
{"$message_type":"artifact","artifact":"/home/lewis/src/ad-law-scrape/athletic-rust-pipeline/target/debug/deps/libserde_core-243a42600d00e636.rlib","emit":"link"}
{"$message_type":"artifact","artifact":"/home/lewis/src/ad-law-scrape/athletic-rust-pipeline/target/debug/deps/flate2-122fe21b1bdff5d7.d","emit":"dep-info"}
{"$message_type":"artifact","artifact":"/home/lewis/src/ad-law-scrape/athletic-rust-pipeline/target/debug/deps/libflate2-122fe21b1bdff5d7.rmeta","emit":"metadata"}
{"$message_type":"artifact","artifact":"/home/lewis/src/ad-law-scrape/athletic-rust-pipeline/target/debug/deps/crossbeam_epoch-5c535e50a00a7f25.d","emit":"dep-info"}
{"$message_type":"artifact","artifact":"/home/lewis/src/ad-law-scrape/athletic-rust-pipeline/target/debug/deps/libcrossbeam_epoch-5c535e50a00a7f25.rmeta","emit":"metadata"}
{"$message_type":"artifact","artifact":"/home/lewis/src/ad-law-scrape/athletic-rust-pipeline/target/debug/deps/fastrand-293a29d521a26563.d","emit":"dep-info"}
{"$message_type":"artifact","artifact":"/home/lewis/src/ad-law-scrape/athletic-rust-pipeline/target/debug/deps/libfastrand-293a29d521a26563.rmeta","emit":"metadata"}
{"$message_type":"artifact","artifact":"/home/lewis/src/ad-law-scrape/athletic-rust-pipeline/target/debug/deps/anstyle_parse-c5e5474bd465e5d9.d","emit":"dep-info"}
{"$message_type":"artifact","artifact":"/home/lewis/src/ad-law-scrape/athletic-rust-pipeline/target/debug/deps/libanstyle_parse-c5e5474bd465e5d9.rmeta","emit":"metadata"}
    Checking dtoa-short v0.3.5
    Checking data-encoding v2.11.1
{"$message_type":"artifact","artifact":"/home/lewis/src/ad-law-scrape/athletic-rust-pipeline/target/debug/deps/signal_hook_registry-2b42c5b8591307d1.d","emit":"dep-info"}
{"$message_type":"artifact","artifact":"/home/lewis/src/ad-law-scrape/athletic-rust-pipeline/target/debug/deps/libsignal_hook_registry-2b42c5b8591307d1.rmeta","emit":"metadata"}
    Checking digest v0.11.3
    Checking is_terminal_polyfill v1.70.2
    Checking typed-path v0.12.3
    Checking anstyle v1.0.14
{"$message_type":"artifact","artifact":"/home/lewis/src/ad-law-scrape/athletic-rust-pipeline/target/debug/deps/digest-6fab83a0954a1259.d","emit":"dep-info"}
{"$message_type":"artifact","artifact":"/home/lewis/src/ad-law-scrape/athletic-rust-pipeline/target/debug/deps/libdigest-6fab83a0954a1259.rmeta","emit":"metadata"}
{"$message_type":"artifact","artifact":"/home/lewis/src/titania/target/debug/deps/regex_syntax-d0c2db791698ae82.d","emit":"dep-info"}
{"$message_type":"artifact","artifact":"/home/lewis/src/titania/target/debug/deps/libregex_syntax-d0c2db791698ae82.rmeta","emit":"metadata"}
{"$message_type":"artifact","artifact":"/home/lewis/src/ad-law-scrape/athletic-rust-pipeline/target/debug/deps/tracing_log-8fc74ec4673d2828.d","emit":"dep-info"}
{"$message_type":"artifact","artifact":"/home/lewis/src/ad-law-scrape/athletic-rust-pipeline/target/debug/deps/libtracing_log-8fc74ec4673d2828.rmeta","emit":"metadata"}
{"$message_type":"artifact","artifact":"/home/lewis/src/ad-law-scrape/athletic-rust-pipeline/target/debug/build/parking_lot_core-a3c039569b8f43c6/build_script_build-a3c039569b8f43c6","emit":"link"}
{"$message_type":"artifact","artifact":"/home/lewis/src/ad-law-scrape/athletic-rust-pipeline/target/debug/build/selectors-1c7a84514a348564/build_script_build-1c7a84514a348564.d","emit":"dep-info"}
{"$message_type":"artifact","artifact":"/home/lewis/src/ad-law-scrape/athletic-rust-pipeline/target/debug/deps/thread_local-a81990b414430f23.d","emit":"dep-info"}
{"$message_type":"artifact","artifact":"/home/lewis/src/ad-law-scrape/athletic-rust-pipeline/target/debug/deps/libthread_local-a81990b414430f23.rmeta","emit":"metadata"}
{"$message_type":"artifact","artifact":"/home/lewis/src/ad-law-scrape/athletic-rust-pipeline/target/debug/deps/rand_core-ab750b99cd6d4d31.d","emit":"dep-info"}
{"$message_type":"artifact","artifact":"/home/lewis/src/ad-law-scrape/athletic-rust-pipeline/target/debug/deps/librand_core-ab750b99cd6d4d31.rmeta","emit":"metadata"}
   Compiling semver v1.0.28
    Checking zopfli v0.8.3
    Checking xxhash-rust v0.8.18
{"$message_type":"artifact","artifact":"/home/lewis/src/ad-law-scrape/athletic-rust-pipeline/target/debug/deps/sharded_slab-d2328f7ebe65846a.d","emit":"dep-info"}
{"$message_type":"artifact","artifact":"/home/lewis/src/ad-law-scrape/athletic-rust-pipeline/target/debug/deps/libsharded_slab-d2328f7ebe65846a.rmeta","emit":"metadata"}
{"$message_type":"artifact","artifact":"/home/lewis/src/ad-law-scrape/athletic-rust-pipeline/target/debug/deps/jobserver-0635000e406fcf6f.d","emit":"dep-info"}
{"$message_type":"artifact","artifact":"/home/lewis/src/ad-law-scrape/athletic-rust-pipeline/target/debug/deps/libjobserver-0635000e406fcf6f.rmeta","emit":"metadata"}
{"$message_type":"artifact","artifact":"/home/lewis/src/ad-law-scrape/athletic-rust-pipeline/target/debug/deps/libjobserver-0635000e406fcf6f.rlib","emit":"link"}
{"$message_type":"artifact","artifact":"/home/lewis/src/ad-law-scrape/athletic-rust-pipeline/target/debug/deps/nu_ansi_term-bb9422aad2de950a.d","emit":"dep-info"}
{"$message_type":"artifact","artifact":"/home/lewis/src/ad-law-scrape/athletic-rust-pipeline/target/debug/deps/libnu_ansi_term-bb9422aad2de950a.rmeta","emit":"metadata"}
    Checking anstyle-query v1.1.5
    Checking cpufeatures v0.3.0
{"$message_type":"artifact","artifact":"/home/lewis/src/ad-law-scrape/athletic-rust-pipeline/target/debug/deps/dtoa_short-1bc190bdbd1f29b3.d","emit":"dep-info"}
{"$message_type":"artifact","artifact":"/home/lewis/src/ad-law-scrape/athletic-rust-pipeline/target/debug/deps/libdtoa_short-1bc190bdbd1f29b3.rmeta","emit":"metadata"}
    Checking regex-automata v0.4.18
    Checking sha1 v0.10.7
    Checking signature v2.2.0
{"$message_type":"artifact","artifact":"/home/lewis/src/ad-law-scrape/athletic-rust-pipeline/target/debug/deps/serde_json-f9ed3da60b3f7959.d","emit":"dep-info"}
{"$message_type":"artifact","artifact":"/home/lewis/src/ad-law-scrape/athletic-rust-pipeline/target/debug/deps/libserde_json-f9ed3da60b3f7959.rmeta","emit":"metadata"}
   Compiling cc v1.4.4
{"$message_type":"artifact","artifact":"/home/lewis/src/ad-law-scrape/athletic-rust-pipeline/target/debug/build/rustversion-20fc0aad3301e1d0/build_script_build-20fc0aad3301e1d0","emit":"link"}
{"$message_type":"artifact","artifact":"/home/lewis/src/ad-law-scrape/athletic-rust-pipeline/target/debug/deps/is_terminal_polyfill-91c8b24435be7c33.d","emit":"dep-info"}
{"$message_type":"artifact","artifact":"/home/lewis/src/ad-law-scrape/athletic-rust-pipeline/target/debug/deps/libis_terminal_polyfill-91c8b24435be7c33.rmeta","emit":"metadata"}
{"$message_type":"artifact","artifact":"/home/lewis/src/ad-law-scrape/athletic-rust-pipeline/target/debug/deps/data_encoding-a8e4943a9c878bd5.d","emit":"dep-info"}
{"$message_type":"artifact","artifact":"/home/lewis/src/ad-law-scrape/athletic-rust-pipeline/target/debug/deps/libdata_encoding-a8e4943a9c878bd5.rmeta","emit":"metadata"}
    Checking twox-hash v2.1.4
    Checking byteorder v1.5.0
    Checking compare v0.0.6
{"$message_type":"artifact","artifact":"/home/lewis/src/ad-law-scrape/athletic-rust-pipeline/target/debug/deps/digest-9aa07226b3941561.d","emit":"dep-info"}
{"$message_type":"artifact","artifact":"/home/lewis/src/ad-law-scrape/athletic-rust-pipeline/target/debug/deps/libdigest-9aa07226b3941561.rmeta","emit":"metadata"}
    Checking utf-8 v0.7.6
    Checking colorchoice v1.0.5
{"$message_type":"artifact","artifact":"/home/lewis/src/ad-law-scrape/athletic-rust-pipeline/target/debug/deps/anstyle-7c2256d7ac2cc004.d","emit":"dep-info"}
{"$message_type":"artifact","artifact":"/home/lewis/src/ad-law-scrape/athletic-rust-pipeline/target/debug/deps/libanstyle-7c2256d7ac2cc004.rmeta","emit":"metadata"}
{"$message_type":"artifact","artifact":"/home/lewis/src/ad-law-scrape/athletic-rust-pipeline/target/debug/deps/semver-4bf1ba50dd0c1b0b.d","emit":"dep-info"}
{"$message_type":"artifact","artifact":"/home/lewis/src/ad-law-scrape/athletic-rust-pipeline/target/debug/deps/libsemver-4bf1ba50dd0c1b0b.rmeta","emit":"metadata"}
{"$message_type":"artifact","artifact":"/home/lewis/src/ad-law-scrape/athletic-rust-pipeline/target/debug/deps/libsemver-4bf1ba50dd0c1b0b.rlib","emit":"link"}
    Checking crossbeam-skiplist v0.1.3
    Checking spin v0.9.9
    Checking quick_cache v0.6.24
    Checking nom v8.0.0
{"$message_type":"artifact","artifact":"/home/lewis/src/ad-law-scrape/athletic-rust-pipeline/target/debug/deps/xxhash_rust-7d1d849563f765bd.d","emit":"dep-info"}
{"$message_type":"artifact","artifact":"/home/lewis/src/ad-law-scrape/athletic-rust-pipeline/target/debug/deps/libxxhash_rust-7d1d849563f765bd.rmeta","emit":"metadata"}
{"$message_type":"artifact","artifact":"/home/lewis/src/ad-law-scrape/athletic-rust-pipeline/target/debug/deps/anstyle_query-f2d159d710edb538.d","emit":"dep-info"}
{"$message_type":"artifact","artifact":"/home/lewis/src/ad-law-scrape/athletic-rust-pipeline/target/debug/deps/libanstyle_query-f2d159d710edb538.rmeta","emit":"metadata"}
{"$message_type":"artifact","artifact":"/home/lewis/src/ad-law-scrape/athletic-rust-pipeline/target/debug/deps/zopfli-750667e32c82ea9d.d","emit":"dep-info"}
{"$message_type":"artifact","artifact":"/home/lewis/src/ad-law-scrape/athletic-rust-pipeline/target/debug/deps/libzopfli-750667e32c82ea9d.rmeta","emit":"metadata"}
{"$message_type":"artifact","artifact":"/home/lewis/src/titania/target/debug/deps/cpufeatures-19a981eea7bc6e61.d","emit":"dep-info"}
{"$message_type":"artifact","artifact":"/home/lewis/src/titania/target/debug/deps/libcpufeatures-19a981eea7bc6e61.rmeta","emit":"metadata"}
    Checking servo_arc v0.4.3
    Checking new_debug_unreachable v1.0.6
    Checking tinyvec_macros v0.1.1
    Checking sha2 v0.11.0
{"$message_type":"artifact","artifact":"/home/lewis/src/ad-law-scrape/athletic-rust-pipeline/target/debug/deps/once_cell-3c2c1b7533dd1beb.d","emit":"dep-info"}
{"$message_type":"artifact","artifact":"/home/lewis/src/ad-law-scrape/athletic-rust-pipeline/target/debug/deps/libonce_cell-3c2c1b7533dd1beb.rmeta","emit":"metadata"}
{"$message_type":"artifact","artifact":"/home/lewis/src/ad-law-scrape/athletic-rust-pipeline/target/debug/deps/libonce_cell-3c2c1b7533dd1beb.rlib","emit":"link"}
{"$message_type":"artifact","artifact":"/home/lewis/src/ad-law-scrape/athletic-rust-pipeline/target/debug/deps/signature-9e4ce42f6f91266d.d","emit":"dep-info"}
{"$message_type":"artifact","artifact":"/home/lewis/src/ad-law-scrape/athletic-rust-pipeline/target/debug/deps/libsignature-9e4ce42f6f91266d.rmeta","emit":"metadata"}
{"$message_type":"artifact","artifact":"/home/lewis/src/ad-law-scrape/athletic-rust-pipeline/target/debug/deps/sha1-9203f9b7d4419599.d","emit":"dep-info"}
{"$message_type":"artifact","artifact":"/home/lewis/src/ad-law-scrape/athletic-rust-pipeline/target/debug/deps/libsha1-9203f9b7d4419599.rmeta","emit":"metadata"}
    Checking strsim v0.11.1
    Checking precomputed-hash v0.1.1
{"$message_type":"artifact","artifact":"/home/lewis/src/ad-law-scrape/athletic-rust-pipeline/target/debug/deps/either-1081f93a921f8da6.d","emit":"dep-info"}
{"$message_type":"artifact","artifact":"/home/lewis/src/ad-law-scrape/athletic-rust-pipeline/target/debug/deps/libeither-1081f93a921f8da6.rmeta","emit":"metadata"}
{"$message_type":"artifact","artifact":"/home/lewis/src/ad-law-scrape/athletic-rust-pipeline/target/debug/deps/twox_hash-62355e4bf56e52d1.d","emit":"dep-info"}
{"$message_type":"artifact","artifact":"/home/lewis/src/ad-law-scrape/athletic-rust-pipeline/target/debug/deps/libtwox_hash-62355e4bf56e52d1.rmeta","emit":"metadata"}
    Checking bs58 v0.5.1
    Checking lz4_flex v0.13.1
{"$message_type":"artifact","artifact":"/home/lewis/src/ad-law-scrape/athletic-rust-pipeline/target/debug/deps/compare-0366ed2a7172f761.d","emit":"dep-info"}
{"$message_type":"artifact","artifact":"/home/lewis/src/ad-law-scrape/athletic-rust-pipeline/target/debug/deps/libcompare-0366ed2a7172f761.rmeta","emit":"metadata"}
{"$message_type":"artifact","artifact":"/home/lewis/src/ad-law-scrape/athletic-rust-pipeline/target/debug/deps/byteorder_lite-f28b90862ab37a56.d","emit":"dep-info"}
{"$message_type":"artifact","artifact":"/home/lewis/src/ad-law-scrape/athletic-rust-pipeline/target/debug/deps/libbyteorder_lite-f28b90862ab37a56.rmeta","emit":"metadata"}
    Checking hashbrown v0.14.5
{"$message_type":"artifact","artifact":"/home/lewis/src/ad-law-scrape/athletic-rust-pipeline/target/debug/deps/utf8-78f47aaa06566721.d","emit":"dep-info"}
{"$message_type":"artifact","artifact":"/home/lewis/src/ad-law-scrape/athletic-rust-pipeline/target/debug/deps/libutf8-78f47aaa06566721.rmeta","emit":"metadata"}
    Checking interval-heap v0.0.5
{"$message_type":"artifact","artifact":"/home/lewis/src/ad-law-scrape/athletic-rust-pipeline/target/debug/deps/byteorder-13ef6e617b76e467.d","emit":"dep-info"}
{"$message_type":"artifact","artifact":"/home/lewis/src/ad-law-scrape/athletic-rust-pipeline/target/debug/deps/libbyteorder-13ef6e617b76e467.rmeta","emit":"metadata"}
{"$message_type":"artifact","artifact":"/home/lewis/src/ad-law-scrape/athletic-rust-pipeline/target/debug/deps/crossbeam_skiplist-1e1b9192077c78ef.d","emit":"dep-info"}
{"$message_type":"artifact","artifact":"/home/lewis/src/ad-law-scrape/athletic-rust-pipeline/target/debug/deps/libcrossbeam_skiplist-1e1b9192077c78ef.rmeta","emit":"metadata"}
{"$message_type":"artifact","artifact":"/home/lewis/src/ad-law-scrape/athletic-rust-pipeline/target/debug/deps/colorchoice-01a3d409fb6b0eb3.d","emit":"dep-info"}
{"$message_type":"artifact","artifact":"/home/lewis/src/ad-law-scrape/athletic-rust-pipeline/target/debug/deps/libcolorchoice-01a3d409fb6b0eb3.rmeta","emit":"metadata"}
    Checking sfa v1.0.0
{"$message_type":"artifact","artifact":"/home/lewis/src/ad-law-scrape/athletic-rust-pipeline/target/debug/deps/serde_json-293867e108247721.d","emit":"dep-info"}
{"$message_type":"artifact","artifact":"/home/lewis/src/ad-law-scrape/athletic-rust-pipeline/target/debug/deps/libserde_json-293867e108247721.rmeta","emit":"metadata"}
{"$message_type":"artifact","artifact":"/home/lewis/src/ad-law-scrape/athletic-rust-pipeline/target/debug/deps/libserde_json-293867e108247721.rlib","emit":"link"}
    Checking clap_lex v1.1.0
{"$message_type":"artifact","artifact":"/home/lewis/src/ad-law-scrape/athletic-rust-pipeline/target/debug/deps/jiff_core-8f84fa02842bceeb.d","emit":"dep-info"}
{"$message_type":"artifact","artifact":"/home/lewis/src/ad-law-scrape/athletic-rust-pipeline/target/debug/deps/libjiff_core-8f84fa02842bceeb.rmeta","emit":"metadata"}
{"$message_type":"artifact","artifact":"/home/lewis/src/ad-law-scrape/athletic-rust-pipeline/target/debug/deps/libjiff_core-8f84fa02842bceeb.rlib","emit":"link"}
    Checking self_cell v1.3.0
    Checking varint-rs v2.2.1
    Checking anstream v1.0.0
   Compiling pastey v0.2.3
{"$message_type":"artifact","artifact":"/home/lewis/src/ad-law-scrape/athletic-rust-pipeline/target/debug/deps/spin-12d8ac1b3807de2e.d","emit":"dep-info"}
{"$message_type":"artifact","artifact":"/home/lewis/src/ad-law-scrape/athletic-rust-pipeline/target/debug/deps/libspin-12d8ac1b3807de2e.rmeta","emit":"metadata"}
{"$message_type":"artifact","artifact":"/home/lewis/src/ad-law-scrape/athletic-rust-pipeline/target/debug/deps/parking_lot_core-39eac278b73352dd.d","emit":"dep-info"}
{"$message_type":"artifact","artifact":"/home/lewis/src/ad-law-scrape/athletic-rust-pipeline/target/debug/deps/libparking_lot_core-39eac278b73352dd.rmeta","emit":"metadata"}
{"$message_type":"artifact","artifact":"/home/lewis/src/ad-law-scrape/athletic-rust-pipeline/target/debug/build/selectors-1c7a84514a348564/build_script_build-1c7a84514a348564","emit":"link"}
   Compiling jiff v0.2.37
{"$message_type":"artifact","artifact":"/home/lewis/src/titania/target/debug/deps/tinyvec_macros-edef122814962051.d","emit":"dep-info"}
{"$message_type":"artifact","artifact":"/home/lewis/src/titania/target/debug/deps/libtinyvec_macros-edef122814962051.rmeta","emit":"metadata"}
    Checking winnow v1.0.4
{"$message_type":"artifact","artifact":"/home/lewis/src/ad-law-scrape/athletic-rust-pipeline/target/debug/deps/debug_unreachable-e38013e1085c6182.d","emit":"dep-info"}
{"$message_type":"artifact","artifact":"/home/lewis/src/ad-law-scrape/athletic-rust-pipeline/target/debug/deps/libdebug_unreachable-e38013e1085c6182.rmeta","emit":"metadata"}
{"$message_type":"artifact","artifact":"/home/lewis/src/ad-law-scrape/athletic-rust-pipeline/target/debug/deps/quick_cache-cd3dc299ba9d38bf.d","emit":"dep-info"}
{"$message_type":"artifact","artifact":"/home/lewis/src/ad-law-scrape/athletic-rust-pipeline/target/debug/deps/libquick_cache-cd3dc299ba9d38bf.rmeta","emit":"metadata"}
{"$message_type":"artifact","artifact":"/home/lewis/src/ad-law-scrape/athletic-rust-pipeline/target/debug/deps/servo_arc-b0ad35f0f4212cd4.d","emit":"dep-info"}
{"$message_type":"artifact","artifact":"/home/lewis/src/ad-law-scrape/athletic-rust-pipeline/target/debug/deps/libservo_arc-b0ad35f0f4212cd4.rmeta","emit":"metadata"}
{"$message_type":"artifact","artifact":"/home/lewis/src/ad-law-scrape/athletic-rust-pipeline/target/debug/deps/rustversion-bfcb6514957907b5.d","emit":"dep-info"}
    Checking byteview v0.10.2
{"$message_type":"artifact","artifact":"/home/lewis/src/ad-law-scrape/athletic-rust-pipeline/target/debug/deps/strsim-fb4e44c253bc4641.d","emit":"dep-info"}
{"$message_type":"artifact","artifact":"/home/lewis/src/ad-law-scrape/athletic-rust-pipeline/target/debug/deps/libstrsim-fb4e44c253bc4641.rmeta","emit":"metadata"}
{"$message_type":"artifact","artifact":"/home/lewis/src/ad-law-scrape/athletic-rust-pipeline/target/debug/deps/cc-0ca8d1d0a4da4435.d","emit":"dep-info"}
{"$message_type":"artifact","artifact":"/home/lewis/src/ad-law-scrape/athletic-rust-pipeline/target/debug/deps/libcc-0ca8d1d0a4da4435.rmeta","emit":"metadata"}
{"$message_type":"artifact","artifact":"/home/lewis/src/ad-law-scrape/athletic-rust-pipeline/target/debug/deps/libcc-0ca8d1d0a4da4435.rlib","emit":"link"}
{"$message_type":"artifact","artifact":"/home/lewis/src/ad-law-scrape/athletic-rust-pipeline/target/debug/deps/bs58-1d99ba96fb5d4575.d","emit":"dep-info"}
{"$message_type":"artifact","artifact":"/home/lewis/src/ad-law-scrape/athletic-rust-pipeline/target/debug/deps/libbs58-1d99ba96fb5d4575.rmeta","emit":"metadata"}
    Checking debug_unsafe v0.1.4
{"$message_type":"artifact","artifact":"/home/lewis/src/ad-law-scrape/athletic-rust-pipeline/target/debug/deps/typed_path-b3359b6fd49e3632.d","emit":"dep-info"}
{"$message_type":"artifact","artifact":"/home/lewis/src/ad-law-scrape/athletic-rust-pipeline/target/debug/deps/libtyped_path-b3359b6fd49e3632.rmeta","emit":"metadata"}
{"$message_type":"artifact","artifact":"/home/lewis/src/ad-law-scrape/athletic-rust-pipeline/target/debug/deps/precomputed_hash-8197a68ef099f02b.d","emit":"dep-info"}
{"$message_type":"artifact","artifact":"/home/lewis/src/ad-law-scrape/athletic-rust-pipeline/target/debug/deps/libprecomputed_hash-8197a68ef099f02b.rmeta","emit":"metadata"}
    Checking tinyvec v1.12.0
    Checking flume v0.12.0
    Checking toml_datetime v0.7.5+spec-1.1.0
{"$message_type":"artifact","artifact":"/home/lewis/src/ad-law-scrape/athletic-rust-pipeline/target/debug/deps/interval_heap-9b84b79daa102f5b.d","emit":"dep-info"}
{"$message_type":"artifact","artifact":"/home/lewis/src/ad-law-scrape/athletic-rust-pipeline/target/debug/deps/libinterval_heap-9b84b79daa102f5b.rmeta","emit":"metadata"}
{"$message_type":"artifact","artifact":"/home/lewis/src/ad-law-scrape/athletic-rust-pipeline/target/debug/deps/regress-78fe84ce2206027f.d","emit":"dep-info"}
{"$message_type":"artifact","artifact":"/home/lewis/src/ad-law-scrape/athletic-rust-pipeline/target/debug/deps/libregress-78fe84ce2206027f.rmeta","emit":"metadata"}
{"$message_type":"artifact","artifact":"/home/lewis/src/ad-law-scrape/athletic-rust-pipeline/target/debug/deps/libregress-78fe84ce2206027f.rlib","emit":"link"}
{"$message_type":"artifact","artifact":"/home/lewis/src/ad-law-scrape/athletic-rust-pipeline/target/debug/deps/pastey-8a75d68ddc2aaa22.d","emit":"dep-info"}
   Compiling cmake v0.1.58
    Checking serde_spanned v1.1.1
    Checking regress v0.10.5
{"$message_type":"artifact","artifact":"/home/lewis/src/ad-law-scrape/athletic-rust-pipeline/target/debug/deps/sfa-aeeae90e7af6895a.d","emit":"dep-info"}
{"$message_type":"artifact","artifact":"/home/lewis/src/ad-law-scrape/athletic-rust-pipeline/target/debug/deps/libsfa-aeeae90e7af6895a.rmeta","emit":"metadata"}
{"$message_type":"artifact","artifact":"/home/lewis/src/ad-law-scrape/athletic-rust-pipeline/target/debug/deps/lz4_flex-d703a826b9d13f24.d","emit":"dep-info"}
{"$message_type":"artifact","artifact":"/home/lewis/src/ad-law-scrape/athletic-rust-pipeline/target/debug/deps/liblz4_flex-d703a826b9d13f24.rmeta","emit":"metadata"}
{"$message_type":"artifact","artifact":"/home/lewis/src/ad-law-scrape/athletic-rust-pipeline/target/debug/deps/varint_rs-60c6b6b6995cd064.d","emit":"dep-info"}
{"$message_type":"artifact","artifact":"/home/lewis/src/ad-law-scrape/athletic-rust-pipeline/target/debug/deps/libvarint_rs-60c6b6b6995cd064.rmeta","emit":"metadata"}
    Checking zip v8.6.0
{"$message_type":"artifact","artifact":"/home/lewis/src/ad-law-scrape/athletic-rust-pipeline/target/debug/deps/clap_lex-325a0cd804c99820.d","emit":"dep-info"}
{"$message_type":"artifact","artifact":"/home/lewis/src/ad-law-scrape/athletic-rust-pipeline/target/debug/deps/libclap_lex-325a0cd804c99820.rmeta","emit":"metadata"}
    Checking crossbeam-channel v0.5.17
    Checking codepage v0.1.3
    Checking quick-xml v0.41.0
    Checking which v8.0.6
    Checking humantime v2.4.0
{"$message_type":"artifact","artifact":"/home/lewis/src/ad-law-scrape/athletic-rust-pipeline/target/debug/deps/self_cell-62ee794565de9635.d","emit":"dep-info"}
{"$message_type":"artifact","artifact":"/home/lewis/src/ad-law-scrape/athletic-rust-pipeline/target/debug/deps/libself_cell-62ee794565de9635.rmeta","emit":"metadata"}
    Checking fast-float2 v0.2.4
{"$message_type":"artifact","artifact":"/home/lewis/src/ad-law-scrape/athletic-rust-pipeline/target/debug/deps/anstream-fb38ca85baef0a9a.d","emit":"dep-info"}
{"$message_type":"artifact","artifact":"/home/lewis/src/ad-law-scrape/athletic-rust-pipeline/target/debug/deps/libanstream-fb38ca85baef0a9a.rmeta","emit":"metadata"}
{"$message_type":"artifact","artifact":"/home/lewis/src/ad-law-scrape/athletic-rust-pipeline/target/debug/deps/debug_unsafe-d6e6de0a990b7cdd.d","emit":"dep-info"}
{"$message_type":"artifact","artifact":"/home/lewis/src/ad-law-scrape/athletic-rust-pipeline/target/debug/deps/libdebug_unsafe-d6e6de0a990b7cdd.rmeta","emit":"metadata"}
{"$message_type":"artifact","artifact":"/home/lewis/src/ad-law-scrape/athletic-rust-pipeline/target/debug/deps/byteview-b6859ce1a92a7ae2.d","emit":"dep-info"}
{"$message_type":"artifact","artifact":"/home/lewis/src/ad-law-scrape/athletic-rust-pipeline/target/debug/deps/libbyteview-b6859ce1a92a7ae2.rmeta","emit":"metadata"}
    Checking clap_builder v4.6.6
{"$message_type":"artifact","artifact":"/home/lewis/src/ad-law-scrape/athletic-rust-pipeline/target/debug/deps/hashbrown-7bfd5627beab7053.d","emit":"dep-info"}
{"$message_type":"artifact","artifact":"/home/lewis/src/ad-law-scrape/athletic-rust-pipeline/target/debug/deps/libhashbrown-7bfd5627beab7053.rmeta","emit":"metadata"}
    Checking futures-timer v3.0.4
{"$message_type":"artifact","artifact":"/home/lewis/src/ad-law-scrape/athletic-rust-pipeline/target/debug/deps/flume-ed555dacc1afb152.d","emit":"dep-info"}
{"$message_type":"artifact","artifact":"/home/lewis/src/ad-law-scrape/athletic-rust-pipeline/target/debug/deps/libflume-ed555dacc1afb152.rmeta","emit":"metadata"}
    Checking winnow v0.7.15
{"$message_type":"artifact","artifact":"/home/lewis/src/ad-law-scrape/athletic-rust-pipeline/target/debug/deps/winnow-c8996bf41e51d612.d","emit":"dep-info"}
{"$message_type":"artifact","artifact":"/home/lewis/src/ad-law-scrape/athletic-rust-pipeline/target/debug/deps/libwinnow-c8996bf41e51d612.rmeta","emit":"metadata"}
    Checking utf8-width v0.1.9
    Checking dashmap v6.2.1
    Checking toml_writer v1.1.2+spec-1.1.0
{"$message_type":"artifact","artifact":"/home/lewis/src/ad-law-scrape/athletic-rust-pipeline/target/debug/deps/serde_spanned-992a163317b35fd4.d","emit":"dep-info"}
{"$message_type":"artifact","artifact":"/home/lewis/src/ad-law-scrape/athletic-rust-pipeline/target/debug/deps/libserde_spanned-992a163317b35fd4.rmeta","emit":"metadata"}
{"$message_type":"artifact","artifact":"/home/lewis/src/ad-law-scrape/athletic-rust-pipeline/target/debug/deps/sha2-f4f487063bb9bd50.d","emit":"dep-info"}
{"$message_type":"artifact","artifact":"/home/lewis/src/ad-law-scrape/athletic-rust-pipeline/target/debug/deps/libsha2-f4f487063bb9bd50.rmeta","emit":"metadata"}
{"$message_type":"artifact","artifact":"/home/lewis/src/ad-law-scrape/athletic-rust-pipeline/target/debug/deps/cmake-bdd3ae6832cff826.d","emit":"dep-info"}
{"$message_type":"artifact","artifact":"/home/lewis/src/ad-law-scrape/athletic-rust-pipeline/target/debug/deps/libcmake-bdd3ae6832cff826.rmeta","emit":"metadata"}
{"$message_type":"artifact","artifact":"/home/lewis/src/ad-law-scrape/athletic-rust-pipeline/target/debug/deps/libcmake-bdd3ae6832cff826.rlib","emit":"link"}
    Checking sha2 v0.10.9
   Compiling aws-lc-sys v0.44.0
    Checking uuid v1.26.0
{"$message_type":"artifact","artifact":"/home/lewis/src/ad-law-scrape/athletic-rust-pipeline/target/debug/deps/toml_datetime-f11b14a4b9deb084.d","emit":"dep-info"}
{"$message_type":"artifact","artifact":"/home/lewis/src/ad-law-scrape/athletic-rust-pipeline/target/debug/deps/libtoml_datetime-f11b14a4b9deb084.rmeta","emit":"metadata"}
{"$message_type":"artifact","artifact":"/home/lewis/src/ad-law-scrape/athletic-rust-pipeline/target/debug/deps/tinyvec-76f6e67da28f210b.d","emit":"dep-info"}
{"$message_type":"artifact","artifact":"/home/lewis/src/ad-law-scrape/athletic-rust-pipeline/target/debug/deps/libtinyvec-76f6e67da28f210b.rmeta","emit":"metadata"}
    Checking toml_parser v1.1.3+spec-1.1.0
    Checking unicode-normalization v0.1.25
{"$message_type":"artifact","artifact":"/home/lewis/src/ad-law-scrape/athletic-rust-pipeline/target/debug/deps/crossbeam_channel-771d29d471dca780.d","emit":"dep-info"}
{"$message_type":"artifact","artifact":"/home/lewis/src/ad-law-scrape/athletic-rust-pipeline/target/debug/deps/libcrossbeam_channel-771d29d471dca780.rmeta","emit":"metadata"}
{"$message_type":"artifact","artifact":"/home/lewis/src/ad-law-scrape/athletic-rust-pipeline/target/debug/deps/codepage-b0c45125f0310e53.d","emit":"dep-info"}
{"$message_type":"artifact","artifact":"/home/lewis/src/ad-law-scrape/athletic-rust-pipeline/target/debug/deps/libcodepage-b0c45125f0310e53.rmeta","emit":"metadata"}
{"$message_type":"artifact","artifact":"/home/lewis/src/ad-law-scrape/athletic-rust-pipeline/target/debug/deps/dunce-426eb779191997e3.d","emit":"dep-info"}
{"$message_type":"artifact","artifact":"/home/lewis/src/ad-law-scrape/athletic-rust-pipeline/target/debug/deps/libdunce-426eb779191997e3.rmeta","emit":"metadata"}
{"$message_type":"artifact","artifact":"/home/lewis/src/ad-law-scrape/athletic-rust-pipeline/target/debug/deps/humantime-6bdc5f23302bc095.d","emit":"dep-info"}
{"$message_type":"artifact","artifact":"/home/lewis/src/ad-law-scrape/athletic-rust-pipeline/target/debug/deps/libhumantime-6bdc5f23302bc095.rmeta","emit":"metadata"}
{"$message_type":"artifact","artifact":"/home/lewis/src/ad-law-scrape/athletic-rust-pipeline/target/debug/deps/which-c86d0bf151f7c765.d","emit":"dep-info"}
{"$message_type":"artifact","artifact":"/home/lewis/src/ad-law-scrape/athletic-rust-pipeline/target/debug/deps/libwhich-c86d0bf151f7c765.rmeta","emit":"metadata"}
{"$message_type":"artifact","artifact":"/home/lewis/src/ad-law-scrape/athletic-rust-pipeline/target/debug/deps/fast_float2-bd3ef1912c0d1a59.d","emit":"dep-info"}
{"$message_type":"artifact","artifact":"/home/lewis/src/ad-law-scrape/athletic-rust-pipeline/target/debug/deps/libfast_float2-bd3ef1912c0d1a59.rmeta","emit":"metadata"}
{"$message_type":"artifact","artifact":"/home/lewis/src/ad-law-scrape/athletic-rust-pipeline/target/debug/deps/utf8_width-8ca52571ad9c7ab8.d","emit":"dep-info"}
{"$message_type":"artifact","artifact":"/home/lewis/src/ad-law-scrape/athletic-rust-pipeline/target/debug/deps/libutf8_width-8ca52571ad9c7ab8.rmeta","emit":"metadata"}
{"$message_type":"artifact","artifact":"/home/lewis/src/ad-law-scrape/athletic-rust-pipeline/target/debug/deps/num_traits-94128e9ee738b5c6.d","emit":"dep-info"}
{"$message_type":"artifact","artifact":"/home/lewis/src/ad-law-scrape/athletic-rust-pipeline/target/debug/deps/libnum_traits-94128e9ee738b5c6.rmeta","emit":"metadata"}
    Checking html-escape v0.2.13
{"$message_type":"artifact","artifact":"/home/lewis/src/ad-law-scrape/athletic-rust-pipeline/target/debug/deps/futures_timer-456597e16cdf681b.d","emit":"dep-info"}
{"$message_type":"artifact","artifact":"/home/lewis/src/ad-law-scrape/athletic-rust-pipeline/target/debug/deps/libfutures_timer-456597e16cdf681b.rmeta","emit":"metadata"}
{"$message_type":"artifact","artifact":"/home/lewis/src/ad-law-scrape/athletic-rust-pipeline/target/debug/deps/zip-d959a0bb0d221ee5.d","emit":"dep-info"}
{"$message_type":"artifact","artifact":"/home/lewis/src/ad-law-scrape/athletic-rust-pipeline/target/debug/deps/libzip-d959a0bb0d221ee5.rmeta","emit":"metadata"}
{"$message_type":"artifact","artifact":"/home/lewis/src/ad-law-scrape/athletic-rust-pipeline/target/debug/deps/dashmap-1bf68cf9c6ffc176.d","emit":"dep-info"}
{"$message_type":"artifact","artifact":"/home/lewis/src/ad-law-scrape/athletic-rust-pipeline/target/debug/deps/libdashmap-1bf68cf9c6ffc176.rmeta","emit":"metadata"}
{"$message_type":"artifact","artifact":"/home/lewis/src/ad-law-scrape/athletic-rust-pipeline/target/debug/build/aws-lc-sys-b31a52a790b8eaf0/build_script_main-b31a52a790b8eaf0.d","emit":"dep-info"}
{"$message_type":"artifact","artifact":"/home/lewis/src/ad-law-scrape/athletic-rust-pipeline/target/debug/deps/syn-5082822ef8c7c090.d","emit":"dep-info"}
{"$message_type":"artifact","artifact":"/home/lewis/src/ad-law-scrape/athletic-rust-pipeline/target/debug/deps/libsyn-5082822ef8c7c090.rmeta","emit":"metadata"}
{"$message_type":"artifact","artifact":"/home/lewis/src/ad-law-scrape/athletic-rust-pipeline/target/debug/deps/libsyn-5082822ef8c7c090.rlib","emit":"link"}
   Compiling serde_derive v1.0.229
   Compiling futures-macro v0.3.34
   Compiling tokio-macros v2.7.2
   Compiling thiserror-impl v2.0.20
   Compiling zerovec-derive v0.11.6
   Compiling displaydoc v0.2.7
   Compiling async-trait v0.1.92
   Compiling clap_derive v4.6.4
{"$message_type":"artifact","artifact":"/home/lewis/src/ad-law-scrape/athletic-rust-pipeline/target/debug/deps/toml_writer-f14a2939b2e52ca3.d","emit":"dep-info"}
{"$message_type":"artifact","artifact":"/home/lewis/src/ad-law-scrape/athletic-rust-pipeline/target/debug/deps/libtoml_writer-f14a2939b2e52ca3.rmeta","emit":"metadata"}
{"$message_type":"artifact","artifact":"/home/lewis/src/ad-law-scrape/athletic-rust-pipeline/target/debug/deps/uuid-522ddd4a0cdaac65.d","emit":"dep-info"}
{"$message_type":"artifact","artifact":"/home/lewis/src/ad-law-scrape/athletic-rust-pipeline/target/debug/deps/libuuid-522ddd4a0cdaac65.rmeta","emit":"metadata"}
{"$message_type":"artifact","artifact":"/home/lewis/src/ad-law-scrape/athletic-rust-pipeline/target/debug/deps/anyhow-7d9dc25082775787.d","emit":"dep-info"}
{"$message_type":"artifact","artifact":"/home/lewis/src/ad-law-scrape/athletic-rust-pipeline/target/debug/deps/libanyhow-7d9dc25082775787.rmeta","emit":"metadata"}
{"$message_type":"artifact","artifact":"/home/lewis/src/ad-law-scrape/athletic-rust-pipeline/target/debug/deps/zerocopy-cba671598849ab67.d","emit":"dep-info"}
{"$message_type":"artifact","artifact":"/home/lewis/src/ad-law-scrape/athletic-rust-pipeline/target/debug/deps/libzerocopy-cba671598849ab67.rmeta","emit":"metadata"}
    Checking ppv-lite86 v0.2.21
{"$message_type":"artifact","artifact":"/home/lewis/src/ad-law-scrape/athletic-rust-pipeline/target/debug/deps/quick_xml-f50b7b5b3e746344.d","emit":"dep-info"}
{"$message_type":"artifact","artifact":"/home/lewis/src/ad-law-scrape/athletic-rust-pipeline/target/debug/deps/libquick_xml-f50b7b5b3e746344.rmeta","emit":"metadata"}
{"$message_type":"artifact","artifact":"/home/lewis/src/ad-law-scrape/athletic-rust-pipeline/target/debug/deps/librustversion-bfcb6514957907b5.so","emit":"link"}
{"$message_type":"artifact","artifact":"/home/lewis/src/ad-law-scrape/athletic-rust-pipeline/target/debug/deps/libpastey-8a75d68ddc2aaa22.so","emit":"link"}
{"$message_type":"artifact","artifact":"/home/lewis/src/ad-law-scrape/athletic-rust-pipeline/target/debug/deps/syn-c695ab11ab95e7c9.d","emit":"dep-info"}
{"$message_type":"artifact","artifact":"/home/lewis/src/ad-law-scrape/athletic-rust-pipeline/target/debug/deps/libsyn-c695ab11ab95e7c9.rmeta","emit":"metadata"}
{"$message_type":"artifact","artifact":"/home/lewis/src/ad-law-scrape/athletic-rust-pipeline/target/debug/deps/libsyn-c695ab11ab95e7c9.rlib","emit":"link"}
{"$message_type":"artifact","artifact":"/home/lewis/src/ad-law-scrape/athletic-rust-pipeline/target/debug/deps/sha2-e0f8b2b3e4c05876.d","emit":"dep-info"}
{"$message_type":"artifact","artifact":"/home/lewis/src/ad-law-scrape/athletic-rust-pipeline/target/debug/deps/libsha2-e0f8b2b3e4c05876.rmeta","emit":"metadata"}
   Compiling tracing-attributes v0.1.31
   Compiling synstructure v0.13.2
   Compiling zeroize_derive v1.5.0
   Compiling prost-derive v0.14.4
   Compiling serde_derive_internals v0.29.1
{"$message_type":"artifact","artifact":"/home/lewis/src/ad-law-scrape/athletic-rust-pipeline/target/debug/deps/displaydoc-090d00525a2a7a43.d","emit":"dep-info"}
   Compiling pin-project-internal v1.1.13
   Compiling phf_macros v0.13.1
{"$message_type":"artifact","artifact":"/home/lewis/src/ad-law-scrape/athletic-rust-pipeline/target/debug/deps/toml_parser-bf43ba7f92b96400.d","emit":"dep-info"}
{"$message_type":"artifact","artifact":"/home/lewis/src/ad-law-scrape/athletic-rust-pipeline/target/debug/deps/libtoml_parser-bf43ba7f92b96400.rmeta","emit":"metadata"}
   Compiling strum_macros v0.27.2
{"$message_type":"artifact","artifact":"/home/lewis/src/ad-law-scrape/athletic-rust-pipeline/target/debug/deps/nom-19517ba5b6fc6d48.d","emit":"dep-info"}
{"$message_type":"artifact","artifact":"/home/lewis/src/ad-law-scrape/athletic-rust-pipeline/target/debug/deps/libnom-19517ba5b6fc6d48.rmeta","emit":"metadata"}
{"$message_type":"artifact","artifact":"/home/lewis/src/ad-law-scrape/athletic-rust-pipeline/target/debug/deps/regex_automata-ef6d26cfd4a4d78f.d","emit":"dep-info"}
{"$message_type":"artifact","artifact":"/home/lewis/src/ad-law-scrape/athletic-rust-pipeline/target/debug/deps/libregex_automata-ef6d26cfd4a4d78f.rmeta","emit":"metadata"}
{"$message_type":"artifact","artifact":"/home/lewis/src/ad-law-scrape/athletic-rust-pipeline/target/debug/deps/async_trait-9ec73694f7c8beeb.d","emit":"dep-info"}
{"$message_type":"artifact","artifact":"/home/lewis/src/ad-law-scrape/athletic-rust-pipeline/target/debug/deps/html_escape-d396d29f0902967e.d","emit":"dep-info"}
{"$message_type":"artifact","artifact":"/home/lewis/src/ad-law-scrape/athletic-rust-pipeline/target/debug/deps/libhtml_escape-d396d29f0902967e.rmeta","emit":"metadata"}
   Compiling derive_more-impl v2.1.1
{"$message_type":"artifact","artifact":"/home/lewis/src/ad-law-scrape/athletic-rust-pipeline/target/debug/deps/tokio_macros-2a1d745740b32e18.d","emit":"dep-info"}
{"$message_type":"artifact","artifact":"/home/lewis/src/ad-law-scrape/athletic-rust-pipeline/target/debug/deps/futures_macro-79f0ae5c0122fbe4.d","emit":"dep-info"}
{"$message_type":"artifact","artifact":"/home/lewis/src/ad-law-scrape/athletic-rust-pipeline/target/debug/deps/unicode_normalization-5201a957473e48a2.d","emit":"dep-info"}
{"$message_type":"artifact","artifact":"/home/lewis/src/ad-law-scrape/athletic-rust-pipeline/target/debug/deps/libunicode_normalization-5201a957473e48a2.rmeta","emit":"metadata"}
{"$message_type":"artifact","artifact":"/home/lewis/src/ad-law-scrape/athletic-rust-pipeline/target/debug/deps/thiserror_impl-5969b2b4d8f5b70c.d","emit":"dep-info"}
   Compiling cssparser-macros v0.6.1
    Checking matchers v0.2.0
   Compiling enum_dispatch v0.3.13
    Checking atoi_simd v0.18.1
    Checking hdrhistogram v7.6.0
    Checking regex v1.13.1
{"$message_type":"artifact","artifact":"/home/lewis/src/ad-law-scrape/athletic-rust-pipeline/target/debug/deps/rustix-77bc909da5768dd3.d","emit":"dep-info"}
{"$message_type":"artifact","artifact":"/home/lewis/src/ad-law-scrape/athletic-rust-pipeline/target/debug/deps/librustix-77bc909da5768dd3.rmeta","emit":"metadata"}
{"$message_type":"artifact","artifact":"/home/lewis/src/ad-law-scrape/athletic-rust-pipeline/target/debug/deps/zeroize_derive-ae06e36f053cdc08.d","emit":"dep-info"}
{"$message_type":"artifact","artifact":"/home/lewis/src/ad-law-scrape/athletic-rust-pipeline/target/debug/deps/tracing_attributes-89f4b33cf26dbf9b.d","emit":"dep-info"}
{"$message_type":"artifact","artifact":"/home/lewis/src/ad-law-scrape/athletic-rust-pipeline/target/debug/deps/phf_macros-57f0d026f49c4d5c.d","emit":"dep-info"}
    Checking tempfile v3.27.0
{"$message_type":"artifact","artifact":"/home/lewis/src/ad-law-scrape/athletic-rust-pipeline/target/debug/deps/zerovec_derive-90e787d10bdb0168.d","emit":"dep-info"}
{"$message_type":"artifact","artifact":"/home/lewis/src/ad-law-scrape/athletic-rust-pipeline/target/debug/deps/cssparser_macros-0f46a755a4c72872.d","emit":"dep-info"}
{"$message_type":"artifact","artifact":"/home/lewis/src/ad-law-scrape/athletic-rust-pipeline/target/debug/deps/synstructure-862c177725d9b155.d","emit":"dep-info"}
{"$message_type":"artifact","artifact":"/home/lewis/src/ad-law-scrape/athletic-rust-pipeline/target/debug/deps/libsynstructure-862c177725d9b155.rmeta","emit":"metadata"}
{"$message_type":"artifact","artifact":"/home/lewis/src/ad-law-scrape/athletic-rust-pipeline/target/debug/deps/libsynstructure-862c177725d9b155.rlib","emit":"link"}
   Compiling zerofrom-derive v0.1.7
   Compiling yoke-derive v0.8.2
{"$message_type":"artifact","artifact":"/home/lewis/src/ad-law-scrape/athletic-rust-pipeline/target/debug/deps/regress-a97e964df62c5b32.d","emit":"dep-info"}
{"$message_type":"artifact","artifact":"/home/lewis/src/ad-law-scrape/athletic-rust-pipeline/target/debug/deps/libregress-a97e964df62c5b32.rmeta","emit":"metadata"}
{"$message_type":"artifact","artifact":"/home/lewis/src/ad-law-scrape/athletic-rust-pipeline/target/debug/deps/pin_project_internal-e9016a536f21011a.d","emit":"dep-info"}
{"$message_type":"artifact","artifact":"/home/lewis/src/ad-law-scrape/athletic-rust-pipeline/target/debug/deps/serde_derive_internals-007237d74020c066.d","emit":"dep-info"}
{"$message_type":"artifact","artifact":"/home/lewis/src/ad-law-scrape/athletic-rust-pipeline/target/debug/deps/libserde_derive_internals-007237d74020c066.rmeta","emit":"metadata"}
{"$message_type":"artifact","artifact":"/home/lewis/src/ad-law-scrape/athletic-rust-pipeline/target/debug/deps/libserde_derive_internals-007237d74020c066.rlib","emit":"link"}
   Compiling schemars_derive v0.8.22
{"$message_type":"artifact","artifact":"/home/lewis/src/ad-law-scrape/athletic-rust-pipeline/target/debug/deps/matchers-c2a746ef44b93552.d","emit":"dep-info"}
{"$message_type":"artifact","artifact":"/home/lewis/src/ad-law-scrape/athletic-rust-pipeline/target/debug/deps/libmatchers-c2a746ef44b93552.rmeta","emit":"metadata"}
{"$message_type":"artifact","artifact":"/home/lewis/src/ad-law-scrape/athletic-rust-pipeline/target/debug/deps/derive_more_impl-8a221e8438b10da4.d","emit":"dep-info"}
{"$message_type":"artifact","artifact":"/home/lewis/src/ad-law-scrape/athletic-rust-pipeline/target/debug/deps/ppv_lite86-7db872fb90dde182.d","emit":"dep-info"}
{"$message_type":"artifact","artifact":"/home/lewis/src/ad-law-scrape/athletic-rust-pipeline/target/debug/deps/libppv_lite86-7db872fb90dde182.rmeta","emit":"metadata"}
    Checking rand_chacha v0.9.0
{"$message_type":"artifact","artifact":"/home/lewis/src/ad-law-scrape/athletic-rust-pipeline/target/debug/deps/enum_dispatch-43a2f04020a3196a.d","emit":"dep-info"}
{"$message_type":"artifact","artifact":"/home/lewis/src/ad-law-scrape/athletic-rust-pipeline/target/debug/deps/prost_derive-de5a3355b0d22e2a.d","emit":"dep-info"}
{"$message_type":"artifact","artifact":"/home/lewis/src/ad-law-scrape/athletic-rust-pipeline/target/debug/deps/winnow-2db23f40103c0d06.d","emit":"dep-info"}
{"$message_type":"artifact","artifact":"/home/lewis/src/ad-law-scrape/athletic-rust-pipeline/target/debug/deps/libwinnow-2db23f40103c0d06.rmeta","emit":"metadata"}
{"$message_type":"artifact","artifact":"/home/lewis/src/ad-law-scrape/athletic-rust-pipeline/target/debug/deps/clap_builder-916843adb01566d9.d","emit":"dep-info"}
{"$message_type":"artifact","artifact":"/home/lewis/src/ad-law-scrape/athletic-rust-pipeline/target/debug/deps/libclap_builder-916843adb01566d9.rmeta","emit":"metadata"}
    Checking toml v0.9.12+spec-1.1.0
{"$message_type":"artifact","artifact":"/home/lewis/src/ad-law-scrape/athletic-rust-pipeline/target/debug/deps/zerofrom_derive-6c72f05d5232b1e1.d","emit":"dep-info"}
{"$message_type":"artifact","artifact":"/home/lewis/src/ad-law-scrape/athletic-rust-pipeline/target/debug/deps/atoi_simd-39d9720a4d11882e.d","emit":"dep-info"}
{"$message_type":"artifact","artifact":"/home/lewis/src/ad-law-scrape/athletic-rust-pipeline/target/debug/deps/libatoi_simd-39d9720a4d11882e.rmeta","emit":"metadata"}
{"$message_type":"artifact","artifact":"/home/lewis/src/ad-law-scrape/athletic-rust-pipeline/target/debug/deps/yoke_derive-133f4ec6d6bbe7fe.d","emit":"dep-info"}
{"$message_type":"artifact","artifact":"/home/lewis/src/ad-law-scrape/athletic-rust-pipeline/target/debug/deps/tempfile-9cf5d9b51c200c4f.d","emit":"dep-info"}
{"$message_type":"artifact","artifact":"/home/lewis/src/ad-law-scrape/athletic-rust-pipeline/target/debug/deps/libtempfile-9cf5d9b51c200c4f.rmeta","emit":"metadata"}
    Checking rust_xlsxwriter v0.99.1
{"$message_type":"artifact","artifact":"/home/lewis/src/ad-law-scrape/athletic-rust-pipeline/target/debug/deps/hdrhistogram-230633026940e502.d","emit":"dep-info"}
{"$message_type":"artifact","artifact":"/home/lewis/src/ad-law-scrape/athletic-rust-pipeline/target/debug/deps/libhdrhistogram-230633026940e502.rmeta","emit":"metadata"}
{"$message_type":"artifact","artifact":"/home/lewis/src/ad-law-scrape/athletic-rust-pipeline/target/debug/deps/prettyplease-879695a8d2be6c55.d","emit":"dep-info"}
{"$message_type":"artifact","artifact":"/home/lewis/src/ad-law-scrape/athletic-rust-pipeline/target/debug/deps/libprettyplease-879695a8d2be6c55.rmeta","emit":"metadata"}
{"$message_type":"artifact","artifact":"/home/lewis/src/ad-law-scrape/athletic-rust-pipeline/target/debug/deps/libprettyplease-879695a8d2be6c55.rlib","emit":"link"}
{"$message_type":"artifact","artifact":"/home/lewis/src/ad-law-scrape/athletic-rust-pipeline/target/debug/deps/clap_derive-acc73fefbd192b14.d","emit":"dep-info"}
{"$message_type":"artifact","artifact":"/home/lewis/src/ad-law-scrape/athletic-rust-pipeline/target/debug/deps/jiff-aa0cb86160f6204a.d","emit":"dep-info"}
{"$message_type":"artifact","artifact":"/home/lewis/src/ad-law-scrape/athletic-rust-pipeline/target/debug/deps/libjiff-aa0cb86160f6204a.rmeta","emit":"metadata"}
{"$message_type":"artifact","artifact":"/home/lewis/src/ad-law-scrape/athletic-rust-pipeline/target/debug/deps/libjiff-aa0cb86160f6204a.rlib","emit":"link"}
   Compiling restate-sdk-macros v0.12.0
{"$message_type":"artifact","artifact":"/home/lewis/src/ad-law-scrape/athletic-rust-pipeline/target/debug/deps/rand_chacha-03f7f87a4341e69d.d","emit":"dep-info"}
{"$message_type":"artifact","artifact":"/home/lewis/src/ad-law-scrape/athletic-rust-pipeline/target/debug/deps/librand_chacha-03f7f87a4341e69d.rmeta","emit":"metadata"}
{"$message_type":"artifact","artifact":"/home/lewis/src/ad-law-scrape/athletic-rust-pipeline/target/debug/deps/regex-9ecc47a04ca927cf.d","emit":"dep-info"}
{"$message_type":"artifact","artifact":"/home/lewis/src/ad-law-scrape/athletic-rust-pipeline/target/debug/deps/libregex-9ecc47a04ca927cf.rmeta","emit":"metadata"}
    Checking rand v0.9.5
{"$message_type":"artifact","artifact":"/home/lewis/src/ad-law-scrape/athletic-rust-pipeline/target/debug/deps/strum_macros-9ca850e85b040b1f.d","emit":"dep-info"}
{"$message_type":"artifact","artifact":"/home/lewis/src/ad-law-scrape/athletic-rust-pipeline/target/debug/deps/schemars_derive-56cd933ecdc2600b.d","emit":"dep-info"}
{"$message_type":"artifact","artifact":"/home/lewis/src/ad-law-scrape/athletic-rust-pipeline/target/debug/deps/libtokio_macros-2a1d745740b32e18.so","emit":"link"}
{"$message_type":"artifact","artifact":"/home/lewis/src/ad-law-scrape/athletic-rust-pipeline/target/debug/deps/libdisplaydoc-090d00525a2a7a43.so","emit":"link"}
{"$message_type":"artifact","artifact":"/home/lewis/src/ad-law-scrape/athletic-rust-pipeline/target/debug/deps/serde_derive-cf0a83cad3b77e69.d","emit":"dep-info"}
{"$message_type":"artifact","artifact":"/home/lewis/src/ad-law-scrape/athletic-rust-pipeline/target/debug/deps/libcssparser_macros-0f46a755a4c72872.so","emit":"link"}
{"$message_type":"artifact","artifact":"/home/lewis/src/ad-law-scrape/athletic-rust-pipeline/target/debug/deps/toml-a57401cc8941e3d9.d","emit":"dep-info"}
{"$message_type":"artifact","artifact":"/home/lewis/src/ad-law-scrape/athletic-rust-pipeline/target/debug/deps/libtoml-a57401cc8941e3d9.rmeta","emit":"metadata"}
{"$message_type":"artifact","artifact":"/home/lewis/src/ad-law-scrape/athletic-rust-pipeline/target/debug/deps/restate_sdk_macros-b9449a996a685351.d","emit":"dep-info"}
{"$message_type":"artifact","artifact":"/home/lewis/src/ad-law-scrape/athletic-rust-pipeline/target/debug/deps/libfutures_macro-79f0ae5c0122fbe4.so","emit":"link"}
    Checking futures-util v0.3.34
{"$message_type":"artifact","artifact":"/home/lewis/src/ad-law-scrape/athletic-rust-pipeline/target/debug/deps/rand-73d7362b90a677d4.d","emit":"dep-info"}
{"$message_type":"artifact","artifact":"/home/lewis/src/ad-law-scrape/athletic-rust-pipeline/target/debug/deps/librand-73d7362b90a677d4.rmeta","emit":"metadata"}
{"$message_type":"artifact","artifact":"/home/lewis/src/ad-law-scrape/athletic-rust-pipeline/target/debug/deps/libzeroize_derive-ae06e36f053cdc08.so","emit":"link"}
{"$message_type":"artifact","artifact":"/home/lewis/src/ad-law-scrape/athletic-rust-pipeline/target/debug/deps/libasync_trait-9ec73694f7c8beeb.so","emit":"link"}
    Checking zeroize v1.9.0
{"$message_type":"artifact","artifact":"/home/lewis/src/ad-law-scrape/athletic-rust-pipeline/target/debug/deps/libphf_macros-57f0d026f49c4d5c.so","emit":"link"}
    Checking phf v0.13.1
{"$message_type":"artifact","artifact":"/home/lewis/src/ad-law-scrape/athletic-rust-pipeline/target/debug/deps/zeroize-4fec8ddd35b35f42.d","emit":"dep-info"}
{"$message_type":"artifact","artifact":"/home/lewis/src/ad-law-scrape/athletic-rust-pipeline/target/debug/deps/libzeroize-4fec8ddd35b35f42.rmeta","emit":"metadata"}
    Checking rustls-pki-types v1.15.1
{"$message_type":"artifact","artifact":"/home/lewis/src/ad-law-scrape/athletic-rust-pipeline/target/debug/deps/rust_xlsxwriter-a936f38928a7c1fd.d","emit":"dep-info"}
{"$message_type":"artifact","artifact":"/home/lewis/src/ad-law-scrape/athletic-rust-pipeline/target/debug/deps/librust_xlsxwriter-a936f38928a7c1fd.rmeta","emit":"metadata"}
{"$message_type":"artifact","artifact":"/home/lewis/src/ad-law-scrape/athletic-rust-pipeline/target/debug/deps/phf-73bdbc0047ddccf6.d","emit":"dep-info"}
{"$message_type":"artifact","artifact":"/home/lewis/src/ad-law-scrape/athletic-rust-pipeline/target/debug/deps/libphf-73bdbc0047ddccf6.rmeta","emit":"metadata"}
    Checking cssparser v0.36.0
{"$message_type":"artifact","artifact":"/home/lewis/src/ad-law-scrape/athletic-rust-pipeline/target/debug/deps/libenum_dispatch-43a2f04020a3196a.so","emit":"link"}
{"$message_type":"artifact","artifact":"/home/lewis/src/ad-law-scrape/athletic-rust-pipeline/target/debug/deps/libzerofrom_derive-6c72f05d5232b1e1.so","emit":"link"}
    Checking lsm-tree v3.1.10
    Checking zerofrom v0.1.8
{"$message_type":"artifact","artifact":"/home/lewis/src/ad-law-scrape/athletic-rust-pipeline/target/debug/deps/libyoke_derive-133f4ec6d6bbe7fe.so","emit":"link"}
{"$message_type":"artifact","artifact":"/home/lewis/src/ad-law-scrape/athletic-rust-pipeline/target/debug/deps/rustls_pki_types-5392f700bcaf1db0.d","emit":"dep-info"}
{"$message_type":"artifact","artifact":"/home/lewis/src/ad-law-scrape/athletic-rust-pipeline/target/debug/deps/librustls_pki_types-5392f700bcaf1db0.rmeta","emit":"metadata"}
    Checking rustls-native-certs v0.8.4
{"$message_type":"artifact","artifact":"/home/lewis/src/ad-law-scrape/athletic-rust-pipeline/target/debug/deps/libthiserror_impl-5969b2b4d8f5b70c.so","emit":"link"}
{"$message_type":"artifact","artifact":"/home/lewis/src/ad-law-scrape/athletic-rust-pipeline/target/debug/deps/libzerovec_derive-90e787d10bdb0168.so","emit":"link"}
{"$message_type":"artifact","artifact":"/home/lewis/src/ad-law-scrape/athletic-rust-pipeline/target/debug/build/aws-lc-sys-b31a52a790b8eaf0/build_script_main-b31a52a790b8eaf0","emit":"link"}
{"$message_type":"artifact","artifact":"/home/lewis/src/ad-law-scrape/athletic-rust-pipeline/target/debug/deps/libderive_more_impl-8a221e8438b10da4.so","emit":"link"}
{"$message_type":"artifact","artifact":"/home/lewis/src/ad-law-scrape/athletic-rust-pipeline/target/debug/deps/zerofrom-95caf68528254a8c.d","emit":"dep-info"}
{"$message_type":"artifact","artifact":"/home/lewis/src/ad-law-scrape/athletic-rust-pipeline/target/debug/deps/libzerofrom-95caf68528254a8c.rmeta","emit":"metadata"}
    Checking yoke v0.8.3
    Checking derive_more v2.1.1
{"$message_type":"artifact","artifact":"/home/lewis/src/ad-law-scrape/athletic-rust-pipeline/target/debug/deps/libtracing_attributes-89f4b33cf26dbf9b.so","emit":"link"}
{"$message_type":"artifact","artifact":"/home/lewis/src/ad-law-scrape/athletic-rust-pipeline/target/debug/deps/libpin_project_internal-e9016a536f21011a.so","emit":"link"}
    Checking tracing v0.1.44
{"$message_type":"artifact","artifact":"/home/lewis/src/ad-law-scrape/athletic-rust-pipeline/target/debug/deps/rustls_native_certs-b326ec3b04b8b68e.d","emit":"dep-info"}
{"$message_type":"artifact","artifact":"/home/lewis/src/ad-law-scrape/athletic-rust-pipeline/target/debug/deps/librustls_native_certs-b326ec3b04b8b68e.rmeta","emit":"metadata"}
    Checking pin-project v1.1.13
{"$message_type":"artifact","artifact":"/home/lewis/src/ad-law-scrape/athletic-rust-pipeline/target/debug/deps/thiserror-0a9b558df5926a10.d","emit":"dep-info"}
{"$message_type":"artifact","artifact":"/home/lewis/src/ad-law-scrape/athletic-rust-pipeline/target/debug/deps/libthiserror-0a9b558df5926a10.rmeta","emit":"metadata"}
{"$message_type":"artifact","artifact":"/home/lewis/src/ad-law-scrape/athletic-rust-pipeline/target/debug/deps/libthiserror-0a9b558df5926a10.rlib","emit":"link"}
{"$message_type":"artifact","artifact":"/home/lewis/src/ad-law-scrape/athletic-rust-pipeline/target/debug/deps/thiserror-04c4bc74665ffd0d.d","emit":"dep-info"}
{"$message_type":"artifact","artifact":"/home/lewis/src/ad-law-scrape/athletic-rust-pipeline/target/debug/deps/libthiserror-04c4bc74665ffd0d.rmeta","emit":"metadata"}
{"$message_type":"artifact","artifact":"/home/lewis/src/ad-law-scrape/athletic-rust-pipeline/target/debug/deps/derive_more-fb76e9061bd908b2.d","emit":"dep-info"}
{"$message_type":"artifact","artifact":"/home/lewis/src/ad-law-scrape/athletic-rust-pipeline/target/debug/deps/libderive_more-fb76e9061bd908b2.rmeta","emit":"metadata"}
{"$message_type":"artifact","artifact":"/home/lewis/src/ad-law-scrape/athletic-rust-pipeline/target/debug/deps/yoke-a0f3879d67596f98.d","emit":"dep-info"}
{"$message_type":"artifact","artifact":"/home/lewis/src/ad-law-scrape/athletic-rust-pipeline/target/debug/deps/libyoke-a0f3879d67596f98.rmeta","emit":"metadata"}
    Checking zerovec v0.11.8
    Checking zerotrie v0.2.5
{"$message_type":"artifact","artifact":"/home/lewis/src/ad-law-scrape/athletic-rust-pipeline/target/debug/deps/cssparser-43d4a7d34cb0ad95.d","emit":"dep-info"}
{"$message_type":"artifact","artifact":"/home/lewis/src/ad-law-scrape/athletic-rust-pipeline/target/debug/deps/libcssparser-43d4a7d34cb0ad95.rmeta","emit":"metadata"}
{"$message_type":"artifact","artifact":"/home/lewis/src/ad-law-scrape/athletic-rust-pipeline/target/debug/deps/pin_project-cb8dc683c7310763.d","emit":"dep-info"}
{"$message_type":"artifact","artifact":"/home/lewis/src/ad-law-scrape/athletic-rust-pipeline/target/debug/deps/libpin_project-cb8dc683c7310763.rmeta","emit":"metadata"}
{"$message_type":"artifact","artifact":"/home/lewis/src/ad-law-scrape/athletic-rust-pipeline/target/debug/deps/tracing-17a1b98c103c8498.d","emit":"dep-info"}
{"$message_type":"artifact","artifact":"/home/lewis/src/ad-law-scrape/athletic-rust-pipeline/target/debug/deps/libtracing-17a1b98c103c8498.rmeta","emit":"metadata"}
    Checking opentelemetry v0.32.0
    Checking tracing-subscriber v0.3.23
{"$message_type":"artifact","artifact":"/home/lewis/src/ad-law-scrape/athletic-rust-pipeline/target/debug/deps/zerotrie-a88f7809478aed88.d","emit":"dep-info"}
{"$message_type":"artifact","artifact":"/home/lewis/src/ad-law-scrape/athletic-rust-pipeline/target/debug/deps/libzerotrie-a88f7809478aed88.rmeta","emit":"metadata"}
{"$message_type":"artifact","artifact":"/home/lewis/src/ad-law-scrape/athletic-rust-pipeline/target/debug/deps/libprost_derive-de5a3355b0d22e2a.so","emit":"link"}
{"$message_type":"artifact","artifact":"/home/lewis/src/ad-law-scrape/athletic-rust-pipeline/target/debug/deps/futures_util-723e5bd96f1e85bb.d","emit":"dep-info"}
{"$message_type":"artifact","artifact":"/home/lewis/src/ad-law-scrape/athletic-rust-pipeline/target/debug/deps/libfutures_util-723e5bd96f1e85bb.rmeta","emit":"metadata"}
    Checking futures-executor v0.3.34
{"$message_type":"artifact","artifact":"/home/lewis/src/ad-law-scrape/athletic-rust-pipeline/target/debug/deps/zerovec-c72b4409a8282fa2.d","emit":"dep-info"}
{"$message_type":"artifact","artifact":"/home/lewis/src/ad-law-scrape/athletic-rust-pipeline/target/debug/deps/libzerovec-c72b4409a8282fa2.rmeta","emit":"metadata"}
    Checking tinystr v0.8.4
    Checking potential_utf v0.1.6
{"$message_type":"artifact","artifact":"/home/lewis/src/ad-law-scrape/athletic-rust-pipeline/target/debug/deps/selectors-db38102d5d4e2523.d","emit":"dep-info"}
{"$message_type":"artifact","artifact":"/home/lewis/src/ad-law-scrape/athletic-rust-pipeline/target/debug/deps/libselectors-db38102d5d4e2523.rmeta","emit":"metadata"}
    Checking lol_html v2.9.0
{"$message_type":"artifact","artifact":"/home/lewis/src/ad-law-scrape/athletic-rust-pipeline/target/debug/deps/lsm_tree-b66b9bc1ddedc330.d","emit":"dep-info"}
{"$message_type":"artifact","artifact":"/home/lewis/src/ad-law-scrape/athletic-rust-pipeline/target/debug/deps/liblsm_tree-b66b9bc1ddedc330.rmeta","emit":"metadata"}
    Checking fjall v3.1.10
{"$message_type":"artifact","artifact":"/home/lewis/src/ad-law-scrape/athletic-rust-pipeline/target/debug/deps/futures_executor-7f44afcb0be2e68a.d","emit":"dep-info"}
{"$message_type":"artifact","artifact":"/home/lewis/src/ad-law-scrape/athletic-rust-pipeline/target/debug/deps/libfutures_executor-7f44afcb0be2e68a.rmeta","emit":"metadata"}
    Checking futures v0.3.34
{"$message_type":"artifact","artifact":"/home/lewis/src/ad-law-scrape/athletic-rust-pipeline/target/debug/deps/opentelemetry-219a6f566a0a1a91.d","emit":"dep-info"}
{"$message_type":"artifact","artifact":"/home/lewis/src/ad-law-scrape/athletic-rust-pipeline/target/debug/deps/libopentelemetry-219a6f566a0a1a91.rmeta","emit":"metadata"}
{"$message_type":"artifact","artifact":"/home/lewis/src/ad-law-scrape/athletic-rust-pipeline/target/debug/deps/potential_utf-de0398a28d0f0e2b.d","emit":"dep-info"}
{"$message_type":"artifact","artifact":"/home/lewis/src/ad-law-scrape/athletic-rust-pipeline/target/debug/deps/libpotential_utf-de0398a28d0f0e2b.rmeta","emit":"metadata"}
    Checking opentelemetry_sdk v0.32.1
{"$message_type":"artifact","artifact":"/home/lewis/src/ad-law-scrape/athletic-rust-pipeline/target/debug/deps/libschemars_derive-56cd933ecdc2600b.so","emit":"link"}
    Checking icu_collections v2.3.0
{"$message_type":"artifact","artifact":"/home/lewis/src/ad-law-scrape/athletic-rust-pipeline/target/debug/deps/tinystr-f9f95248896c14d5.d","emit":"dep-info"}
{"$message_type":"artifact","artifact":"/home/lewis/src/ad-law-scrape/athletic-rust-pipeline/target/debug/deps/libtinystr-f9f95248896c14d5.rmeta","emit":"metadata"}
    Checking icu_locale_core v2.3.0
{"$message_type":"artifact","artifact":"/home/lewis/src/ad-law-scrape/athletic-rust-pipeline/target/debug/deps/librestate_sdk_macros-b9449a996a685351.so","emit":"link"}
{"$message_type":"artifact","artifact":"/home/lewis/src/ad-law-scrape/athletic-rust-pipeline/target/debug/deps/futures-ff01fa530dd59c2c.d","emit":"dep-info"}
{"$message_type":"artifact","artifact":"/home/lewis/src/ad-law-scrape/athletic-rust-pipeline/target/debug/deps/libfutures-ff01fa530dd59c2c.rmeta","emit":"metadata"}
{"$message_type":"artifact","artifact":"/home/lewis/src/ad-law-scrape/athletic-rust-pipeline/target/debug/deps/tracing_subscriber-7ad128cbb226c956.d","emit":"dep-info"}
{"$message_type":"artifact","artifact":"/home/lewis/src/ad-law-scrape/athletic-rust-pipeline/target/debug/deps/libtracing_subscriber-7ad128cbb226c956.rmeta","emit":"metadata"}
    Checking tracing-opentelemetry v0.33.0
{"$message_type":"artifact","artifact":"/home/lewis/src/ad-law-scrape/athletic-rust-pipeline/target/debug/deps/icu_collections-fd052136916e4327.d","emit":"dep-info"}
{"$message_type":"artifact","artifact":"/home/lewis/src/ad-law-scrape/athletic-rust-pipeline/target/debug/deps/libicu_collections-fd052136916e4327.rmeta","emit":"metadata"}
{"$message_type":"artifact","artifact":"/home/lewis/src/ad-law-scrape/athletic-rust-pipeline/target/debug/deps/fjall-5b6dd2eda15570d4.d","emit":"dep-info"}
{"$message_type":"artifact","artifact":"/home/lewis/src/ad-law-scrape/athletic-rust-pipeline/target/debug/deps/libfjall-5b6dd2eda15570d4.rmeta","emit":"metadata"}
{"$message_type":"artifact","artifact":"/home/lewis/src/ad-law-scrape/athletic-rust-pipeline/target/debug/deps/icu_locale_core-340b8f6f78cc59d2.d","emit":"dep-info"}
{"$message_type":"artifact","artifact":"/home/lewis/src/ad-law-scrape/athletic-rust-pipeline/target/debug/deps/libicu_locale_core-340b8f6f78cc59d2.rmeta","emit":"metadata"}
    Checking icu_provider v2.3.1
{"$message_type":"artifact","artifact":"/home/lewis/src/ad-law-scrape/athletic-rust-pipeline/target/debug/deps/tracing_opentelemetry-86a8cdc7045f4e0c.d","emit":"dep-info"}
{"$message_type":"artifact","artifact":"/home/lewis/src/ad-law-scrape/athletic-rust-pipeline/target/debug/deps/libtracing_opentelemetry-86a8cdc7045f4e0c.rmeta","emit":"metadata"}
{"$message_type":"artifact","artifact":"/home/lewis/src/ad-law-scrape/athletic-rust-pipeline/target/debug/deps/opentelemetry_sdk-4a2ff12cc58a0b3f.d","emit":"dep-info"}
{"$message_type":"artifact","artifact":"/home/lewis/src/ad-law-scrape/athletic-rust-pipeline/target/debug/deps/libopentelemetry_sdk-4a2ff12cc58a0b3f.rmeta","emit":"metadata"}
{"$message_type":"artifact","artifact":"/home/lewis/src/ad-law-scrape/athletic-rust-pipeline/target/debug/deps/libclap_derive-acc73fefbd192b14.so","emit":"link"}
{"$message_type":"artifact","artifact":"/home/lewis/src/ad-law-scrape/athletic-rust-pipeline/target/debug/deps/lol_html-ff7d693961b9f873.d","emit":"dep-info"}
{"$message_type":"artifact","artifact":"/home/lewis/src/ad-law-scrape/athletic-rust-pipeline/target/debug/deps/liblol_html-ff7d693961b9f873.rmeta","emit":"metadata"}
    Checking clap v4.6.6
{"$message_type":"artifact","artifact":"/home/lewis/src/ad-law-scrape/athletic-rust-pipeline/target/debug/deps/icu_provider-ff36e89e57c8f31f.d","emit":"dep-info"}
{"$message_type":"artifact","artifact":"/home/lewis/src/ad-law-scrape/athletic-rust-pipeline/target/debug/deps/libicu_provider-ff36e89e57c8f31f.rmeta","emit":"metadata"}
    Checking icu_properties v2.3.0
    Checking icu_normalizer v2.3.0
{"$message_type":"artifact","artifact":"/home/lewis/src/ad-law-scrape/athletic-rust-pipeline/target/debug/deps/clap-5f66c3df68119305.d","emit":"dep-info"}
{"$message_type":"artifact","artifact":"/home/lewis/src/ad-law-scrape/athletic-rust-pipeline/target/debug/deps/libclap-5f66c3df68119305.rmeta","emit":"metadata"}
{"$message_type":"artifact","artifact":"/home/lewis/src/ad-law-scrape/athletic-rust-pipeline/target/debug/deps/libstrum_macros-9ca850e85b040b1f.so","emit":"link"}
    Checking strum v0.27.2
{"$message_type":"artifact","artifact":"/home/lewis/src/ad-law-scrape/athletic-rust-pipeline/target/debug/deps/icu_normalizer-bc9cd3b79c93ef1d.d","emit":"dep-info"}
{"$message_type":"artifact","artifact":"/home/lewis/src/ad-law-scrape/athletic-rust-pipeline/target/debug/deps/libicu_normalizer-bc9cd3b79c93ef1d.rmeta","emit":"metadata"}
{"$message_type":"artifact","artifact":"/home/lewis/src/ad-law-scrape/athletic-rust-pipeline/target/debug/deps/strum-cec8822d40fc3c44.d","emit":"dep-info"}
{"$message_type":"artifact","artifact":"/home/lewis/src/ad-law-scrape/athletic-rust-pipeline/target/debug/deps/libstrum-cec8822d40fc3c44.rmeta","emit":"metadata"}
{"$message_type":"artifact","artifact":"/home/lewis/src/ad-law-scrape/athletic-rust-pipeline/target/debug/deps/icu_properties-6c1eec4f790914a3.d","emit":"dep-info"}
{"$message_type":"artifact","artifact":"/home/lewis/src/ad-law-scrape/athletic-rust-pipeline/target/debug/deps/libicu_properties-6c1eec4f790914a3.rmeta","emit":"metadata"}
    Checking idna_adapter v1.2.2
{"$message_type":"artifact","artifact":"/home/lewis/src/ad-law-scrape/athletic-rust-pipeline/target/debug/deps/idna_adapter-57b9f6554e78bee6.d","emit":"dep-info"}
{"$message_type":"artifact","artifact":"/home/lewis/src/ad-law-scrape/athletic-rust-pipeline/target/debug/deps/libidna_adapter-57b9f6554e78bee6.rmeta","emit":"metadata"}
    Checking idna v1.1.0
{"$message_type":"artifact","artifact":"/home/lewis/src/ad-law-scrape/athletic-rust-pipeline/target/debug/deps/idna-14c8a980fd14a163.d","emit":"dep-info"}
{"$message_type":"artifact","artifact":"/home/lewis/src/ad-law-scrape/athletic-rust-pipeline/target/debug/deps/libidna-14c8a980fd14a163.rmeta","emit":"metadata"}
{"$message_type":"artifact","artifact":"/home/lewis/src/ad-law-scrape/athletic-rust-pipeline/target/debug/deps/libserde_derive-cf0a83cad3b77e69.so","emit":"link"}
{"$message_type":"artifact","artifact":"/home/lewis/src/ad-law-scrape/athletic-rust-pipeline/target/debug/deps/serde-a25cd77640b5df48.d","emit":"dep-info"}
{"$message_type":"artifact","artifact":"/home/lewis/src/ad-law-scrape/athletic-rust-pipeline/target/debug/deps/libserde-a25cd77640b5df48.rmeta","emit":"metadata"}
    Checking bytes v1.12.1
{"$message_type":"artifact","artifact":"/home/lewis/src/ad-law-scrape/athletic-rust-pipeline/target/debug/deps/serde-061e3d858d8478f2.d","emit":"dep-info"}
{"$message_type":"artifact","artifact":"/home/lewis/src/ad-law-scrape/athletic-rust-pipeline/target/debug/deps/libserde-061e3d858d8478f2.rmeta","emit":"metadata"}
{"$message_type":"artifact","artifact":"/home/lewis/src/ad-law-scrape/athletic-rust-pipeline/target/debug/deps/libserde-061e3d858d8478f2.rlib","emit":"link"}
{"$message_type":"artifact","artifact":"/home/lewis/src/ad-law-scrape/athletic-rust-pipeline/target/debug/deps/bytes-75b6b4b7102c2629.d","emit":"dep-info"}
{"$message_type":"artifact","artifact":"/home/lewis/src/ad-law-scrape/athletic-rust-pipeline/target/debug/deps/libbytes-75b6b4b7102c2629.rmeta","emit":"metadata"}
    Checking http v1.5.0
    Checking tokio v1.53.1
    Checking prost v0.14.4
    Checking url v2.5.8
   Compiling serde_tokenstream v0.2.3
    Checking serde_urlencoded v0.7.1
   Compiling jsonptr v0.7.1
    Checking bytes-utils v0.1.4
    Checking chromiumoxide_types v0.9.1
    Checking calamine v0.36.1
{"$message_type":"artifact","artifact":"/home/lewis/src/ad-law-scrape/athletic-rust-pipeline/target/debug/deps/http-4aefb8c3e33faf31.d","emit":"dep-info"}
{"$message_type":"artifact","artifact":"/home/lewis/src/ad-law-scrape/athletic-rust-pipeline/target/debug/deps/libhttp-4aefb8c3e33faf31.rmeta","emit":"metadata"}
    Checking http-body v1.1.0
    Checking tungstenite v0.28.0
{"$message_type":"artifact","artifact":"/home/lewis/src/ad-law-scrape/athletic-rust-pipeline/target/debug/deps/schemars-11d277bdc2164578.d","emit":"dep-info"}
{"$message_type":"artifact","artifact":"/home/lewis/src/ad-law-scrape/athletic-rust-pipeline/target/debug/deps/libschemars-11d277bdc2164578.rmeta","emit":"metadata"}
{"$message_type":"artifact","artifact":"/home/lewis/src/ad-law-scrape/athletic-rust-pipeline/target/debug/deps/libschemars-11d277bdc2164578.rlib","emit":"link"}
   Compiling typify-impl v0.6.2
{"$message_type":"artifact","artifact":"/home/lewis/src/ad-law-scrape/athletic-rust-pipeline/target/debug/deps/serde_tokenstream-b64b3835d44af0cb.d","emit":"dep-info"}
{"$message_type":"artifact","artifact":"/home/lewis/src/ad-law-scrape/athletic-rust-pipeline/target/debug/deps/libserde_tokenstream-b64b3835d44af0cb.rmeta","emit":"metadata"}
{"$message_type":"artifact","artifact":"/home/lewis/src/ad-law-scrape/athletic-rust-pipeline/target/debug/deps/libserde_tokenstream-b64b3835d44af0cb.rlib","emit":"link"}
{"$message_type":"artifact","artifact":"/home/lewis/src/ad-law-scrape/athletic-rust-pipeline/target/debug/deps/serde_urlencoded-cb10d9ec2305b8dd.d","emit":"dep-info"}
{"$message_type":"artifact","artifact":"/home/lewis/src/ad-law-scrape/athletic-rust-pipeline/target/debug/deps/libserde_urlencoded-cb10d9ec2305b8dd.rmeta","emit":"metadata"}
{"$message_type":"artifact","artifact":"/home/lewis/src/ad-law-scrape/athletic-rust-pipeline/target/debug/deps/bytes_utils-b0eeed150fca476e.d","emit":"dep-info"}
{"$message_type":"artifact","artifact":"/home/lewis/src/ad-law-scrape/athletic-rust-pipeline/target/debug/deps/libbytes_utils-b0eeed150fca476e.rmeta","emit":"metadata"}
{"$message_type":"artifact","artifact":"/home/lewis/src/ad-law-scrape/athletic-rust-pipeline/target/debug/deps/prost-132f485464a4a216.d","emit":"dep-info"}
{"$message_type":"artifact","artifact":"/home/lewis/src/ad-law-scrape/athletic-rust-pipeline/target/debug/deps/libprost-132f485464a4a216.rmeta","emit":"metadata"}
    Checking prost-types v0.14.4
    Checking opentelemetry-proto v0.32.0
{"$message_type":"artifact","artifact":"/home/lewis/src/ad-law-scrape/athletic-rust-pipeline/target/debug/deps/chromiumoxide_types-c2f2983965f2c43a.d","emit":"dep-info"}
{"$message_type":"artifact","artifact":"/home/lewis/src/ad-law-scrape/athletic-rust-pipeline/target/debug/deps/libchromiumoxide_types-c2f2983965f2c43a.rmeta","emit":"metadata"}
{"$message_type":"artifact","artifact":"/home/lewis/src/ad-law-scrape/athletic-rust-pipeline/target/debug/deps/http_body-c95e4e580a7062e5.d","emit":"dep-info"}
{"$message_type":"artifact","artifact":"/home/lewis/src/ad-law-scrape/athletic-rust-pipeline/target/debug/deps/libhttp_body-c95e4e580a7062e5.rmeta","emit":"metadata"}
{"$message_type":"artifact","artifact":"/home/lewis/src/ad-law-scrape/athletic-rust-pipeline/target/debug/deps/jsonptr-b98bb65d91fad40d.d","emit":"dep-info"}
{"$message_type":"artifact","artifact":"/home/lewis/src/ad-law-scrape/athletic-rust-pipeline/target/debug/deps/libjsonptr-b98bb65d91fad40d.rmeta","emit":"metadata"}
{"$message_type":"artifact","artifact":"/home/lewis/src/ad-law-scrape/athletic-rust-pipeline/target/debug/deps/libjsonptr-b98bb65d91fad40d.rlib","emit":"link"}
{"$message_type":"artifact","artifact":"/home/lewis/src/ad-law-scrape/athletic-rust-pipeline/target/debug/deps/url-8d84cc35a5aa1ff6.d","emit":"dep-info"}
{"$message_type":"artifact","artifact":"/home/lewis/src/ad-law-scrape/athletic-rust-pipeline/target/debug/deps/liburl-8d84cc35a5aa1ff6.rmeta","emit":"metadata"}
    Checking chromiumoxide_cdp v0.9.1 (/home/lewis/src/ad-law-scrape/athletic-rust-pipeline/vendor/chromiumoxide_cdp)
    Checking http-body-util v0.1.5
{"$message_type":"artifact","artifact":"/home/lewis/src/ad-law-scrape/athletic-rust-pipeline/target/debug/deps/tungstenite-7064e59a1edaf028.d","emit":"dep-info"}
{"$message_type":"artifact","artifact":"/home/lewis/src/ad-law-scrape/athletic-rust-pipeline/target/debug/deps/libtungstenite-7064e59a1edaf028.rmeta","emit":"metadata"}
{"$message_type":"artifact","artifact":"/home/lewis/src/ad-law-scrape/athletic-rust-pipeline/target/debug/deps/calamine-aca868c84aca19a7.d","emit":"dep-info"}
{"$message_type":"artifact","artifact":"/home/lewis/src/ad-law-scrape/athletic-rust-pipeline/target/debug/deps/libcalamine-aca868c84aca19a7.rmeta","emit":"metadata"}
{"$message_type":"artifact","artifact":"/home/lewis/src/ad-law-scrape/athletic-rust-pipeline/target/debug/deps/http_body_util-8386d28b03692a16.d","emit":"dep-info"}
{"$message_type":"artifact","artifact":"/home/lewis/src/ad-law-scrape/athletic-rust-pipeline/target/debug/deps/libhttp_body_util-8386d28b03692a16.rmeta","emit":"metadata"}
    Checking axum-core v0.5.6
{"$message_type":"artifact","artifact":"/home/lewis/src/ad-law-scrape/athletic-rust-pipeline/target/debug/deps/opentelemetry_proto-602346e75752e0d4.d","emit":"dep-info"}
{"$message_type":"artifact","artifact":"/home/lewis/src/ad-law-scrape/athletic-rust-pipeline/target/debug/deps/libopentelemetry_proto-602346e75752e0d4.rmeta","emit":"metadata"}
{"$message_type":"artifact","artifact":"/home/lewis/src/ad-law-scrape/athletic-rust-pipeline/target/debug/deps/prost_types-4cf93f20d79ab0fa.d","emit":"dep-info"}
{"$message_type":"artifact","artifact":"/home/lewis/src/ad-law-scrape/athletic-rust-pipeline/target/debug/deps/libprost_types-4cf93f20d79ab0fa.rmeta","emit":"metadata"}
{"$message_type":"artifact","artifact":"/home/lewis/src/ad-law-scrape/athletic-rust-pipeline/target/debug/deps/axum_core-d5e2dc0526a99c6d.d","emit":"dep-info"}
{"$message_type":"artifact","artifact":"/home/lewis/src/ad-law-scrape/athletic-rust-pipeline/target/debug/deps/libaxum_core-d5e2dc0526a99c6d.rmeta","emit":"metadata"}
{"$message_type":"artifact","artifact":"/home/lewis/src/ad-law-scrape/athletic-rust-pipeline/target/debug/deps/typify_impl-b06786dc8ada253f.d","emit":"dep-info"}
{"$message_type":"artifact","artifact":"/home/lewis/src/ad-law-scrape/athletic-rust-pipeline/target/debug/deps/libtypify_impl-b06786dc8ada253f.rmeta","emit":"metadata"}
{"$message_type":"artifact","artifact":"/home/lewis/src/ad-law-scrape/athletic-rust-pipeline/target/debug/deps/libtypify_impl-b06786dc8ada253f.rlib","emit":"link"}
   Compiling typify-macro v0.6.2
{"$message_type":"artifact","artifact":"/home/lewis/src/ad-law-scrape/athletic-rust-pipeline/target/debug/deps/typify_macro-9d82176dfb180d27.d","emit":"dep-info"}
{"$message_type":"artifact","artifact":"/home/lewis/src/ad-law-scrape/athletic-rust-pipeline/target/debug/deps/tokio-789cb8d59dd3b6cd.d","emit":"dep-info"}
{"$message_type":"artifact","artifact":"/home/lewis/src/ad-law-scrape/athletic-rust-pipeline/target/debug/deps/libtokio-789cb8d59dd3b6cd.rmeta","emit":"metadata"}
    Checking tokio-util v0.7.19
    Checking tokio-stream v0.1.19
    Checking async-tungstenite v0.32.1
{"$message_type":"artifact","artifact":"/home/lewis/src/ad-law-scrape/athletic-rust-pipeline/target/debug/deps/async_tungstenite-91eedf558677df43.d","emit":"dep-info"}
{"$message_type":"artifact","artifact":"/home/lewis/src/ad-law-scrape/athletic-rust-pipeline/target/debug/deps/libasync_tungstenite-91eedf558677df43.rmeta","emit":"metadata"}
{"$message_type":"artifact","artifact":"/home/lewis/src/ad-law-scrape/athletic-rust-pipeline/target/debug/deps/tokio_stream-a142b4c301e40ce4.d","emit":"dep-info"}
{"$message_type":"artifact","artifact":"/home/lewis/src/ad-law-scrape/athletic-rust-pipeline/target/debug/deps/libtokio_stream-a142b4c301e40ce4.rmeta","emit":"metadata"}
{"$message_type":"artifact","artifact":"/home/lewis/src/ad-law-scrape/athletic-rust-pipeline/target/debug/deps/tokio_util-9a38bce7a45711d9.d","emit":"dep-info"}
{"$message_type":"artifact","artifact":"/home/lewis/src/ad-law-scrape/athletic-rust-pipeline/target/debug/deps/libtokio_util-9a38bce7a45711d9.rmeta","emit":"metadata"}
    Checking h2 v0.4.19
    Checking tower v0.5.3
{"$message_type":"artifact","artifact":"/home/lewis/src/ad-law-scrape/athletic-rust-pipeline/target/debug/deps/libtypify_macro-9d82176dfb180d27.so","emit":"link"}
{"$message_type":"artifact","artifact":"/home/lewis/src/ad-law-scrape/athletic-rust-pipeline/target/debug/deps/tower-0d2e9f7816cfcaaa.d","emit":"dep-info"}
{"$message_type":"artifact","artifact":"/home/lewis/src/ad-law-scrape/athletic-rust-pipeline/target/debug/deps/libtower-0d2e9f7816cfcaaa.rmeta","emit":"metadata"}
    Checking tower-http v0.6.11
    Checking axum v0.8.9
{"$message_type":"artifact","artifact":"/home/lewis/src/ad-law-scrape/athletic-rust-pipeline/target/debug/deps/tower_http-580f15a6bba88682.d","emit":"dep-info"}
{"$message_type":"artifact","artifact":"/home/lewis/src/ad-law-scrape/athletic-rust-pipeline/target/debug/deps/libtower_http-580f15a6bba88682.rmeta","emit":"metadata"}
   Compiling typify v0.6.2
{"$message_type":"artifact","artifact":"/home/lewis/src/ad-law-scrape/athletic-rust-pipeline/target/debug/deps/typify-e53d29a294ce3b90.d","emit":"dep-info"}
{"$message_type":"artifact","artifact":"/home/lewis/src/ad-law-scrape/athletic-rust-pipeline/target/debug/deps/libtypify-e53d29a294ce3b90.rmeta","emit":"metadata"}
{"$message_type":"artifact","artifact":"/home/lewis/src/ad-law-scrape/athletic-rust-pipeline/target/debug/deps/libtypify-e53d29a294ce3b90.rlib","emit":"link"}
   Compiling restate-sdk v0.12.0
{"$message_type":"artifact","artifact":"/home/lewis/src/ad-law-scrape/athletic-rust-pipeline/target/debug/deps/h2-22eb5e7821aff41c.d","emit":"dep-info"}
{"$message_type":"artifact","artifact":"/home/lewis/src/ad-law-scrape/athletic-rust-pipeline/target/debug/deps/libh2-22eb5e7821aff41c.rmeta","emit":"metadata"}
    Checking hyper v1.11.0
{"$message_type":"artifact","artifact":"/home/lewis/src/ad-law-scrape/athletic-rust-pipeline/target/debug/build/restate-sdk-fbe312f8b3ee2e3b/build_script_build-fbe312f8b3ee2e3b.d","emit":"dep-info"}
{"$message_type":"artifact","artifact":"/home/lewis/src/ad-law-scrape/athletic-rust-pipeline/target/debug/deps/axum-77b8b9d2e4e9d8cf.d","emit":"dep-info"}
{"$message_type":"artifact","artifact":"/home/lewis/src/ad-law-scrape/athletic-rust-pipeline/target/debug/deps/libaxum-77b8b9d2e4e9d8cf.rmeta","emit":"metadata"}
{"$message_type":"artifact","artifact":"/home/lewis/src/ad-law-scrape/athletic-rust-pipeline/target/debug/deps/hyper-da65359f36239213.d","emit":"dep-info"}
{"$message_type":"artifact","artifact":"/home/lewis/src/ad-law-scrape/athletic-rust-pipeline/target/debug/deps/libhyper-da65359f36239213.rmeta","emit":"metadata"}
    Checking hyper-util v0.1.20
{"$message_type":"artifact","artifact":"/home/lewis/src/ad-law-scrape/athletic-rust-pipeline/target/debug/build/restate-sdk-fbe312f8b3ee2e3b/build_script_build-fbe312f8b3ee2e3b","emit":"link"}
{"$message_type":"artifact","artifact":"/home/lewis/src/ad-law-scrape/athletic-rust-pipeline/target/debug/deps/hyper_util-2d3d5bcdec56017a.d","emit":"dep-info"}
{"$message_type":"artifact","artifact":"/home/lewis/src/ad-law-scrape/athletic-rust-pipeline/target/debug/deps/libhyper_util-2d3d5bcdec56017a.rmeta","emit":"metadata"}
    Checking hyper-timeout v0.5.2
{"$message_type":"artifact","artifact":"/home/lewis/src/ad-law-scrape/athletic-rust-pipeline/target/debug/deps/hyper_timeout-e372b5a221d4b50f.d","emit":"dep-info"}
{"$message_type":"artifact","artifact":"/home/lewis/src/ad-law-scrape/athletic-rust-pipeline/target/debug/deps/libhyper_timeout-e372b5a221d4b50f.rmeta","emit":"metadata"}
    Checking tonic v0.14.6
{"$message_type":"artifact","artifact":"/home/lewis/src/ad-law-scrape/athletic-rust-pipeline/target/debug/deps/tonic-040e62ae8182af46.d","emit":"dep-info"}
{"$message_type":"artifact","artifact":"/home/lewis/src/ad-law-scrape/athletic-rust-pipeline/target/debug/deps/libtonic-040e62ae8182af46.rmeta","emit":"metadata"}
    Checking tonic-prost v0.14.6
{"$message_type":"artifact","artifact":"/home/lewis/src/ad-law-scrape/athletic-rust-pipeline/target/debug/deps/tonic_prost-d4c4887ee6bbc08d.d","emit":"dep-info"}
{"$message_type":"artifact","artifact":"/home/lewis/src/ad-law-scrape/athletic-rust-pipeline/target/debug/deps/libtonic_prost-d4c4887ee6bbc08d.rmeta","emit":"metadata"}
    Checking console-api v0.9.0
{"$message_type":"artifact","artifact":"/home/lewis/src/ad-law-scrape/athletic-rust-pipeline/target/debug/deps/console_api-3973c7a1b87fc083.d","emit":"dep-info"}
{"$message_type":"artifact","artifact":"/home/lewis/src/ad-law-scrape/athletic-rust-pipeline/target/debug/deps/libconsole_api-3973c7a1b87fc083.rmeta","emit":"metadata"}
    Checking console-subscriber v0.5.0
{"$message_type":"artifact","artifact":"/home/lewis/src/ad-law-scrape/athletic-rust-pipeline/target/debug/deps/console_subscriber-c8b6ab1077a8267d.d","emit":"dep-info"}
{"$message_type":"artifact","artifact":"/home/lewis/src/ad-law-scrape/athletic-rust-pipeline/target/debug/deps/libconsole_subscriber-c8b6ab1077a8267d.rmeta","emit":"metadata"}
{"$message_type":"artifact","artifact":"/home/lewis/src/ad-law-scrape/athletic-rust-pipeline/target/debug/deps/aws_lc_sys-2e70d44b664907bd.d","emit":"dep-info"}
{"$message_type":"artifact","artifact":"/home/lewis/src/ad-law-scrape/athletic-rust-pipeline/target/debug/deps/libaws_lc_sys-2e70d44b664907bd.rmeta","emit":"metadata"}
{"$message_type":"artifact","artifact":"/home/lewis/src/ad-law-scrape/athletic-rust-pipeline/target/debug/deps/aws_lc_rs-a62585d0d46b843b.d","emit":"dep-info"}
{"$message_type":"artifact","artifact":"/home/lewis/src/ad-law-scrape/athletic-rust-pipeline/target/debug/deps/libaws_lc_rs-a62585d0d46b843b.rmeta","emit":"metadata"}
    Checking rustls-webpki v0.103.15
    Checking jsonwebtoken v10.4.0
{"$message_type":"artifact","artifact":"/home/lewis/src/ad-law-scrape/athletic-rust-pipeline/target/debug/deps/webpki-9603aa179a3d6964.d","emit":"dep-info"}
{"$message_type":"artifact","artifact":"/home/lewis/src/ad-law-scrape/athletic-rust-pipeline/target/debug/deps/libwebpki-9603aa179a3d6964.rmeta","emit":"metadata"}
{"$message_type":"artifact","artifact":"/home/lewis/src/ad-law-scrape/athletic-rust-pipeline/target/debug/deps/jsonwebtoken-83d287508a02cc63.d","emit":"dep-info"}
{"$message_type":"artifact","artifact":"/home/lewis/src/ad-law-scrape/athletic-rust-pipeline/target/debug/deps/libjsonwebtoken-83d287508a02cc63.rmeta","emit":"metadata"}
    Checking restate-sdk-shared-core v7.0.3
{"$message_type":"artifact","artifact":"/home/lewis/src/ad-law-scrape/athletic-rust-pipeline/target/debug/deps/rustls-da4f5a95da0ba737.d","emit":"dep-info"}
{"$message_type":"artifact","artifact":"/home/lewis/src/ad-law-scrape/athletic-rust-pipeline/target/debug/deps/librustls-da4f5a95da0ba737.rmeta","emit":"metadata"}
    Checking tokio-rustls v0.26.4
    Checking rustls-platform-verifier v0.7.0
{"$message_type":"artifact","artifact":"/home/lewis/src/ad-law-scrape/athletic-rust-pipeline/target/debug/deps/rustls_platform_verifier-591ebfb920971ac4.d","emit":"dep-info"}
{"$message_type":"artifact","artifact":"/home/lewis/src/ad-law-scrape/athletic-rust-pipeline/target/debug/deps/librustls_platform_verifier-591ebfb920971ac4.rmeta","emit":"metadata"}
{"$message_type":"artifact","artifact":"/home/lewis/src/ad-law-scrape/athletic-rust-pipeline/target/debug/deps/tokio_rustls-796fbb3b40168c64.d","emit":"dep-info"}
{"$message_type":"artifact","artifact":"/home/lewis/src/ad-law-scrape/athletic-rust-pipeline/target/debug/deps/libtokio_rustls-796fbb3b40168c64.rmeta","emit":"metadata"}
    Checking hyper-rustls v0.27.9
{"$message_type":"artifact","artifact":"/home/lewis/src/ad-law-scrape/athletic-rust-pipeline/target/debug/deps/hyper_rustls-37943c93ab87b08d.d","emit":"dep-info"}
{"$message_type":"artifact","artifact":"/home/lewis/src/ad-law-scrape/athletic-rust-pipeline/target/debug/deps/libhyper_rustls-37943c93ab87b08d.rmeta","emit":"metadata"}
    Checking reqwest v0.13.4
{"$message_type":"artifact","artifact":"/home/lewis/src/ad-law-scrape/athletic-rust-pipeline/target/debug/deps/restate_sdk_shared_core-4447560bbb37245e.d","emit":"dep-info"}
{"$message_type":"artifact","artifact":"/home/lewis/src/ad-law-scrape/athletic-rust-pipeline/target/debug/deps/librestate_sdk_shared_core-4447560bbb37245e.rmeta","emit":"metadata"}
{"$message_type":"artifact","artifact":"/home/lewis/src/ad-law-scrape/athletic-rust-pipeline/target/debug/deps/reqwest-8a3bcd8be4bb16cb.d","emit":"dep-info"}
{"$message_type":"artifact","artifact":"/home/lewis/src/ad-law-scrape/athletic-rust-pipeline/target/debug/deps/libreqwest-8a3bcd8be4bb16cb.rmeta","emit":"metadata"}
    Checking opentelemetry-http v0.32.0
{"$message_type":"artifact","artifact":"/home/lewis/src/ad-law-scrape/athletic-rust-pipeline/target/debug/deps/opentelemetry_http-8c634a2a190be213.d","emit":"dep-info"}
{"$message_type":"artifact","artifact":"/home/lewis/src/ad-law-scrape/athletic-rust-pipeline/target/debug/deps/libopentelemetry_http-8c634a2a190be213.rmeta","emit":"metadata"}
    Checking opentelemetry-otlp v0.32.0
{"$message_type":"artifact","artifact":"/home/lewis/src/ad-law-scrape/athletic-rust-pipeline/target/debug/deps/opentelemetry_otlp-f59660f1b94479e5.d","emit":"dep-info"}
{"$message_type":"artifact","artifact":"/home/lewis/src/ad-law-scrape/athletic-rust-pipeline/target/debug/deps/libopentelemetry_otlp-f59660f1b94479e5.rmeta","emit":"metadata"}
{"$message_type":"artifact","artifact":"/home/lewis/src/ad-law-scrape/athletic-rust-pipeline/target/debug/deps/restate_sdk-3673ead8b9456b33.d","emit":"dep-info"}
{"$message_type":"artifact","artifact":"/home/lewis/src/ad-law-scrape/athletic-rust-pipeline/target/debug/deps/librestate_sdk-3673ead8b9456b33.rmeta","emit":"metadata"}
{"$message_type":"artifact","artifact":"/home/lewis/src/ad-law-scrape/athletic-rust-pipeline/target/debug/deps/chromiumoxide_cdp-7c8bcbb03885ec23.d","emit":"dep-info"}
{"$message_type":"artifact","artifact":"/home/lewis/src/ad-law-scrape/athletic-rust-pipeline/target/debug/deps/libchromiumoxide_cdp-7c8bcbb03885ec23.rmeta","emit":"metadata"}
    Checking chromiumoxide v0.9.1
{"$message_type":"artifact","artifact":"/home/lewis/src/ad-law-scrape/athletic-rust-pipeline/target/debug/deps/chromiumoxide-546fc99288103f8f.d","emit":"dep-info"}
{"$message_type":"artifact","artifact":"/home/lewis/src/ad-law-scrape/athletic-rust-pipeline/target/debug/deps/libchromiumoxide-546fc99288103f8f.rmeta","emit":"metadata"}
    Checking athletic-rust-pipeline v0.1.0 (/home/lewis/src/ad-law-scrape/athletic-rust-pipeline)
{"$message_type":"artifact","artifact":"/home/lewis/src/ad-law-scrape/athletic-rust-pipeline/target/debug/deps/athletic_rust_pipeline-90d452cf702fc624.d","emit":"dep-info"}
{"$message_type":"artifact","artifact":"/home/lewis/src/ad-law-scrape/athletic-rust-pipeline/target/debug/deps/libathletic_rust_pipeline-90d452cf702fc624.rmeta","emit":"metadata"}
{"$message_type":"artifact","artifact":"/home/lewis/src/ad-law-scrape/athletic-rust-pipeline/target/debug/deps/athletic_rust_pipeline-815707beb874a836.d","emit":"dep-info"}
{"$message_type":"artifact","artifact":"/home/lewis/src/ad-law-scrape/athletic-rust-pipeline/target/debug/deps/libathletic_rust_pipeline-815707beb874a836.rmeta","emit":"metadata"}
    Finished `dev` profile [unoptimized + debuginfo] target(s) in 1m 17s
Failed to parse file: /cache/cargo-shared/registry/src/index.crates.io-1949cf8c6b5b557f/signal-hook-registry-1.4.8/src/lib.rs, Syn(Error("expected `;`"), "/cache/cargo-shared/registry/src/index.crates.io-1949cf8c6b5b557f/signal-hook-registry-1.4.8/src/lib.rs") 
Failed to parse file: /home/lewis/src/ad-law-scrape/athletic-rust-pipeline/target/debug/build/selectors-291d799a3d04f5b7/out/ascii_case_insensitive_html_attributes.rs, Syn(Error("expected one of: `fn`, `extern`, `use`, `static`, `const`, `unsafe`, `mod`, `type`, `struct`, `enum`, `union`, `trait`, `auto`, `impl`, `default`, `macro`, identifier, `self`, `super`, `crate`, `::`"), "/home/lewis/src/ad-law-scrape/athletic-rust-pipeline/target/debug/build/selectors-291d799a3d04f5b7/out/ascii_case_insensitive_html_attributes.rs") 
Failed to parse file: /cache/cargo-shared/registry/src/index.crates.io-1949cf8c6b5b557f/aws-lc-rs-1.18.0/util/process-criterion-csv.rs, Syn(Error("expected one of: `fn`, `extern`, `use`, `static`, `const`, `unsafe`, `mod`, `type`, `struct`, `enum`, `union`, `trait`, `auto`, `impl`, `default`, `macro`, identifier, `self`, `super`, `crate`, `::`"), "/cache/cargo-shared/registry/src/index.crates.io-1949cf8c6b5b557f/aws-lc-rs-1.18.0/util/process-criterion-csv.rs") 
Failed to parse file: /home/lewis/src/ad-law-scrape/athletic-rust-pipeline/target/debug/build/selectors-fc643b46c09522fd/out/ascii_case_insensitive_html_attributes.rs, Syn(Error("expected one of: `fn`, `extern`, `use`, `static`, `const`, `unsafe`, `mod`, `type`, `struct`, `enum`, `union`, `trait`, `auto`, `impl`, `default`, `macro`, identifier, `self`, `super`, `crate`, `::`"), "/home/lewis/src/ad-law-scrape/athletic-rust-pipeline/target/debug/build/selectors-fc643b46c09522fd/out/ascii_case_insensitive_html_attributes.rs") 
Failed to parse file: /home/lewis/src/ad-law-scrape/athletic-rust-pipeline/target/release/build/selectors-fb2f0cd520d548dc/out/ascii_case_insensitive_html_attributes.rs, Syn(Error("expected one of: `fn`, `extern`, `use`, `static`, `const`, `unsafe`, `mod`, `type`, `struct`, `enum`, `union`, `trait`, `auto`, `impl`, `default`, `macro`, identifier, `self`, `super`, `crate`, `::`"), "/home/lewis/src/ad-law-scrape/athletic-rust-pipeline/target/release/build/selectors-fb2f0cd520d548dc/out/ascii_case_insensitive_html_attributes.rs") 
Failed to parse file: /cache/cargo-shared/registry/src/index.crates.io-1949cf8c6b5b557f/pin-project-1.1.13/tests/ui/pinned_drop/invalid-self.rs, Syn(Error("expected `,`"), "/cache/cargo-shared/registry/src/index.crates.io-1949cf8c6b5b557f/pin-project-1.1.13/tests/ui/pinned_drop/invalid-self.rs") 
    Scanning done
--- geiger: PASS

=== feature powerset ===
info: running `cargo check` on census-domain (1/20)
    Blocking waiting for file lock on build directory
    Checking typenum v1.20.1
   Compiling serde_core v1.0.229
   Compiling serde v1.0.229
   Compiling syn v3.0.4
    Checking generic-array v0.14.7
   Compiling serde_derive v1.0.229
   Compiling thiserror-impl v2.0.20
    Checking block-buffer v0.10.4
    Checking crypto-common v0.1.7
    Checking digest v0.10.7
    Checking sha2 v0.10.9
    Checking thiserror v2.0.20
    Checking census-domain v0.1.0 (/home/lewis/src/ad-law-scrape/athletic-rust-pipeline/crates/census-domain)
    Finished `dev` profile [unoptimized + debuginfo] target(s) in 6.40s

info: running `cargo check --no-default-features` on midwest-census (2/20)
    Checking bytes v1.12.1
    Checking stable_deref_trait v1.2.1
   Compiling serde_core v1.0.229
   Compiling serde v1.0.229
    Checking hashbrown v0.17.1
   Compiling syn v3.0.4
    Checking foldhash v0.2.0
   Compiling num-traits v0.2.19
    Checking flate2 v1.1.9
    Checking csv-core v0.1.13
    Checking iana-time-zone v0.1.65
    Checking yoke v0.8.3
    Checking hashbrown v0.16.1
    Checking http v1.5.0
    Checking bytes-utils v0.1.4
    Checking prost v0.14.4
    Checking indexmap v2.14.0
    Checking quick_cache v0.6.24
    Checking regress v0.10.5
    Checking http-body v1.1.0
    Checking lsm-tree v3.1.10
    Checking http-body-util v0.1.5
    Checking zip v8.6.0
    Checking rust_xlsxwriter v0.99.1
   Compiling serde_derive v1.0.229
   Compiling zerovec-derive v0.11.6
   Compiling displaydoc v0.2.7
   Compiling tokio-macros v2.7.2
   Compiling thiserror-impl v2.0.20
   Compiling futures-macro v0.3.34
   Compiling clap_derive v4.6.4
    Checking fjall v3.1.10
    Checking serde_json v1.0.151
    Checking csv v1.4.0
    Checking tokio v1.53.1
    Checking zerotrie v0.2.5
    Checking futures-util v0.3.34
    Checking zerovec v0.11.8
   Compiling thiserror v2.0.20
    Checking tinystr v0.8.4
    Checking potential_utf v0.1.6
    Checking icu_collections v2.3.0
    Checking icu_locale_core v2.3.0
    Checking futures-executor v0.3.34
    Checking icu_provider v2.3.1
    Checking futures v0.3.34
    Checking icu_properties v2.3.0
    Checking icu_normalizer v2.3.0
    Checking tokio-util v0.7.19
    Checking tower v0.5.3
    Checking tokio-rustls v0.26.4
    Checking h2 v0.4.19
    Checking clap v4.6.6
    Checking idna_adapter v1.2.2
    Checking idna v1.1.0
    Checking hyper v1.11.0
    Checking hyper-util v0.1.20
    Checking hyper-rustls v0.27.9
    Checking url v2.5.8
    Checking jsonwebtoken v10.4.0
    Checking serde_urlencoded v0.7.1
    Checking census-domain v0.1.0 (/home/lewis/src/ad-law-scrape/athletic-rust-pipeline/crates/census-domain)
    Checking chrono v0.4.45
   Compiling schemars v0.8.22
   Compiling serde_tokenstream v0.2.3
   Compiling jsonptr v0.7.1
    Checking tower-http v0.6.11
    Checking restate-sdk-shared-core v7.0.3
   Compiling typify-impl v0.6.2
    Checking reqwest v0.13.4
   Compiling typify-macro v0.6.2
   Compiling typify v0.6.2
   Compiling restate-sdk v0.12.0
    Checking midwest-census v0.1.0 (/home/lewis/src/ad-law-scrape/athletic-rust-pipeline/crates/midwest-census)
    Finished `dev` profile [unoptimized + debuginfo] target(s) in 5.58s

info: running `cargo check --no-default-features --features loom` on midwest-census (3/20)
   Compiling generator v0.8.10
    Checking scoped-tls v1.0.1
    Checking loom v0.7.2
    Checking midwest-census v0.1.0 (/home/lewis/src/ad-law-scrape/athletic-rust-pipeline/crates/midwest-census)
    Finished `dev` profile [unoptimized + debuginfo] target(s) in 4.08s

info: running `cargo check` on xtask (4/20)
    Checking memchr v2.8.3
   Compiling serde_core v1.0.229
   Compiling syn v3.0.4
    Checking aho-corasick v1.1.5
    Checking regex-automata v0.4.18
   Compiling clap_derive v4.6.4
    Checking serde_json v1.0.151
    Checking regex v1.13.1
    Checking clap v4.6.6
    Checking xtask v0.1.0 (/home/lewis/src/ad-law-scrape/athletic-rust-pipeline/xtask)
    Finished `dev` profile [unoptimized + debuginfo] target(s) in 0.82s

info: running `cargo check --no-default-features` on athletic-rust-pipeline (5/20)
   Compiling serde_core v1.0.229
    Checking futures-util v0.3.34
    Checking zip v8.6.0
    Checking zerovec v0.11.8
    Checking zerotrie v0.2.5
    Checking lol_html v2.9.0
    Checking tinystr v0.8.4
    Checking potential_utf v0.1.6
    Checking rust_xlsxwriter v0.99.1
    Checking icu_collections v2.3.0
    Checking icu_locale_core v2.3.0
   Compiling serde v1.0.229
   Compiling serde_json v1.0.151
   Compiling semver v1.0.28
    Checking serde_spanned v1.1.1
    Checking toml_datetime v0.7.5+spec-1.1.0
    Checking uuid v1.26.0
    Checking icu_provider v2.3.1
    Checking toml v0.9.12+spec-1.1.0
   Compiling serde_tokenstream v0.2.3
    Checking bytes v1.12.1
    Checking serde_urlencoded v0.7.1
    Checking calamine v0.36.1
    Checking icu_normalizer v2.3.0
    Checking icu_properties v2.3.0
    Checking jsonwebtoken v10.4.0
    Checking chromiumoxide_types v0.9.1
   Compiling schemars v0.8.22
   Compiling jsonptr v0.7.1
    Checking http v1.5.0
    Checking tokio v1.53.1
    Checking bytes-utils v0.1.4
    Checking prost v0.14.4
    Checking futures-executor v0.3.34
    Checking chromiumoxide_cdp v0.9.1 (/home/lewis/src/ad-law-scrape/athletic-rust-pipeline/vendor/chromiumoxide_cdp)
    Checking futures v0.3.34
    Checking idna_adapter v1.2.2
   Compiling typify-impl v0.6.2
    Checking idna v1.1.0
    Checking http-body v1.1.0
    Checking tungstenite v0.28.0
    Checking restate-sdk-shared-core v7.0.3
    Checking http-body-util v0.1.5
    Checking url v2.5.8
   Compiling typify-macro v0.6.2
    Checking tokio-util v0.7.19
    Checking tokio-rustls v0.26.4
    Checking tower v0.5.3
    Checking async-tungstenite v0.32.1
    Checking tower-http v0.6.11
    Checking h2 v0.4.19
   Compiling typify v0.6.2
   Compiling restate-sdk v0.12.0
    Checking hyper v1.11.0
    Checking hyper-util v0.1.20
    Checking hyper-rustls v0.27.9
    Checking reqwest v0.13.4
    Checking chromiumoxide v0.9.1
    Checking athletic-rust-pipeline v0.1.0 (/home/lewis/src/ad-law-scrape/athletic-rust-pipeline)
    Finished `dev` profile [unoptimized + debuginfo] target(s) in 30.29s

info: running `cargo check --no-default-features --features default,fuzzing,otlp,tokio-console` on athletic-rust-pipeline (6/20)
    Checking athletic-rust-pipeline v0.1.0 (/home/lewis/src/ad-law-scrape/athletic-rust-pipeline)
    Finished `dev` profile [unoptimized + debuginfo] target(s) in 7.09s

info: running `cargo check --no-default-features --features default` on athletic-rust-pipeline (7/20)
    Checking athletic-rust-pipeline v0.1.0 (/home/lewis/src/ad-law-scrape/athletic-rust-pipeline)
    Finished `dev` profile [unoptimized + debuginfo] target(s) in 8.17s

info: running `cargo check --no-default-features --features fuzzing` on athletic-rust-pipeline (8/20)
    Checking athletic-rust-pipeline v0.1.0 (/home/lewis/src/ad-law-scrape/athletic-rust-pipeline)
    Finished `dev` profile [unoptimized + debuginfo] target(s) in 6.13s

info: running `cargo check --no-default-features --features default,fuzzing` on athletic-rust-pipeline (9/20)
    Checking athletic-rust-pipeline v0.1.0 (/home/lewis/src/ad-law-scrape/athletic-rust-pipeline)
    Finished `dev` profile [unoptimized + debuginfo] target(s) in 6.27s

info: running `cargo check --no-default-features --features otlp` on athletic-rust-pipeline (10/20)
    Checking serde v1.0.229
    Checking bytes v1.12.1
    Checking url v2.5.8
    Checking serde_urlencoded v0.7.1
    Checking jsonwebtoken v10.4.0
    Checking chromiumoxide_types v0.9.1
    Checking calamine v0.36.1
   Compiling schemars v0.8.22
   Compiling serde_tokenstream v0.2.3
   Compiling jsonptr v0.7.1
    Checking chromiumoxide_cdp v0.9.1 (/home/lewis/src/ad-law-scrape/athletic-rust-pipeline/vendor/chromiumoxide_cdp)
    Checking http v1.5.0
    Checking tokio v1.53.1
    Checking prost v0.14.4
    Checking bytes-utils v0.1.4
   Compiling typify-impl v0.6.2
    Checking opentelemetry-proto v0.32.0
    Checking http-body v1.1.0
    Checking tungstenite v0.28.0
    Checking restate-sdk-shared-core v7.0.3
    Checking http-body-util v0.1.5
   Compiling typify-macro v0.6.2
    Checking tokio-util v0.7.19
    Checking tokio-rustls v0.26.4
    Checking tower v0.5.3
    Checking async-tungstenite v0.32.1
    Checking tower-http v0.6.11
    Checking h2 v0.4.19
   Compiling typify v0.6.2
   Compiling restate-sdk v0.12.0
    Checking hyper v1.11.0
    Checking hyper-util v0.1.20
    Checking hyper-rustls v0.27.9
    Checking reqwest v0.13.4
    Checking opentelemetry-http v0.32.0
    Checking opentelemetry-otlp v0.32.0
    Checking chromiumoxide v0.9.1
    Checking athletic-rust-pipeline v0.1.0 (/home/lewis/src/ad-law-scrape/athletic-rust-pipeline)
    Finished `dev` profile [unoptimized + debuginfo] target(s) in 25.12s

info: running `cargo check --no-default-features --features default,otlp` on athletic-rust-pipeline (11/20)
    Blocking waiting for file lock on build directory
    Checking athletic-rust-pipeline v0.1.0 (/home/lewis/src/ad-law-scrape/athletic-rust-pipeline)
    Finished `dev` profile [unoptimized + debuginfo] target(s) in 19.31s

info: running `cargo check --no-default-features --features fuzzing,otlp` on athletic-rust-pipeline (12/20)
    Checking athletic-rust-pipeline v0.1.0 (/home/lewis/src/ad-law-scrape/athletic-rust-pipeline)
    Finished `dev` profile [unoptimized + debuginfo] target(s) in 6.27s

info: running `cargo check --no-default-features --features default,fuzzing,otlp` on athletic-rust-pipeline (13/20)
    Checking athletic-rust-pipeline v0.1.0 (/home/lewis/src/ad-law-scrape/athletic-rust-pipeline)
    Finished `dev` profile [unoptimized + debuginfo] target(s) in 5.64s

info: running `cargo check --no-default-features --features tokio-console` on athletic-rust-pipeline (14/20)
    Blocking waiting for file lock on build directory
    Checking futures-executor v0.3.34
    Checking reqwest v0.13.4
    Checking futures v0.3.34
    Checking chromiumoxide v0.9.1
    Checking restate-sdk v0.12.0
    Checking athletic-rust-pipeline v0.1.0 (/home/lewis/src/ad-law-scrape/athletic-rust-pipeline)
    Finished `dev` profile [unoptimized + debuginfo] target(s) in 6.57s

info: running `cargo check --no-default-features --features default,tokio-console` on athletic-rust-pipeline (15/20)
    Blocking waiting for file lock on package cache
    Blocking waiting for file lock on package cache
    Blocking waiting for file lock on package cache
    Checking athletic-rust-pipeline v0.1.0 (/home/lewis/src/ad-law-scrape/athletic-rust-pipeline)
    Finished `dev` profile [unoptimized + debuginfo] target(s) in 5.80s

info: running `cargo check --no-default-features --features fuzzing,tokio-console` on athletic-rust-pipeline (16/20)
    Blocking waiting for file lock on build directory
    Checking athletic-rust-pipeline v0.1.0 (/home/lewis/src/ad-law-scrape/athletic-rust-pipeline)
    Finished `dev` profile [unoptimized + debuginfo] target(s) in 18.32s

info: running `cargo check --no-default-features --features default,fuzzing,tokio-console` on athletic-rust-pipeline (17/20)
    Checking athletic-rust-pipeline v0.1.0 (/home/lewis/src/ad-law-scrape/athletic-rust-pipeline)
    Finished `dev` profile [unoptimized + debuginfo] target(s) in 5.58s

info: running `cargo check --no-default-features --features otlp,tokio-console` on athletic-rust-pipeline (18/20)
    Checking athletic-rust-pipeline v0.1.0 (/home/lewis/src/ad-law-scrape/athletic-rust-pipeline)
    Finished `dev` profile [unoptimized + debuginfo] target(s) in 5.64s

info: running `cargo check --no-default-features --features default,otlp,tokio-console` on athletic-rust-pipeline (19/20)
    Finished `dev` profile [unoptimized + debuginfo] target(s) in 0.09s

info: running `cargo check --no-default-features --features fuzzing,otlp,tokio-console` on athletic-rust-pipeline (20/20)
    Finished `dev` profile [unoptimized + debuginfo] target(s) in 0.09s
--- feature powerset: PASS

=== bench presence ===
    Finished `bench` profile [optimized] target(s) in 0.09s
  Executable benches src/lib.rs (target/release/deps/athletic_rust_pipeline-784f8675d8a18ad0)
  Executable benches src/main.rs (target/release/deps/athletic_rust_pipeline-fc51ee240c610475)
  Executable benches/artifact_store.rs (target/release/deps/artifact_store-3d09700663d8bef4)
  Executable benches/blocking_fanout.rs (target/release/deps/blocking_fanout-6109119c501e5210)
  Executable benches/workbook_export.rs (target/release/deps/workbook_export-a607180e43bf0762)
  Executable benches src/lib.rs (target/release/deps/census_domain-1813787826094690)
  Executable benches src/lib.rs (target/release/deps/midwest_census-2ffa287505b432f4)
  Executable benches src/main.rs (target/release/deps/midwest_census-8070f82d4676ff77)
  Executable benches src/bin/midwest-serve.rs (target/release/deps/midwest_serve-54179a22812a12f3)
  Executable benches/core.rs (target/release/deps/core-10a1fff04ec8d6a2)
  Executable benches/pipeline.rs (target/release/deps/pipeline-140ae7b6bb1242c9)
  Executable benches src/main.rs (target/release/deps/xtask-1887089370a2fdee)
--- bench presence: PASS

================ summary ================
gate: PASS (debt ratchet holds; counts above)
