
*** baseline

*** /home/lewis/.rustup/toolchains/nightly-2026-04-27-x86_64-unknown-linux-gnu/bin/cargo test --no-run --verbose --package=athleticnet-browser@0.1.0 --package=census-crawl@0.1.0 --package=census-domain@0.1.0 --package=census-reconcile@0.1.0 --package=census-report@0.1.0 --package=census-review@0.1.0 --package=census-service@0.1.0 --package=census-store@0.1.0 --package=xtask@0.1.0
       Fresh unicode-ident v1.0.24
       Fresh cfg-if v1.0.4
       Fresh itoa v1.0.18
       Fresh shlex v2.0.1
       Fresh find-msvc-tools v0.1.11
       Fresh once_cell v1.21.4
       Fresh equivalent v1.0.2
       Fresh pin-project-lite v0.2.17
       Fresh stable_deref_trait v1.2.1
       Fresh typenum v1.20.1
       Fresh smallvec v1.15.2
       Fresh version_check v0.9.5
       Fresh litemap v0.8.3
       Fresh writeable v0.6.4
       Fresh utf8_iter v1.0.4
       Fresh percent-encoding v2.3.2
       Fresh bitflags v2.13.1
       Fresh cpufeatures v0.2.17
       Fresh futures-core v0.3.34
       Fresh allocator-api2 v0.2.21
       Fresh pkg-config v0.3.34
       Fresh proc-macro2 v1.0.107
       Fresh tracing-core v0.1.36
       Fresh form_urlencoded v1.2.2
       Fresh dunce v1.0.5
       Fresh foldhash v0.2.0
       Fresh fs_extra v1.3.0
       Fresh autocfg v1.5.1
       Fresh futures-sink v0.3.34
       Fresh ryu v1.0.23
       Fresh slab v0.4.12
       Fresh futures-task v0.3.34
       Fresh futures-io v0.3.34
       Fresh hashbrown v0.17.1
       Fresh untrusted v0.7.1
       Fresh linux-raw-sys v0.12.1
       Fresh fastrand v2.5.0
       Fresh scopeguard v1.2.0
       Fresh quote v1.0.47
       Fresh libc v0.2.189
       Fresh zmij v1.0.23
       Fresh icu_properties_data v2.3.0
       Fresh icu_normalizer_data v2.3.0
       Fresh hashbrown v0.16.1
       Fresh futures-channel v0.3.34
   Compiling num-traits v0.2.19
       Fresh fnv v1.0.7
       Fresh lock_api v0.4.14
       Fresh iana-time-zone v0.1.65
       Fresh arrayvec v0.7.6
       Fresh atomic-waker v1.1.2
       Fresh untrusted v0.9.0
       Fresh xxhash-rust v0.8.18
       Fresh tower-service v0.3.3
       Fresh try-lock v0.2.5
       Fresh byteorder-lite v0.1.0
       Fresh compare v0.0.6
       Fresh subtle v2.6.1
       Fresh base64 v0.22.1
       Fresh twox-hash v2.1.4
       Fresh encoding_rs v0.8.35
     Running `sccache /home/lewis/.rustup/toolchains/nightly-2026-04-27-x86_64-unknown-linux-gnu/bin/rustc --crate-name build_script_build --edition=2021 /cache/cargo-shared/registry/src/index.crates.io-1949cf8c6b5b557f/num-traits-0.2.19/build.rs --error-format=json --json=diagnostic-rendered-ansi,artifacts,future-incompat --crate-type bin --emit=dep-info,link -C embed-bitcode=no --cfg 'feature="default"' --cfg 'feature="i128"' --cfg 'feature="std"' --check-cfg 'cfg(docsrs,test)' --check-cfg 'cfg(feature, values("default", "i128", "libm", "std"))' -C metadata=5ccdba8dff574314 -C extra-filename=-e7bda69eff8717e7 --out-dir /home/lewis/src/ad-law-scrape/athletic-rust-pipeline/target/debug/build/num-traits-e7bda69eff8717e7 -L dependency=/home/lewis/src/ad-law-scrape/athletic-rust-pipeline/target/debug/deps --extern autocfg=/home/lewis/src/ad-law-scrape/athletic-rust-pipeline/target/debug/deps/libautocfg-619a2795df52d023.rlib --cap-lints allow`
       Fresh syn v2.0.119
       Fresh syn v3.0.4
       Fresh jobserver v0.1.35
       Fresh errno v0.3.14
       Fresh mio v1.2.2
       Fresh socket2 v0.6.5
       Fresh generic-array v0.14.7
       Fresh crossbeam-utils v0.8.22
       Fresh getrandom v0.4.3
       Fresh indexmap v2.14.0
       Fresh rustix v1.1.4
       Fresh httparse v1.10.1
       Fresh want v0.3.1
       Fresh sfa v1.0.0
       Fresh quick_cache v0.6.24
       Fresh spin v0.9.9
       Fresh interval-heap v0.0.5
       Fresh lz4_flex v0.13.1
       Fresh varint-rs v2.2.1
       Fresh self_cell v1.3.0
       Fresh regex-syntax v0.8.11
       Fresh httpdate v1.0.3
       Fresh hashbrown v0.14.5
       Fresh rustc-hash v2.1.3
       Fresh byteview v0.10.2
       Fresh csv-core v0.1.13
       Fresh aho-corasick v1.1.5
       Fresh sync_wrapper v1.0.2
       Fresh serde_derive v1.0.229
       Fresh cc v1.4.4
       Fresh synstructure v0.13.2
       Fresh zerovec-derive v0.11.6
       Fresh displaydoc v0.2.7
       Fresh thiserror-impl v2.0.20
       Fresh tokio-macros v2.7.2
       Fresh signal-hook-registry v1.4.8
       Fresh tracing-attributes v0.1.31
       Fresh crypto-common v0.1.7
       Fresh block-buffer v0.10.4
       Fresh futures-macro v0.3.34
       Fresh zeroize_derive v1.5.0
       Fresh crossbeam-epoch v0.9.20
       Fresh tempfile v3.27.0
       Fresh enum_dispatch v0.3.13
       Fresh parking_lot_core v0.9.12
       Fresh flume v0.12.0
       Fresh ipnet v2.12.1
       Fresh openssl-probe v0.2.1
       Fresh tower-layer v0.3.3
       Fresh regex-automata v0.4.18
       Fresh csv v1.4.0
       Fresh heck v0.5.0
       Fresh mime v0.3.17
   Compiling either v1.18.0
       Fresh memchr v2.8.3
       Fresh serde_derive_internals v0.29.1
       Fresh zerofrom-derive v0.1.7
       Fresh yoke-derive v0.8.2
       Fresh thiserror v2.0.20
       Fresh tracing v0.1.44
       Fresh digest v0.10.7
       Fresh cmake v0.1.58
       Fresh futures-util v0.3.34
       Fresh zeroize v1.9.0
       Fresh crossbeam-skiplist v0.1.3
       Fresh dashmap v6.2.1
       Fresh serde_core v1.0.229
   Compiling zerocopy v0.8.56
       Fresh schemars_derive v0.8.22
   Compiling zerocopy-derive v0.8.56
       Fresh dyn-clone v1.0.20
       Fresh regress v0.11.1
       Fresh hybrid-array v0.4.15
       Fresh log v0.4.34
       Fresh const-oid v0.10.2
       Fresh strum_macros v0.27.2
       Fresh jiff-core v0.1.1
       Fresh signature v2.2.0
       Fresh cpufeatures v0.3.0
       Fresh bs58 v0.5.1
     Running `sccache /home/lewis/.rustup/toolchains/nightly-2026-04-27-x86_64-unknown-linux-gnu/bin/rustc --crate-name either --edition=2021 /cache/cargo-shared/registry/src/index.crates.io-1949cf8c6b5b557f/either-1.18.0/src/lib.rs --error-format=json --json=diagnostic-rendered-ansi,artifacts,future-incompat --crate-type lib --emit=dep-info,metadata,link -C embed-bitcode=no -C debuginfo=2 --cfg 'feature="std"' --cfg 'feature="use_std"' --check-cfg 'cfg(docsrs,test)' --check-cfg 'cfg(feature, values("default", "serde", "std", "use_std"))' -C metadata=1d830bb97a6ea114 -C extra-filename=-2991a5d5fba9a961 --out-dir /home/lewis/src/ad-law-scrape/athletic-rust-pipeline/target/debug/deps -L dependency=/home/lewis/src/ad-law-scrape/athletic-rust-pipeline/target/debug/deps --cap-lints allow`
     Running `sccache /home/lewis/.rustup/toolchains/nightly-2026-04-27-x86_64-unknown-linux-gnu/bin/rustc --crate-name build_script_build --edition=2021 /cache/cargo-shared/registry/src/index.crates.io-1949cf8c6b5b557f/zerocopy-0.8.56/build.rs --error-format=json --json=diagnostic-rendered-ansi,artifacts,future-incompat --crate-type bin --emit=dep-info,link -C embed-bitcode=no --cfg 'feature="derive"' --cfg 'feature="simd"' --cfg 'feature="zerocopy-derive"' --check-cfg 'cfg(docsrs,test)' --check-cfg 'cfg(feature, values("__internal_use_only_features_that_work_on_stable", "alloc", "derive", "float-nightly", "simd", "simd-nightly", "std", "zerocopy-derive"))' -C metadata=0e7aa20461f314a6 -C extra-filename=-a5eb8c2438f7d48e --out-dir /home/lewis/src/ad-law-scrape/athletic-rust-pipeline/target/debug/build/zerocopy-a5eb8c2438f7d48e -L dependency=/home/lewis/src/ad-law-scrape/athletic-rust-pipeline/target/debug/deps --cap-lints allow`
     Running `sccache /home/lewis/.rustup/toolchains/nightly-2026-04-27-x86_64-unknown-linux-gnu/bin/rustc --crate-name zerocopy_derive --edition=2021 /cache/cargo-shared/registry/src/index.crates.io-1949cf8c6b5b557f/zerocopy-derive-0.8.56/src/lib.rs --error-format=json --json=diagnostic-rendered-ansi,artifacts,future-incompat --crate-type proc-macro --emit=dep-info,link -C prefer-dynamic -C embed-bitcode=no --warn=unexpected_cfgs --check-cfg 'cfg(__ZEROCOPY_INTERNAL_USE_ONLY_NIGHTLY_FEATURES_IN_TESTS)' --check-cfg 'cfg(zerocopy_derive_union_into_bytes)' --check-cfg 'cfg(zerocopy_unstable_linux)' --check-cfg 'cfg(docsrs,test)' --check-cfg 'cfg(feature, values())' -C metadata=6c99959259ccbaca -C extra-filename=-096bfde4e6696f1e --out-dir /home/lewis/src/ad-law-scrape/athletic-rust-pipeline/target/debug/deps -L dependency=/home/lewis/src/ad-law-scrape/athletic-rust-pipeline/target/debug/deps --extern proc_macro2=/home/lewis/src/ad-law-scrape/athletic-rust-pipeline/target/debug/deps/libproc_macro2-2b2194920a5468b1.rlib --extern quote=/home/lewis/src/ad-law-scrape/athletic-rust-pipeline/target/debug/deps/libquote-0bcde1b4210ee1aa.rlib --extern syn=/home/lewis/src/ad-law-scrape/athletic-rust-pipeline/target/debug/deps/libsyn-6a4614a74b5a3fec.rlib --extern proc_macro --cap-lints allow`
       Fresh bytes v1.12.1
       Fresh zerofrom v0.1.8
       Fresh rustls-pki-types v1.15.1
       Fresh sha2 v0.10.9
       Fresh lsm-tree v3.1.10
       Fresh futures-executor v0.3.34
       Fresh serde_urlencoded v0.7.1
       Fresh serde v1.0.229
       Fresh anyhow v1.0.104
       Fresh serde_json v1.0.151
       Fresh rustversion v1.0.23
       Fresh semver v1.0.28
       Fresh block-buffer v0.12.1
       Fresh crypto-common v0.2.2
       Fresh strum v0.27.2
       Fresh jiff v0.2.37
       Fresh pastey v0.2.3
       Fresh regex v1.13.1
       Fresh regress v0.10.5
       Fresh lazy_static v1.5.0
       Fresh matchers v0.2.0
       Fresh tracing-log v0.2.0
       Fresh thread_local v1.1.10
       Fresh zlib-rs v0.6.8
       Fresh yoke v0.8.3
   Compiling tokio v1.53.1
       Fresh http v1.5.0
       Fresh rustls-native-certs v0.8.4
       Fresh fjall v3.1.10
       Fresh futures v0.3.34
       Fresh schemars v0.8.22
       Fresh serde_tokenstream v0.2.3
       Fresh digest v0.11.3
       Fresh jsonptr v0.7.1
       Fresh getrandom v0.3.4
       Fresh prettyplease v0.2.37
       Fresh restate-sdk-macros v0.12.0
       Fresh sharded-slab v0.1.7
       Fresh bumpalo v3.20.3
       Fresh simd-adler32 v0.3.10
       Fresh nu-ansi-term v0.50.3
       Fresh flate2 v1.1.9
       Fresh typed-path v0.12.3
       Fresh sha1 v0.10.7
       Fresh utf-8 v0.7.6
       Fresh data-encoding v2.11.1
       Fresh debug_unsafe v0.1.4
       Fresh chromiumoxide_types v0.9.1
       Fresh codepage v0.1.3
       Fresh quick-xml v0.41.0
       Fresh fast-float2 v0.2.4
     Running `sccache /home/lewis/.rustup/toolchains/nightly-2026-04-27-x86_64-unknown-linux-gnu/bin/rustc --crate-name tokio --edition=2021 /cache/cargo-shared/registry/src/index.crates.io-1949cf8c6b5b557f/tokio-1.53.1/src/lib.rs --error-format=json --json=diagnostic-rendered-ansi,artifacts,future-incompat --crate-type lib --emit=dep-info,metadata,link -C embed-bitcode=no -C debuginfo=2 --warn=unexpected_cfgs --check-cfg 'cfg(fuzzing)' --check-cfg 'cfg(loom)' --check-cfg 'cfg(mio_unsupported_force_poll_poll)' --check-cfg 'cfg(tokio_allow_from_blocking_fd)' --check-cfg 'cfg(tokio_internal_mt_counters)' --check-cfg 'cfg(tokio_no_parking_lot)' --check-cfg 'cfg(tokio_no_tuning_tests)' --check-cfg 'cfg(tokio_unstable)' --check-cfg 'cfg(target_os, values("cygwin"))' --cfg 'feature="bytes"' --cfg 'feature="default"' --cfg 'feature="fs"' --cfg 'feature="io-util"' --cfg 'feature="libc"' --cfg 'feature="macros"' --cfg 'feature="mio"' --cfg 'feature="net"' --cfg 'feature="process"' --cfg 'feature="rt"' --cfg 'feature="rt-multi-thread"' --cfg 'feature="signal"' --cfg 'feature="signal-hook-registry"' --cfg 'feature="socket2"' --cfg 'feature="sync"' --cfg 'feature="test-util"' --cfg 'feature="time"' --cfg 'feature="tokio-macros"' --check-cfg 'cfg(docsrs,test)' --check-cfg 'cfg(feature, values("bytes", "default", "fs", "full", "io-std", "io-uring", "io-util", "libc", "macros", "mio", "net", "parking_lot", "process", "rt", "rt-multi-thread", "schedule-latency", "signal", "signal-hook-registry", "socket2", "sync", "taskdump", "test-util", "time", "tokio-macros", "tracing", "windows-sys"))' -C metadata=57c42646e0ea0a13 -C extra-filename=-176180b45f60ab71 --out-dir /home/lewis/src/ad-law-scrape/athletic-rust-pipeline/target/debug/deps -L dependency=/home/lewis/src/ad-law-scrape/athletic-rust-pipeline/target/debug/deps --extern bytes=/home/lewis/src/ad-law-scrape/athletic-rust-pipeline/target/debug/deps/libbytes-7e5b5b6c3eb86a3b.rmeta --extern libc=/home/lewis/src/ad-law-scrape/athletic-rust-pipeline/target/debug/deps/liblibc-b8c91ce3adfe55db.rmeta --extern mio=/home/lewis/src/ad-law-scrape/athletic-rust-pipeline/target/debug/deps/libmio-bf7dfac473f5893e.rmeta --extern pin_project_lite=/home/lewis/src/ad-law-scrape/athletic-rust-pipeline/target/debug/deps/libpin_project_lite-f425c5373185600a.rmeta --extern signal_hook_registry=/home/lewis/src/ad-law-scrape/athletic-rust-pipeline/target/debug/deps/libsignal_hook_registry-08f4b0edfd11c9d1.rmeta --extern socket2=/home/lewis/src/ad-law-scrape/athletic-rust-pipeline/target/debug/deps/libsocket2-7b3ed1529f6254d1.rmeta --extern tokio_macros=/home/lewis/src/ad-law-scrape/athletic-rust-pipeline/target/debug/deps/libtokio_macros-2b8adc3e127436ce.so --cap-lints allow`
       Fresh zerovec v0.11.8
       Fresh zerotrie v0.2.5
       Fresh aws-lc-sys v0.44.0
       Fresh http-body v1.1.0
       Fresh typify-impl v0.6.2
       Fresh rand_core v0.9.5
       Fresh sha2 v0.11.0
       Fresh crc32fast v1.5.1
       Fresh tracing-subscriber v0.3.23
       Fresh atoi_simd v0.18.1
       Fresh byteorder v1.5.0
       Fresh chromiumoxide_cdp v0.9.1 (/home/lewis/src/ad-law-scrape/athletic-rust-pipeline/vendor/chromiumoxide_cdp)
   Compiling generator v0.8.10
       Fresh which v8.0.6
       Fresh futures-timer v3.0.4
       Fresh utf8parse v0.2.2
       Fresh is_terminal_polyfill v1.70.2
   Compiling scoped-tls v1.0.1
       Fresh anstyle v1.0.14
       Fresh colorchoice v1.0.5
       Fresh anstyle-query v1.1.5
       Fresh clap_lex v1.1.0
       Fresh strsim v0.11.1
       Fresh clap_derive v4.6.4
   Compiling crossbeam-deque v0.8.8
   Compiling wait-timeout v0.2.1
   Compiling bit-vec v0.8.0
     Running `sccache /home/lewis/.rustup/toolchains/nightly-2026-04-27-x86_64-unknown-linux-gnu/bin/rustc --crate-name build_script_build --edition=2021 /cache/cargo-shared/registry/src/index.crates.io-1949cf8c6b5b557f/generator-0.8.10/build.rs --error-format=json --json=diagnostic-rendered-ansi,artifacts,future-incompat --crate-type bin --emit=dep-info,link -C embed-bitcode=no --check-cfg 'cfg(docsrs,test)' --check-cfg 'cfg(feature, values())' -C metadata=f63b84a87b04edb1 -C extra-filename=-0ff955a1e6f46451 --out-dir /home/lewis/src/ad-law-scrape/athletic-rust-pipeline/target/debug/build/generator-0ff955a1e6f46451 -L dependency=/home/lewis/src/ad-law-scrape/athletic-rust-pipeline/target/debug/deps --extern cc=/home/lewis/src/ad-law-scrape/athletic-rust-pipeline/target/debug/deps/libcc-539b4e26d4292dfd.rlib --extern rustversion=/home/lewis/src/ad-law-scrape/athletic-rust-pipeline/target/debug/deps/librustversion-7fb1ee4f589aa936.so --cap-lints allow`
     Running `sccache /home/lewis/.rustup/toolchains/nightly-2026-04-27-x86_64-unknown-linux-gnu/bin/rustc --crate-name scoped_tls --edition=2015 /cache/cargo-shared/registry/src/index.crates.io-1949cf8c6b5b557f/scoped-tls-1.0.1/src/lib.rs --error-format=json --json=diagnostic-rendered-ansi,artifacts,future-incompat --crate-type lib --emit=dep-info,metadata,link -C embed-bitcode=no -C debuginfo=2 --check-cfg 'cfg(docsrs,test)' --check-cfg 'cfg(feature, values())' -C metadata=6765342bcc5d9a45 -C extra-filename=-8ade50693ec4d1ab --out-dir /home/lewis/src/ad-law-scrape/athletic-rust-pipeline/target/debug/deps -L dependency=/home/lewis/src/ad-law-scrape/athletic-rust-pipeline/target/debug/deps --cap-lints allow`
       Fresh tinystr v0.8.4
       Fresh potential_utf v0.1.6
       Fresh aws-lc-rs v1.18.0
       Fresh http-body-util v0.1.5
       Fresh typify-macro v0.6.2
       Fresh zopfli v0.8.3
       Fresh anstyle-parse v1.0.0
   Compiling quick-error v1.2.3
   Compiling rayon-core v1.13.0
   Compiling rand_xorshift v0.4.0
   Compiling alloca v0.4.0
   Compiling ciborium-io v0.2.2
   Compiling plotters-backend v0.3.7
   Compiling unarray v0.1.4
   Compiling same-file v1.0.6
   Compiling cast v0.3.0
   Compiling tinytemplate v1.2.1
   Compiling page_size v0.6.0
   Compiling anes v0.1.6
   Compiling oorandom v11.1.5
     Running `sccache /home/lewis/.rustup/toolchains/nightly-2026-04-27-x86_64-unknown-linux-gnu/bin/rustc --crate-name wait_timeout --edition=2015 /cache/cargo-shared/registry/src/index.crates.io-1949cf8c6b5b557f/wait-timeout-0.2.1/src/lib.rs --error-format=json --json=diagnostic-rendered-ansi,artifacts,future-incompat --crate-type lib --emit=dep-info,metadata,link -C embed-bitcode=no -C debuginfo=2 --check-cfg 'cfg(docsrs,test)' --check-cfg 'cfg(feature, values())' -C metadata=c35c8617a7ff17a7 -C extra-filename=-d189e92395aa407e --out-dir /home/lewis/src/ad-law-scrape/athletic-rust-pipeline/target/debug/deps -L dependency=/home/lewis/src/ad-law-scrape/athletic-rust-pipeline/target/debug/deps --extern libc=/home/lewis/src/ad-law-scrape/athletic-rust-pipeline/target/debug/deps/liblibc-b8c91ce3adfe55db.rmeta --cap-lints allow`
     Running `sccache /home/lewis/.rustup/toolchains/nightly-2026-04-27-x86_64-unknown-linux-gnu/bin/rustc --crate-name build_script_build --edition=2021 /cache/cargo-shared/registry/src/index.crates.io-1949cf8c6b5b557f/crossbeam-deque-0.8.8/build.rs --error-format=json --json=diagnostic-rendered-ansi,artifacts,future-incompat --crate-type bin --emit=dep-info,link -C embed-bitcode=no --warn=unexpected_cfgs '--allow=clippy::lint_groups_priority' '--allow=clippy::declare_interior_mutable_const' --check-cfg 'cfg(crossbeam_loom)' --check-cfg 'cfg(crossbeam_sanitize)' --cfg 'feature="default"' --cfg 'feature="std"' --check-cfg 'cfg(docsrs,test)' --check-cfg 'cfg(feature, values("default", "std"))' -C metadata=792ef779eb02dcc6 -C extra-filename=-5cde17f37d0c135c --out-dir /home/lewis/src/ad-law-scrape/athletic-rust-pipeline/target/debug/build/crossbeam-deque-5cde17f37d0c135c -L dependency=/home/lewis/src/ad-law-scrape/athletic-rust-pipeline/target/debug/deps --cap-lints allow`
     Running `sccache /home/lewis/.rustup/toolchains/nightly-2026-04-27-x86_64-unknown-linux-gnu/bin/rustc --crate-name bit_vec --edition=2015 /cache/cargo-shared/registry/src/index.crates.io-1949cf8c6b5b557f/bit-vec-0.8.0/src/lib.rs --error-format=json --json=diagnostic-rendered-ansi,artifacts,future-incompat --crate-type lib --emit=dep-info,metadata,link -C embed-bitcode=no -C debuginfo=2 --cfg 'feature="default"' --cfg 'feature="std"' --check-cfg 'cfg(docsrs,test)' --check-cfg 'cfg(feature, values("borsh", "borsh_std", "default", "miniserde", "nanoserde", "serde", "serde_no_std", "serde_std", "std"))' -C metadata=0bbd74eb953f13b1 -C extra-filename=-c0cf312af003a9a7 --out-dir /home/lewis/src/ad-law-scrape/athletic-rust-pipeline/target/debug/deps -L dependency=/home/lewis/src/ad-law-scrape/athletic-rust-pipeline/target/debug/deps --cap-lints allow`
     Running `sccache /home/lewis/.rustup/toolchains/nightly-2026-04-27-x86_64-unknown-linux-gnu/bin/rustc --crate-name quick_error --edition=2015 /cache/cargo-shared/registry/src/index.crates.io-1949cf8c6b5b557f/quick-error-1.2.3/src/lib.rs --error-format=json --json=diagnostic-rendered-ansi,artifacts,future-incompat --crate-type lib --emit=dep-info,metadata,link -C embed-bitcode=no -C debuginfo=2 --check-cfg 'cfg(docsrs,test)' --check-cfg 'cfg(feature, values())' -C metadata=e3d2266af3300839 -C extra-filename=-1796e918f27c8d86 --out-dir /home/lewis/src/ad-law-scrape/athletic-rust-pipeline/target/debug/deps -L dependency=/home/lewis/src/ad-law-scrape/athletic-rust-pipeline/target/debug/deps --cap-lints allow`
     Running `sccache /home/lewis/.rustup/toolchains/nightly-2026-04-27-x86_64-unknown-linux-gnu/bin/rustc --crate-name build_script_build --edition=2021 /cache/cargo-shared/registry/src/index.crates.io-1949cf8c6b5b557f/rayon-core-1.13.0/build.rs --error-format=json --json=diagnostic-rendered-ansi,artifacts,future-incompat --crate-type bin --emit=dep-info,link -C embed-bitcode=no --check-cfg 'cfg(docsrs,test)' --check-cfg 'cfg(feature, values("web_spin_lock"))' -C metadata=fbc7054a08d9fa3d -C extra-filename=-208f573676b912cf --out-dir /home/lewis/src/ad-law-scrape/athletic-rust-pipeline/target/debug/build/rayon-core-208f573676b912cf -L dependency=/home/lewis/src/ad-law-scrape/athletic-rust-pipeline/target/debug/deps --cap-lints allow`
     Running `sccache /home/lewis/.rustup/toolchains/nightly-2026-04-27-x86_64-unknown-linux-gnu/bin/rustc --crate-name rand_xorshift --edition=2021 /cache/cargo-shared/registry/src/index.crates.io-1949cf8c6b5b557f/rand_xorshift-0.4.0/src/lib.rs --error-format=json --json=diagnostic-rendered-ansi,artifacts,future-incompat --crate-type lib --emit=dep-info,metadata,link -C embed-bitcode=no -C debuginfo=2 --check-cfg 'cfg(docsrs,test)' --check-cfg 'cfg(feature, values("serde"))' -C metadata=f38f20798c46d5a3 -C extra-filename=-5126e4528883e9c5 --out-dir /home/lewis/src/ad-law-scrape/athletic-rust-pipeline/target/debug/deps -L dependency=/home/lewis/src/ad-law-scrape/athletic-rust-pipeline/target/debug/deps --extern rand_core=/home/lewis/src/ad-law-scrape/athletic-rust-pipeline/target/debug/deps/librand_core-edbc0a3734dcb98d.rmeta --cap-lints allow`
     Running `sccache /home/lewis/.rustup/toolchains/nightly-2026-04-27-x86_64-unknown-linux-gnu/bin/rustc --crate-name build_script_build --edition=2021 /cache/cargo-shared/registry/src/index.crates.io-1949cf8c6b5b557f/alloca-0.4.0/build.rs --error-format=json --json=diagnostic-rendered-ansi,artifacts,future-incompat --crate-type bin --emit=dep-info,link -C embed-bitcode=no --check-cfg 'cfg(docsrs,test)' --check-cfg 'cfg(feature, values("stack-clash-protection"))' -C metadata=ca519499ce0303ee -C extra-filename=-7b3434b7407fab06 --out-dir /home/lewis/src/ad-law-scrape/athletic-rust-pipeline/target/debug/build/alloca-7b3434b7407fab06 -L dependency=/home/lewis/src/ad-law-scrape/athletic-rust-pipeline/target/debug/deps --extern cc=/home/lewis/src/ad-law-scrape/athletic-rust-pipeline/target/debug/deps/libcc-539b4e26d4292dfd.rlib --cap-lints allow`
     Running `sccache /home/lewis/.rustup/toolchains/nightly-2026-04-27-x86_64-unknown-linux-gnu/bin/rustc --crate-name unarray --edition=2018 /cache/cargo-shared/registry/src/index.crates.io-1949cf8c6b5b557f/unarray-0.1.4/src/lib.rs --error-format=json --json=diagnostic-rendered-ansi,artifacts,future-incompat --crate-type lib --emit=dep-info,metadata,link -C embed-bitcode=no -C debuginfo=2 --check-cfg 'cfg(docsrs,test)' --check-cfg 'cfg(feature, values())' -C metadata=d2705067f3d81a0b -C extra-filename=-40f6bdefa18266d0 --out-dir /home/lewis/src/ad-law-scrape/athletic-rust-pipeline/target/debug/deps -L dependency=/home/lewis/src/ad-law-scrape/athletic-rust-pipeline/target/debug/deps --cap-lints allow`
     Running `sccache /home/lewis/.rustup/toolchains/nightly-2026-04-27-x86_64-unknown-linux-gnu/bin/rustc --crate-name plotters_backend --edition=2018 /cache/cargo-shared/registry/src/index.crates.io-1949cf8c6b5b557f/plotters-backend-0.3.7/src/lib.rs --error-format=json --json=diagnostic-rendered-ansi,artifacts,future-incompat --crate-type lib --emit=dep-info,metadata,link -C embed-bitcode=no -C debuginfo=2 --check-cfg 'cfg(docsrs,test)' --check-cfg 'cfg(feature, values())' -C metadata=72523902e701def9 -C extra-filename=-beb7854c3bb06a45 --out-dir /home/lewis/src/ad-law-scrape/athletic-rust-pipeline/target/debug/deps -L dependency=/home/lewis/src/ad-law-scrape/athletic-rust-pipeline/target/debug/deps --cap-lints allow`
     Running `sccache /home/lewis/.rustup/toolchains/nightly-2026-04-27-x86_64-unknown-linux-gnu/bin/rustc --crate-name ciborium_io --edition=2021 /cache/cargo-shared/registry/src/index.crates.io-1949cf8c6b5b557f/ciborium-io-0.2.2/src/lib.rs --error-format=json --json=diagnostic-rendered-ansi,artifacts,future-incompat --crate-type lib --emit=dep-info,metadata,link -C embed-bitcode=no -C debuginfo=2 --cfg 'feature="alloc"' --cfg 'feature="std"' --check-cfg 'cfg(docsrs,test)' --check-cfg 'cfg(feature, values("alloc", "std"))' -C metadata=670a17c8e41a4618 -C extra-filename=-47f1f56191ba3171 --out-dir /home/lewis/src/ad-law-scrape/athletic-rust-pipeline/target/debug/deps -L dependency=/home/lewis/src/ad-law-scrape/athletic-rust-pipeline/target/debug/deps --cap-lints allow`
     Running `sccache /home/lewis/.rustup/toolchains/nightly-2026-04-27-x86_64-unknown-linux-gnu/bin/rustc --crate-name same_file --edition=2018 /cache/cargo-shared/registry/src/index.crates.io-1949cf8c6b5b557f/same-file-1.0.6/src/lib.rs --error-format=json --json=diagnostic-rendered-ansi,artifacts,future-incompat --crate-type lib --emit=dep-info,metadata,link -C embed-bitcode=no -C debuginfo=2 --check-cfg 'cfg(docsrs,test)' --check-cfg 'cfg(feature, values())' -C metadata=6bc1596631ca920d -C extra-filename=-8fda6e70b38cbde5 --out-dir /home/lewis/src/ad-law-scrape/athletic-rust-pipeline/target/debug/deps -L dependency=/home/lewis/src/ad-law-scrape/athletic-rust-pipeline/target/debug/deps --cap-lints allow`
     Running `sccache /home/lewis/.rustup/toolchains/nightly-2026-04-27-x86_64-unknown-linux-gnu/bin/rustc --crate-name cast --edition=2018 /cache/cargo-shared/registry/src/index.crates.io-1949cf8c6b5b557f/cast-0.3.0/src/lib.rs --error-format=json --json=diagnostic-rendered-ansi,artifacts,future-incompat --crate-type lib --emit=dep-info,metadata,link -C embed-bitcode=no -C debuginfo=2 --check-cfg 'cfg(docsrs,test)' --check-cfg 'cfg(feature, values("std"))' -C metadata=b3fbbcb1acf8233a -C extra-filename=-2e23786aee75822e --out-dir /home/lewis/src/ad-law-scrape/athletic-rust-pipeline/target/debug/deps -L dependency=/home/lewis/src/ad-law-scrape/athletic-rust-pipeline/target/debug/deps --cap-lints allow`
     Running `sccache /home/lewis/.rustup/toolchains/nightly-2026-04-27-x86_64-unknown-linux-gnu/bin/rustc --crate-name tinytemplate --edition=2015 /cache/cargo-shared/registry/src/index.crates.io-1949cf8c6b5b557f/tinytemplate-1.2.1/src/lib.rs --error-format=json --json=diagnostic-rendered-ansi,artifacts,future-incompat --crate-type lib --emit=dep-info,metadata,link -C embed-bitcode=no -C debuginfo=2 --check-cfg 'cfg(docsrs,test)' --check-cfg 'cfg(feature, values())' -C metadata=0f6f138c0dec4c12 -C extra-filename=-b496074e04066f5c --out-dir /home/lewis/src/ad-law-scrape/athletic-rust-pipeline/target/debug/deps -L dependency=/home/lewis/src/ad-law-scrape/athletic-rust-pipeline/target/debug/deps --extern serde=/home/lewis/src/ad-law-scrape/athletic-rust-pipeline/target/debug/deps/libserde-986bafa530b5bae4.rmeta --extern serde_json=/home/lewis/src/ad-law-scrape/athletic-rust-pipeline/target/debug/deps/libserde_json-089accd2b59d2a69.rmeta --cap-lints allow`
     Running `sccache /home/lewis/.rustup/toolchains/nightly-2026-04-27-x86_64-unknown-linux-gnu/bin/rustc --crate-name page_size --edition=2015 /cache/cargo-shared/registry/src/index.crates.io-1949cf8c6b5b557f/page_size-0.6.0/src/lib.rs --error-format=json --json=diagnostic-rendered-ansi,artifacts,future-incompat --crate-type lib --emit=dep-info,metadata,link -C embed-bitcode=no -C debuginfo=2 --check-cfg 'cfg(docsrs,test)' --check-cfg 'cfg(feature, values("no_std", "spin"))' -C metadata=552c98ef7d0c8d15 -C extra-filename=-104305155777d10b --out-dir /home/lewis/src/ad-law-scrape/athletic-rust-pipeline/target/debug/deps -L dependency=/home/lewis/src/ad-law-scrape/athletic-rust-pipeline/target/debug/deps --extern libc=/home/lewis/src/ad-law-scrape/athletic-rust-pipeline/target/debug/deps/liblibc-b8c91ce3adfe55db.rmeta --cap-lints allow`
     Running `sccache /home/lewis/.rustup/toolchains/nightly-2026-04-27-x86_64-unknown-linux-gnu/bin/rustc --crate-name anes --edition=2018 /cache/cargo-shared/registry/src/index.crates.io-1949cf8c6b5b557f/anes-0.1.6/src/lib.rs --error-format=json --json=diagnostic-rendered-ansi,artifacts,future-incompat --crate-type lib --emit=dep-info,metadata,link -C embed-bitcode=no -C debuginfo=2 --cfg 'feature="default"' --check-cfg 'cfg(docsrs,test)' --check-cfg 'cfg(feature, values("bitflags", "default", "parser"))' -C metadata=29f132adf8a5ff8e -C extra-filename=-c63809c08014396b --out-dir /home/lewis/src/ad-law-scrape/athletic-rust-pipeline/target/debug/deps -L dependency=/home/lewis/src/ad-law-scrape/athletic-rust-pipeline/target/debug/deps --cap-lints allow`
       Fresh icu_locale_core v2.3.0
       Fresh icu_collections v2.3.0
       Fresh rustls-webpki v0.103.15
       Fresh typify v0.6.2
       Fresh jsonwebtoken v10.4.0
       Fresh zip v8.6.0
       Fresh anstream v1.0.0
     Running `sccache /home/lewis/.rustup/toolchains/nightly-2026-04-27-x86_64-unknown-linux-gnu/bin/rustc --crate-name oorandom --edition=2018 /cache/cargo-shared/registry/src/index.crates.io-1949cf8c6b5b557f/oorandom-11.1.5/src/lib.rs --error-format=json --json=diagnostic-rendered-ansi,artifacts,future-incompat --crate-type lib --emit=dep-info,metadata,link -C embed-bitcode=no -C debuginfo=2 --check-cfg 'cfg(docsrs,test)' --check-cfg 'cfg(feature, values())' -C metadata=66da6c34ac8b2437 -C extra-filename=-1c956614473b0f39 --out-dir /home/lewis/src/ad-law-scrape/athletic-rust-pipeline/target/debug/deps -L dependency=/home/lewis/src/ad-law-scrape/athletic-rust-pipeline/target/debug/deps --cap-lints allow`
       Fresh icu_provider v2.3.1
       Fresh rustls v0.23.45
       Fresh rust_xlsxwriter v0.99.1
       Fresh calamine v0.36.1
       Fresh clap_builder v4.6.6
       Fresh icu_normalizer v2.3.0
       Fresh icu_properties v2.3.0
       Fresh rustls-platform-verifier v0.7.0
       Fresh clap v4.6.6
       Fresh idna_adapter v1.2.2
       Fresh idna v1.1.0
       Fresh url v2.5.8
   Compiling itertools v0.14.0
   Compiling bytes-utils v0.1.4
   Compiling itertools v0.13.0
     Running `sccache /home/lewis/.rustup/toolchains/nightly-2026-04-27-x86_64-unknown-linux-gnu/bin/rustc --crate-name itertools --edition=2018 /cache/cargo-shared/registry/src/index.crates.io-1949cf8c6b5b557f/itertools-0.14.0/src/lib.rs --error-format=json --json=diagnostic-rendered-ansi,artifacts,future-incompat --crate-type lib --emit=dep-info,metadata,link -C embed-bitcode=no --cfg 'feature="default"' --cfg 'feature="use_alloc"' --cfg 'feature="use_std"' --check-cfg 'cfg(docsrs,test)' --check-cfg 'cfg(feature, values("default", "use_alloc", "use_std"))' -C metadata=7d4f268820dc6f2e -C extra-filename=-c33bfce9c547de52 --out-dir /home/lewis/src/ad-law-scrape/athletic-rust-pipeline/target/debug/deps -L dependency=/home/lewis/src/ad-law-scrape/athletic-rust-pipeline/target/debug/deps --extern either=/home/lewis/src/ad-law-scrape/athletic-rust-pipeline/target/debug/deps/libeither-2991a5d5fba9a961.rmeta --cap-lints allow`
     Running `sccache /home/lewis/.rustup/toolchains/nightly-2026-04-27-x86_64-unknown-linux-gnu/bin/rustc --crate-name bytes_utils --edition=2021 /cache/cargo-shared/registry/src/index.crates.io-1949cf8c6b5b557f/bytes-utils-0.1.4/src/lib.rs --error-format=json --json=diagnostic-rendered-ansi,artifacts,future-incompat --crate-type lib --emit=dep-info,metadata,link -C embed-bitcode=no -C debuginfo=2 --cfg 'feature="default"' --cfg 'feature="std"' --check-cfg 'cfg(docsrs,test)' --check-cfg 'cfg(feature, values("default", "serde", "std"))' -C metadata=a825538da2fae7b7 -C extra-filename=-1e20e8f1dce09795 --out-dir /home/lewis/src/ad-law-scrape/athletic-rust-pipeline/target/debug/deps -L dependency=/home/lewis/src/ad-law-scrape/athletic-rust-pipeline/target/debug/deps --extern bytes=/home/lewis/src/ad-law-scrape/athletic-rust-pipeline/target/debug/deps/libbytes-7e5b5b6c3eb86a3b.rmeta --extern either=/home/lewis/src/ad-law-scrape/athletic-rust-pipeline/target/debug/deps/libeither-2991a5d5fba9a961.rmeta --cap-lints allow`
     Running `sccache /home/lewis/.rustup/toolchains/nightly-2026-04-27-x86_64-unknown-linux-gnu/bin/rustc --crate-name itertools --edition=2018 /cache/cargo-shared/registry/src/index.crates.io-1949cf8c6b5b557f/itertools-0.13.0/src/lib.rs --error-format=json --json=diagnostic-rendered-ansi,artifacts,future-incompat --crate-type lib --emit=dep-info,metadata,link -C embed-bitcode=no -C debuginfo=2 --cfg 'feature="default"' --cfg 'feature="use_alloc"' --cfg 'feature="use_std"' --check-cfg 'cfg(docsrs,test)' --check-cfg 'cfg(feature, values("default", "use_alloc", "use_std"))' -C metadata=8c9c9f56acd2fc2c -C extra-filename=-a748a3ed138c7396 --out-dir /home/lewis/src/ad-law-scrape/athletic-rust-pipeline/target/debug/deps -L dependency=/home/lewis/src/ad-law-scrape/athletic-rust-pipeline/target/debug/deps --extern either=/home/lewis/src/ad-law-scrape/athletic-rust-pipeline/target/debug/deps/libeither-2991a5d5fba9a961.rmeta --cap-lints allow`
   Compiling rusty-fork v0.3.1
     Running `sccache /home/lewis/.rustup/toolchains/nightly-2026-04-27-x86_64-unknown-linux-gnu/bin/rustc --crate-name rusty_fork --edition=2018 /cache/cargo-shared/registry/src/index.crates.io-1949cf8c6b5b557f/rusty-fork-0.3.1/src/lib.rs --error-format=json --json=diagnostic-rendered-ansi,artifacts,future-incompat --crate-type lib --emit=dep-info,metadata,link -C embed-bitcode=no -C debuginfo=2 --cfg 'feature="timeout"' --cfg 'feature="wait-timeout"' --check-cfg 'cfg(docsrs,test)' --check-cfg 'cfg(feature, values("default", "timeout", "wait-timeout"))' -C metadata=7039a46f41eaa5ff -C extra-filename=-787a8b592498b905 --out-dir /home/lewis/src/ad-law-scrape/athletic-rust-pipeline/target/debug/deps -L dependency=/home/lewis/src/ad-law-scrape/athletic-rust-pipeline/target/debug/deps --extern fnv=/home/lewis/src/ad-law-scrape/athletic-rust-pipeline/target/debug/deps/libfnv-f92f3866429d07f7.rmeta --extern quick_error=/home/lewis/src/ad-law-scrape/athletic-rust-pipeline/target/debug/deps/libquick_error-1796e918f27c8d86.rmeta --extern tempfile=/home/lewis/src/ad-law-scrape/athletic-rust-pipeline/target/debug/deps/libtempfile-a4df9dd1458cfb0b.rmeta --extern wait_timeout=/home/lewis/src/ad-law-scrape/athletic-rust-pipeline/target/debug/deps/libwait_timeout-d189e92395aa407e.rmeta --cap-lints allow`
   Compiling bit-set v0.8.0
     Running `sccache /home/lewis/.rustup/toolchains/nightly-2026-04-27-x86_64-unknown-linux-gnu/bin/rustc --crate-name bit_set --edition=2015 /cache/cargo-shared/registry/src/index.crates.io-1949cf8c6b5b557f/bit-set-0.8.0/src/lib.rs --error-format=json --json=diagnostic-rendered-ansi,artifacts,future-incompat --crate-type lib --emit=dep-info,metadata,link -C embed-bitcode=no -C debuginfo=2 --cfg 'feature="default"' --cfg 'feature="std"' --check-cfg 'cfg(docsrs,test)' --check-cfg 'cfg(feature, values("default", "serde", "std"))' -C metadata=d5b07e48786b8330 -C extra-filename=-4db9f55b08c574b2 --out-dir /home/lewis/src/ad-law-scrape/athletic-rust-pipeline/target/debug/deps -L dependency=/home/lewis/src/ad-law-scrape/athletic-rust-pipeline/target/debug/deps --extern bit_vec=/home/lewis/src/ad-law-scrape/athletic-rust-pipeline/target/debug/deps/libbit_vec-c0cf312af003a9a7.rmeta --cap-lints allow`
     Running `/home/lewis/src/ad-law-scrape/athletic-rust-pipeline/target/debug/build/num-traits-e7bda69eff8717e7/build-script-build`
   Compiling plotters-svg v0.3.7
     Running `sccache /home/lewis/.rustup/toolchains/nightly-2026-04-27-x86_64-unknown-linux-gnu/bin/rustc --crate-name plotters_svg --edition=2018 /cache/cargo-shared/registry/src/index.crates.io-1949cf8c6b5b557f/plotters-svg-0.3.7/src/lib.rs --error-format=json --json=diagnostic-rendered-ansi,artifacts,future-incompat --crate-type lib --emit=dep-info,metadata,link -C embed-bitcode=no -C debuginfo=2 --check-cfg 'cfg(docsrs,test)' --check-cfg 'cfg(feature, values("bitmap_encoder", "debug", "image"))' -C metadata=c9ff9318ba01d1ff -C extra-filename=-191714e394078e5f --out-dir /home/lewis/src/ad-law-scrape/athletic-rust-pipeline/target/debug/deps -L dependency=/home/lewis/src/ad-law-scrape/athletic-rust-pipeline/target/debug/deps --extern plotters_backend=/home/lewis/src/ad-law-scrape/athletic-rust-pipeline/target/debug/deps/libplotters_backend-beb7854c3bb06a45.rmeta --cap-lints allow`
   Compiling walkdir v2.5.0
     Running `sccache /home/lewis/.rustup/toolchains/nightly-2026-04-27-x86_64-unknown-linux-gnu/bin/rustc --crate-name walkdir --edition=2018 /cache/cargo-shared/registry/src/index.crates.io-1949cf8c6b5b557f/walkdir-2.5.0/src/lib.rs --error-format=json --json=diagnostic-rendered-ansi,artifacts,future-incompat --crate-type lib --emit=dep-info,metadata,link -C embed-bitcode=no -C debuginfo=2 --check-cfg 'cfg(docsrs,test)' --check-cfg 'cfg(feature, values())' -C metadata=4660f716c26aefa0 -C extra-filename=-10f224ea399bd5f7 --out-dir /home/lewis/src/ad-law-scrape/athletic-rust-pipeline/target/debug/deps -L dependency=/home/lewis/src/ad-law-scrape/athletic-rust-pipeline/target/debug/deps --extern same_file=/home/lewis/src/ad-law-scrape/athletic-rust-pipeline/target/debug/deps/libsame_file-8fda6e70b38cbde5.rmeta --cap-lints allow`
     Running `/home/lewis/src/ad-law-scrape/athletic-rust-pipeline/target/debug/build/rayon-core-208f573676b912cf/build-script-build`
     Running `/home/lewis/src/ad-law-scrape/athletic-rust-pipeline/target/debug/build/alloca-7b3434b7407fab06/build-script-build`
     Running `/home/lewis/src/ad-law-scrape/athletic-rust-pipeline/target/debug/build/generator-0ff955a1e6f46451/build-script-build`
     Running `sccache /home/lewis/.rustup/toolchains/nightly-2026-04-27-x86_64-unknown-linux-gnu/bin/rustc --crate-name generator --edition=2021 /cache/cargo-shared/registry/src/index.crates.io-1949cf8c6b5b557f/generator-0.8.10/src/lib.rs --error-format=json --json=diagnostic-rendered-ansi,artifacts,future-incompat --crate-type lib --emit=dep-info,metadata,link -C embed-bitcode=no -C debuginfo=2 --check-cfg 'cfg(docsrs,test)' --check-cfg 'cfg(feature, values())' -C metadata=9dab0312c82daf64 -C extra-filename=-b086cec62cd8d2e7 --out-dir /home/lewis/src/ad-law-scrape/athletic-rust-pipeline/target/debug/deps -L dependency=/home/lewis/src/ad-law-scrape/athletic-rust-pipeline/target/debug/deps --extern cfg_if=/home/lewis/src/ad-law-scrape/athletic-rust-pipeline/target/debug/deps/libcfg_if-f9f8fce67dfba441.rmeta --extern libc=/home/lewis/src/ad-law-scrape/athletic-rust-pipeline/target/debug/deps/liblibc-b8c91ce3adfe55db.rmeta --extern log=/home/lewis/src/ad-law-scrape/athletic-rust-pipeline/target/debug/deps/liblog-26615c79eb9de8da.rmeta --cap-lints allow --cfg nightly --check-cfg 'cfg(nightly)'`
     Running `/home/lewis/src/ad-law-scrape/athletic-rust-pipeline/target/debug/build/crossbeam-deque-5cde17f37d0c135c/build-script-build`
     Running `sccache /home/lewis/.rustup/toolchains/nightly-2026-04-27-x86_64-unknown-linux-gnu/bin/rustc --crate-name crossbeam_deque --edition=2021 /cache/cargo-shared/registry/src/index.crates.io-1949cf8c6b5b557f/crossbeam-deque-0.8.8/src/lib.rs --error-format=json --json=diagnostic-rendered-ansi,artifacts,future-incompat --crate-type lib --emit=dep-info,metadata,link -C embed-bitcode=no -C debuginfo=2 --warn=unexpected_cfgs '--allow=clippy::lint_groups_priority' '--allow=clippy::declare_interior_mutable_const' --check-cfg 'cfg(crossbeam_loom)' --check-cfg 'cfg(crossbeam_sanitize)' --cfg 'feature="default"' --cfg 'feature="std"' --check-cfg 'cfg(docsrs,test)' --check-cfg 'cfg(feature, values("default", "std"))' -C metadata=bf109e8f3541eac0 -C extra-filename=-a35f3f52af15a09d --out-dir /home/lewis/src/ad-law-scrape/athletic-rust-pipeline/target/debug/deps -L dependency=/home/lewis/src/ad-law-scrape/athletic-rust-pipeline/target/debug/deps --extern crossbeam_epoch=/home/lewis/src/ad-law-scrape/athletic-rust-pipeline/target/debug/deps/libcrossbeam_epoch-96b79f1d24efa2da.rmeta --extern crossbeam_utils=/home/lewis/src/ad-law-scrape/athletic-rust-pipeline/target/debug/deps/libcrossbeam_utils-c73de95f2aa40d56.rmeta --cap-lints allow --check-cfg 'cfg(crossbeam_sanitize_thread)'`
     Running `sccache /home/lewis/.rustup/toolchains/nightly-2026-04-27-x86_64-unknown-linux-gnu/bin/rustc --crate-name num_traits --edition=2021 /cache/cargo-shared/registry/src/index.crates.io-1949cf8c6b5b557f/num-traits-0.2.19/src/lib.rs --error-format=json --json=diagnostic-rendered-ansi,artifacts,future-incompat --crate-type lib --emit=dep-info,metadata,link -C embed-bitcode=no -C debuginfo=2 --cfg 'feature="default"' --cfg 'feature="i128"' --cfg 'feature="std"' --check-cfg 'cfg(docsrs,test)' --check-cfg 'cfg(feature, values("default", "i128", "libm", "std"))' -C metadata=661a51f3761e1922 -C extra-filename=-9cdd4f96493d21c9 --out-dir /home/lewis/src/ad-law-scrape/athletic-rust-pipeline/target/debug/deps -L dependency=/home/lewis/src/ad-law-scrape/athletic-rust-pipeline/target/debug/deps --cap-lints allow --cfg has_total_cmp --check-cfg 'cfg(has_total_cmp)'`
     Running `sccache /home/lewis/.rustup/toolchains/nightly-2026-04-27-x86_64-unknown-linux-gnu/bin/rustc --crate-name rayon_core --edition=2021 /cache/cargo-shared/registry/src/index.crates.io-1949cf8c6b5b557f/rayon-core-1.13.0/src/lib.rs --error-format=json --json=diagnostic-rendered-ansi,artifacts,future-incompat --crate-type lib --emit=dep-info,metadata,link -C embed-bitcode=no -C debuginfo=2 --check-cfg 'cfg(docsrs,test)' --check-cfg 'cfg(feature, values("web_spin_lock"))' -C metadata=c11de479b923fb1c -C extra-filename=-6ab8a106c41adfc2 --out-dir /home/lewis/src/ad-law-scrape/athletic-rust-pipeline/target/debug/deps -L dependency=/home/lewis/src/ad-law-scrape/athletic-rust-pipeline/target/debug/deps --extern crossbeam_deque=/home/lewis/src/ad-law-scrape/athletic-rust-pipeline/target/debug/deps/libcrossbeam_deque-a35f3f52af15a09d.rmeta --extern crossbeam_utils=/home/lewis/src/ad-law-scrape/athletic-rust-pipeline/target/debug/deps/libcrossbeam_utils-c73de95f2aa40d56.rmeta --cap-lints allow`
   Compiling loom v0.7.2
     Running `sccache /home/lewis/.rustup/toolchains/nightly-2026-04-27-x86_64-unknown-linux-gnu/bin/rustc --crate-name loom --edition=2018 /cache/cargo-shared/registry/src/index.crates.io-1949cf8c6b5b557f/loom-0.7.2/src/lib.rs --error-format=json --json=diagnostic-rendered-ansi,artifacts,future-incompat --crate-type lib --emit=dep-info,metadata,link -C embed-bitcode=no -C debuginfo=2 --cfg 'feature="default"' --check-cfg 'cfg(docsrs,test)' --check-cfg 'cfg(feature, values("checkpoint", "default", "futures", "pin-utils", "serde", "serde_json"))' -C metadata=1d77dd2f5519835e -C extra-filename=-77973b48c26c59ea --out-dir /home/lewis/src/ad-law-scrape/athletic-rust-pipeline/target/debug/deps -L dependency=/home/lewis/src/ad-law-scrape/athletic-rust-pipeline/target/debug/deps --extern cfg_if=/home/lewis/src/ad-law-scrape/athletic-rust-pipeline/target/debug/deps/libcfg_if-f9f8fce67dfba441.rmeta --extern generator=/home/lewis/src/ad-law-scrape/athletic-rust-pipeline/target/debug/deps/libgenerator-b086cec62cd8d2e7.rmeta --extern scoped_tls=/home/lewis/src/ad-law-scrape/athletic-rust-pipeline/target/debug/deps/libscoped_tls-8ade50693ec4d1ab.rmeta --extern tracing=/home/lewis/src/ad-law-scrape/athletic-rust-pipeline/target/debug/deps/libtracing-71dadc955179d0b7.rmeta --extern tracing_subscriber=/home/lewis/src/ad-law-scrape/athletic-rust-pipeline/target/debug/deps/libtracing_subscriber-9c895a655669e740.rmeta --cap-lints allow`
   Compiling prost-derive v0.14.4
     Running `sccache /home/lewis/.rustup/toolchains/nightly-2026-04-27-x86_64-unknown-linux-gnu/bin/rustc --crate-name prost_derive --edition=2021 /cache/cargo-shared/registry/src/index.crates.io-1949cf8c6b5b557f/prost-derive-0.14.4/src/lib.rs --error-format=json --json=diagnostic-rendered-ansi,artifacts,future-incompat --crate-type proc-macro --emit=dep-info,link -C prefer-dynamic -C embed-bitcode=no '--allow=clippy::collapsible_if' --check-cfg 'cfg(docsrs,test)' --check-cfg 'cfg(feature, values())' -C metadata=ff8b649bda985f9e -C extra-filename=-42a3b3bb9b7007f6 --out-dir /home/lewis/src/ad-law-scrape/athletic-rust-pipeline/target/debug/deps -L dependency=/home/lewis/src/ad-law-scrape/athletic-rust-pipeline/target/debug/deps --extern anyhow=/home/lewis/src/ad-law-scrape/athletic-rust-pipeline/target/debug/deps/libanyhow-2889f2bfb7da9aa2.rlib --extern itertools=/home/lewis/src/ad-law-scrape/athletic-rust-pipeline/target/debug/deps/libitertools-c33bfce9c547de52.rlib --extern proc_macro2=/home/lewis/src/ad-law-scrape/athletic-rust-pipeline/target/debug/deps/libproc_macro2-2b2194920a5468b1.rlib --extern quote=/home/lewis/src/ad-law-scrape/athletic-rust-pipeline/target/debug/deps/libquote-0bcde1b4210ee1aa.rlib --extern syn=/home/lewis/src/ad-law-scrape/athletic-rust-pipeline/target/debug/deps/libsyn-6a4614a74b5a3fec.rlib --extern proc_macro --cap-lints allow`
     Running `/home/lewis/src/ad-law-scrape/athletic-rust-pipeline/target/debug/build/zerocopy-a5eb8c2438f7d48e/build-script-build`
     Running `sccache /home/lewis/.rustup/toolchains/nightly-2026-04-27-x86_64-unknown-linux-gnu/bin/rustc --crate-name alloca --edition=2021 /cache/cargo-shared/registry/src/index.crates.io-1949cf8c6b5b557f/alloca-0.4.0/src/lib.rs --error-format=json --json=diagnostic-rendered-ansi,artifacts,future-incompat --crate-type lib --emit=dep-info,metadata,link -C embed-bitcode=no -C debuginfo=2 --check-cfg 'cfg(docsrs,test)' --check-cfg 'cfg(feature, values("stack-clash-protection"))' -C metadata=a5710579a958e550 -C extra-filename=-69218a5b74d2415c --out-dir /home/lewis/src/ad-law-scrape/athletic-rust-pipeline/target/debug/deps -L dependency=/home/lewis/src/ad-law-scrape/athletic-rust-pipeline/target/debug/deps --cap-lints allow -L native=/home/lewis/src/ad-law-scrape/athletic-rust-pipeline/target/debug/build/alloca-6f4ce09a0d12da82/out -l static=calloca`
   Compiling criterion-plot v0.8.2
     Running `sccache /home/lewis/.rustup/toolchains/nightly-2026-04-27-x86_64-unknown-linux-gnu/bin/rustc --crate-name criterion_plot --edition=2021 /cache/cargo-shared/registry/src/index.crates.io-1949cf8c6b5b557f/criterion-plot-0.8.2/src/lib.rs --error-format=json --json=diagnostic-rendered-ansi,artifacts,future-incompat --crate-type lib --emit=dep-info,metadata,link -C embed-bitcode=no -C debuginfo=2 --check-cfg 'cfg(docsrs,test)' --check-cfg 'cfg(feature, values())' -C metadata=559403387bf4fa07 -C extra-filename=-c207f5eae01beaa3 --out-dir /home/lewis/src/ad-law-scrape/athletic-rust-pipeline/target/debug/deps -L dependency=/home/lewis/src/ad-law-scrape/athletic-rust-pipeline/target/debug/deps --extern cast=/home/lewis/src/ad-law-scrape/athletic-rust-pipeline/target/debug/deps/libcast-2e23786aee75822e.rmeta --extern itertools=/home/lewis/src/ad-law-scrape/athletic-rust-pipeline/target/debug/deps/libitertools-a748a3ed138c7396.rmeta --cap-lints allow`
   Compiling rayon v1.12.0
     Running `sccache /home/lewis/.rustup/toolchains/nightly-2026-04-27-x86_64-unknown-linux-gnu/bin/rustc --crate-name rayon --edition=2021 /cache/cargo-shared/registry/src/index.crates.io-1949cf8c6b5b557f/rayon-1.12.0/src/lib.rs --error-format=json --json=diagnostic-rendered-ansi,artifacts,future-incompat --crate-type lib --emit=dep-info,metadata,link -C embed-bitcode=no -C debuginfo=2 --check-cfg 'cfg(docsrs,test)' --check-cfg 'cfg(feature, values("web_spin_lock"))' -C metadata=5db226047aff6654 -C extra-filename=-3fe2ccf438341601 --out-dir /home/lewis/src/ad-law-scrape/athletic-rust-pipeline/target/debug/deps -L dependency=/home/lewis/src/ad-law-scrape/athletic-rust-pipeline/target/debug/deps --extern either=/home/lewis/src/ad-law-scrape/athletic-rust-pipeline/target/debug/deps/libeither-2991a5d5fba9a961.rmeta --extern rayon_core=/home/lewis/src/ad-law-scrape/athletic-rust-pipeline/target/debug/deps/librayon_core-6ab8a106c41adfc2.rmeta --cap-lints allow`
   Compiling rust_decimal v1.37.0
   Compiling chrono v0.4.45
   Compiling plotters v0.3.7
     Running `sccache /home/lewis/.rustup/toolchains/nightly-2026-04-27-x86_64-unknown-linux-gnu/bin/rustc --crate-name rust_decimal --edition=2021 /cache/cargo-shared/registry/src/index.crates.io-1949cf8c6b5b557f/rust_decimal-1.37.0/src/lib.rs --error-format=json --json=diagnostic-rendered-ansi,artifacts,future-incompat --crate-type lib --emit=dep-info,metadata,link -C embed-bitcode=no -C debuginfo=2 --check-cfg 'cfg(docsrs,test)' --check-cfg 'cfg(feature, values("borsh", "c-repr", "db-diesel-mysql", "db-diesel-postgres", "db-diesel2-mysql", "db-diesel2-postgres", "db-postgres", "db-tokio-postgres", "default", "diesel", "legacy-ops", "macros", "maths", "maths-nopanic", "ndarray", "proptest", "rand", "rand-0_9", "rkyv", "rkyv-safe", "rocket-traits", "rust-fuzz", "serde", "serde-arbitrary-precision", "serde-bincode", "serde-float", "serde-str", "serde-with-arbitrary-precision", "serde-with-float", "serde-with-str", "serde_json", "std", "tokio-pg", "tokio-postgres"))' -C metadata=e5241b6ef4886632 -C extra-filename=-1058604c275c9cc5 --out-dir /home/lewis/src/ad-law-scrape/athletic-rust-pipeline/target/debug/deps -L dependency=/home/lewis/src/ad-law-scrape/athletic-rust-pipeline/target/debug/deps --extern arrayvec=/home/lewis/src/ad-law-scrape/athletic-rust-pipeline/target/debug/deps/libarrayvec-3585f04c6d29a5de.rmeta --extern num_traits=/home/lewis/src/ad-law-scrape/athletic-rust-pipeline/target/debug/deps/libnum_traits-9cdd4f96493d21c9.rmeta --cap-lints allow`
     Running `sccache /home/lewis/.rustup/toolchains/nightly-2026-04-27-x86_64-unknown-linux-gnu/bin/rustc --crate-name chrono --edition=2021 /cache/cargo-shared/registry/src/index.crates.io-1949cf8c6b5b557f/chrono-0.4.45/src/lib.rs --error-format=json --json=diagnostic-rendered-ansi,artifacts,future-incompat --crate-type lib --emit=dep-info,metadata,link -C embed-bitcode=no -C debuginfo=2 --cfg 'feature="alloc"' --cfg 'feature="clock"' --cfg 'feature="iana-time-zone"' --cfg 'feature="now"' --cfg 'feature="serde"' --cfg 'feature="std"' --cfg 'feature="winapi"' --cfg 'feature="windows-link"' --check-cfg 'cfg(docsrs,test)' --check-cfg 'cfg(feature, values("__internal_bench", "alloc", "arbitrary", "clock", "core-error", "default", "defmt", "iana-time-zone", "js-sys", "libc", "now", "oldtime", "pure-rust-locales", "rkyv", "rkyv-16", "rkyv-32", "rkyv-64", "rkyv-validation", "serde", "std", "unstable-locales", "wasm-bindgen", "wasmbind", "winapi", "windows-link"))' -C metadata=cee346ad6f0c5df1 -C extra-filename=-3cfdd5a6cfad533c --out-dir /home/lewis/src/ad-law-scrape/athletic-rust-pipeline/target/debug/deps -L dependency=/home/lewis/src/ad-law-scrape/athletic-rust-pipeline/target/debug/deps --extern iana_time_zone=/home/lewis/src/ad-law-scrape/athletic-rust-pipeline/target/debug/deps/libiana_time_zone-795380c0e75c2e0f.rmeta --extern num_traits=/home/lewis/src/ad-law-scrape/athletic-rust-pipeline/target/debug/deps/libnum_traits-9cdd4f96493d21c9.rmeta --extern serde=/home/lewis/src/ad-law-scrape/athletic-rust-pipeline/target/debug/deps/libserde-986bafa530b5bae4.rmeta --cap-lints allow`
     Running `sccache /home/lewis/.rustup/toolchains/nightly-2026-04-27-x86_64-unknown-linux-gnu/bin/rustc --crate-name plotters --edition=2018 /cache/cargo-shared/registry/src/index.crates.io-1949cf8c6b5b557f/plotters-0.3.7/src/lib.rs --error-format=json --json=diagnostic-rendered-ansi,artifacts,future-incompat --crate-type lib --emit=dep-info,metadata,link -C embed-bitcode=no -C debuginfo=2 --warn=unexpected_cfgs --allow=deprecated --check-cfg 'cfg(doc_cfg)' --cfg 'feature="area_series"' --cfg 'feature="line_series"' --cfg 'feature="plotters-svg"' --cfg 'feature="svg_backend"' --check-cfg 'cfg(docsrs,test)' --check-cfg 'cfg(feature, values("ab_glyph", "all_elements", "all_series", "area_series", "bitmap_backend", "bitmap_encoder", "bitmap_gif", "boxplot", "candlestick", "chrono", "colormaps", "datetime", "default", "deprecated_items", "errorbar", "evcxr", "evcxr_bitmap", "font-kit", "fontconfig-dlopen", "full_palette", "histogram", "image", "lazy_static", "line_series", "once_cell", "pathfinder_geometry", "plotters-bitmap", "plotters-svg", "point_series", "surface_series", "svg_backend", "ttf", "ttf-parser"))' -C metadata=49cb4a3e908cc24e -C extra-filename=-41e2be865a49cf32 --out-dir /home/lewis/src/ad-law-scrape/athletic-rust-pipeline/target/debug/deps -L dependency=/home/lewis/src/ad-law-scrape/athletic-rust-pipeline/target/debug/deps --extern num_traits=/home/lewis/src/ad-law-scrape/athletic-rust-pipeline/target/debug/deps/libnum_traits-9cdd4f96493d21c9.rmeta --extern plotters_backend=/home/lewis/src/ad-law-scrape/athletic-rust-pipeline/target/debug/deps/libplotters_backend-beb7854c3bb06a45.rmeta --extern plotters_svg=/home/lewis/src/ad-law-scrape/athletic-rust-pipeline/target/debug/deps/libplotters_svg-191714e394078e5f.rmeta --cap-lints allow`
   Compiling census-domain v0.1.0 (/home/lewis/src/ad-law-scrape/athletic-rust-pipeline/crates/census-domain)
     Running `sccache /home/lewis/.rustup/toolchains/nightly-2026-04-27-x86_64-unknown-linux-gnu/bin/rustc --crate-name census_domain --edition=2021 crates/census-domain/src/lib.rs --error-format=json --json=diagnostic-rendered-ansi,artifacts,future-incompat --crate-type lib --emit=dep-info,metadata,link -C embed-bitcode=no -C debuginfo=2 --deny=unused_must_use --forbid=unsafe_code '--deny=clippy::unimplemented' --warn=unexpected_cfgs '--deny=clippy::todo' '--deny=clippy::panic_in_result_fn' '--deny=clippy::dbg_macro' --check-cfg 'cfg(kani)' --check-cfg 'cfg(tokio_unstable)' --check-cfg 'cfg(docsrs,test)' --check-cfg 'cfg(feature, values())' -C metadata=8520666096393244 -C extra-filename=-b50239c3a21a213d --out-dir /home/lewis/src/ad-law-scrape/athletic-rust-pipeline/target/debug/deps -C incremental=/home/lewis/src/ad-law-scrape/athletic-rust-pipeline/target/debug/incremental -L dependency=/home/lewis/src/ad-law-scrape/athletic-rust-pipeline/target/debug/deps --extern chrono=/home/lewis/src/ad-law-scrape/athletic-rust-pipeline/target/debug/deps/libchrono-3cfdd5a6cfad533c.rmeta --extern rust_decimal=/home/lewis/src/ad-law-scrape/athletic-rust-pipeline/target/debug/deps/librust_decimal-1058604c275c9cc5.rmeta --extern serde=/home/lewis/src/ad-law-scrape/athletic-rust-pipeline/target/debug/deps/libserde-986bafa530b5bae4.rmeta --extern sha2=/home/lewis/src/ad-law-scrape/athletic-rust-pipeline/target/debug/deps/libsha2-9bff55c82a06cc2d.rmeta --extern thiserror=/home/lewis/src/ad-law-scrape/athletic-rust-pipeline/target/debug/deps/libthiserror-1bc0d12be9ec7558.rmeta --extern url=/home/lewis/src/ad-law-scrape/athletic-rust-pipeline/target/debug/deps/liburl-0f547cf413905183.rmeta --extern zmij=/home/lewis/src/ad-law-scrape/athletic-rust-pipeline/target/debug/deps/libzmij-779f4625c938e0ca.rmeta`
     Running `sccache /home/lewis/.rustup/toolchains/nightly-2026-04-27-x86_64-unknown-linux-gnu/bin/rustc --crate-name census_domain --edition=2021 crates/census-domain/src/lib.rs --error-format=json --json=diagnostic-rendered-ansi,artifacts,future-incompat --emit=dep-info,link -C embed-bitcode=no -C debuginfo=2 --deny=unused_must_use --forbid=unsafe_code '--deny=clippy::unimplemented' --warn=unexpected_cfgs '--deny=clippy::todo' '--deny=clippy::panic_in_result_fn' '--deny=clippy::dbg_macro' --check-cfg 'cfg(kani)' --check-cfg 'cfg(tokio_unstable)' --test --check-cfg 'cfg(docsrs,test)' --check-cfg 'cfg(feature, values())' -C metadata=66c78c34485e3598 -C extra-filename=-1a1a6ad6b2f8d1ef --out-dir /home/lewis/src/ad-law-scrape/athletic-rust-pipeline/target/debug/deps -C incremental=/home/lewis/src/ad-law-scrape/athletic-rust-pipeline/target/debug/incremental -L dependency=/home/lewis/src/ad-law-scrape/athletic-rust-pipeline/target/debug/deps --extern chrono=/home/lewis/src/ad-law-scrape/athletic-rust-pipeline/target/debug/deps/libchrono-3cfdd5a6cfad533c.rlib --extern rust_decimal=/home/lewis/src/ad-law-scrape/athletic-rust-pipeline/target/debug/deps/librust_decimal-1058604c275c9cc5.rlib --extern serde=/home/lewis/src/ad-law-scrape/athletic-rust-pipeline/target/debug/deps/libserde-986bafa530b5bae4.rlib --extern serde_json=/home/lewis/src/ad-law-scrape/athletic-rust-pipeline/target/debug/deps/libserde_json-089accd2b59d2a69.rlib --extern sha2=/home/lewis/src/ad-law-scrape/athletic-rust-pipeline/target/debug/deps/libsha2-9bff55c82a06cc2d.rlib --extern thiserror=/home/lewis/src/ad-law-scrape/athletic-rust-pipeline/target/debug/deps/libthiserror-1bc0d12be9ec7558.rlib --extern url=/home/lewis/src/ad-law-scrape/athletic-rust-pipeline/target/debug/deps/liburl-0f547cf413905183.rlib --extern zmij=/home/lewis/src/ad-law-scrape/athletic-rust-pipeline/target/debug/deps/libzmij-779f4625c938e0ca.rlib`
   Compiling tokio-util v0.7.19
   Compiling tower v0.5.3
   Compiling tokio-rustls v0.26.4
     Running `sccache /home/lewis/.rustup/toolchains/nightly-2026-04-27-x86_64-unknown-linux-gnu/bin/rustc --crate-name tokio_rustls --edition=2021 /cache/cargo-shared/registry/src/index.crates.io-1949cf8c6b5b557f/tokio-rustls-0.26.4/src/lib.rs --error-format=json --json=diagnostic-rendered-ansi,artifacts,future-incompat --crate-type lib --emit=dep-info,metadata,link -C embed-bitcode=no -C debuginfo=2 --cfg 'feature="aws-lc-rs"' --cfg 'feature="aws_lc_rs"' --cfg 'feature="tls12"' --check-cfg 'cfg(docsrs,test)' --check-cfg 'cfg(feature, values("aws-lc-rs", "aws_lc_rs", "brotli", "default", "early-data", "fips", "logging", "ring", "tls12", "zlib"))' -C metadata=d7fbed300cd4251b -C extra-filename=-ffed77b78ff12eb8 --out-dir /home/lewis/src/ad-law-scrape/athletic-rust-pipeline/target/debug/deps -L dependency=/home/lewis/src/ad-law-scrape/athletic-rust-pipeline/target/debug/deps --extern rustls=/home/lewis/src/ad-law-scrape/athletic-rust-pipeline/target/debug/deps/librustls-6b3c68b3af3d1cac.rmeta --extern tokio=/home/lewis/src/ad-law-scrape/athletic-rust-pipeline/target/debug/deps/libtokio-176180b45f60ab71.rmeta --cap-lints allow -L native=/home/lewis/src/ad-law-scrape/athletic-rust-pipeline/target/debug/build/aws-lc-sys-fe6f7cfce21015b1/out`
     Running `sccache /home/lewis/.rustup/toolchains/nightly-2026-04-27-x86_64-unknown-linux-gnu/bin/rustc --crate-name tower --edition=2018 /cache/cargo-shared/registry/src/index.crates.io-1949cf8c6b5b557f/tower-0.5.3/src/lib.rs --error-format=json --json=diagnostic-rendered-ansi,artifacts,future-incompat --crate-type lib --emit=dep-info,metadata,link -C embed-bitcode=no -C debuginfo=2 --cfg 'feature="futures-core"' --cfg 'feature="futures-util"' --cfg 'feature="pin-project-lite"' --cfg 'feature="retry"' --cfg 'feature="sync_wrapper"' --cfg 'feature="timeout"' --cfg 'feature="tokio"' --cfg 'feature="util"' --check-cfg 'cfg(docsrs,test)' --check-cfg 'cfg(feature, values("balance", "buffer", "discover", "filter", "full", "futures-core", "futures-util", "hdrhistogram", "hedge", "indexmap", "limit", "load", "load-shed", "log", "make", "pin-project-lite", "ready-cache", "reconnect", "retry", "slab", "spawn-ready", "steer", "sync_wrapper", "timeout", "tokio", "tokio-stream", "tokio-util", "tracing", "util"))' -C metadata=df13862cfebd9d90 -C extra-filename=-9a05df2afcb245be --out-dir /home/lewis/src/ad-law-scrape/athletic-rust-pipeline/target/debug/deps -L dependency=/home/lewis/src/ad-law-scrape/athletic-rust-pipeline/target/debug/deps --extern futures_core=/home/lewis/src/ad-law-scrape/athletic-rust-pipeline/target/debug/deps/libfutures_core-72043f6a0bdb656a.rmeta --extern futures_util=/home/lewis/src/ad-law-scrape/athletic-rust-pipeline/target/debug/deps/libfutures_util-d15936129a6e6beb.rmeta --extern pin_project_lite=/home/lewis/src/ad-law-scrape/athletic-rust-pipeline/target/debug/deps/libpin_project_lite-f425c5373185600a.rmeta --extern sync_wrapper=/home/lewis/src/ad-law-scrape/athletic-rust-pipeline/target/debug/deps/libsync_wrapper-62cd7249baeaad4a.rmeta --extern tokio=/home/lewis/src/ad-law-scrape/athletic-rust-pipeline/target/debug/deps/libtokio-176180b45f60ab71.rmeta --extern tower_layer=/home/lewis/src/ad-law-scrape/athletic-rust-pipeline/target/debug/deps/libtower_layer-f1adcfd8c912ddb2.rmeta --extern tower_service=/home/lewis/src/ad-law-scrape/athletic-rust-pipeline/target/debug/deps/libtower_service-49c9ae19fbf92e79.rmeta --cap-lints allow`
     Running `sccache /home/lewis/.rustup/toolchains/nightly-2026-04-27-x86_64-unknown-linux-gnu/bin/rustc --crate-name tokio_util --edition=2021 /cache/cargo-shared/registry/src/index.crates.io-1949cf8c6b5b557f/tokio-util-0.7.19/src/lib.rs --error-format=json --json=diagnostic-rendered-ansi,artifacts,future-incompat --crate-type lib --emit=dep-info,metadata,link -C embed-bitcode=no -C debuginfo=2 --warn=unexpected_cfgs --check-cfg 'cfg(fuzzing)' --check-cfg 'cfg(loom)' --check-cfg 'cfg(mio_unsupported_force_poll_poll)' --check-cfg 'cfg(tokio_allow_from_blocking_fd)' --check-cfg 'cfg(tokio_internal_mt_counters)' --check-cfg 'cfg(tokio_no_parking_lot)' --check-cfg 'cfg(tokio_no_tuning_tests)' --check-cfg 'cfg(tokio_unstable)' --check-cfg 'cfg(target_os, values("cygwin"))' --cfg 'feature="codec"' --cfg 'feature="default"' --cfg 'feature="futures-util"' --cfg 'feature="io"' --cfg 'feature="libc"' --cfg 'feature="rt"' --check-cfg 'cfg(docsrs,test)' --check-cfg 'cfg(feature, values("__docs_rs", "codec", "compat", "default", "full", "futures-io", "futures-util", "hashbrown", "io", "io-util", "join-map", "libc", "net", "rt", "slab", "time", "tracing"))' -C metadata=8d489ff01c3ace50 -C extra-filename=-5ec2f64f331ec273 --out-dir /home/lewis/src/ad-law-scrape/athletic-rust-pipeline/target/debug/deps -L dependency=/home/lewis/src/ad-law-scrape/athletic-rust-pipeline/target/debug/deps --extern bytes=/home/lewis/src/ad-law-scrape/athletic-rust-pipeline/target/debug/deps/libbytes-7e5b5b6c3eb86a3b.rmeta --extern futures_core=/home/lewis/src/ad-law-scrape/athletic-rust-pipeline/target/debug/deps/libfutures_core-72043f6a0bdb656a.rmeta --extern futures_sink=/home/lewis/src/ad-law-scrape/athletic-rust-pipeline/target/debug/deps/libfutures_sink-6ae64aac4ab0b52f.rmeta --extern futures_util=/home/lewis/src/ad-law-scrape/athletic-rust-pipeline/target/debug/deps/libfutures_util-d15936129a6e6beb.rmeta --extern libc=/home/lewis/src/ad-law-scrape/athletic-rust-pipeline/target/debug/deps/liblibc-b8c91ce3adfe55db.rmeta --extern pin_project_lite=/home/lewis/src/ad-law-scrape/athletic-rust-pipeline/target/debug/deps/libpin_project_lite-f425c5373185600a.rmeta --extern tokio=/home/lewis/src/ad-law-scrape/athletic-rust-pipeline/target/debug/deps/libtokio-176180b45f60ab71.rmeta --cap-lints allow`
   Compiling tower-http v0.6.11
     Running `sccache /home/lewis/.rustup/toolchains/nightly-2026-04-27-x86_64-unknown-linux-gnu/bin/rustc --crate-name tower_http --edition=2018 /cache/cargo-shared/registry/src/index.crates.io-1949cf8c6b5b557f/tower-http-0.6.11/src/lib.rs --error-format=json --json=diagnostic-rendered-ansi,artifacts,future-incompat --crate-type lib --emit=dep-info,metadata,link -C embed-bitcode=no -C debuginfo=2 --cfg 'feature="follow-redirect"' --cfg 'feature="futures-util"' --cfg 'feature="tower"' --check-cfg 'cfg(docsrs,test)' --check-cfg 'cfg(feature, values("add-extension", "async-compression", "auth", "base64", "catch-panic", "compression-br", "compression-deflate", "compression-full", "compression-gzip", "compression-zstd", "cors", "decompression-br", "decompression-deflate", "decompression-full", "decompression-gzip", "decompression-zstd", "default", "follow-redirect", "fs", "full", "futures-core", "futures-util", "httpdate", "limit", "map-request-body", "map-response-body", "metrics", "mime", "mime_guess", "normalize-path", "on-early-drop", "percent-encoding", "propagate-header", "redirect", "request-id", "sensitive-headers", "set-header", "set-status", "timeout", "tokio", "tokio-util", "tower", "trace", "tracing", "util", "uuid", "validate-request"))' -C metadata=321524beca663b11 -C extra-filename=-eb65c42cb5c0b1b9 --out-dir /home/lewis/src/ad-law-scrape/athletic-rust-pipeline/target/debug/deps -L dependency=/home/lewis/src/ad-law-scrape/athletic-rust-pipeline/target/debug/deps --extern bitflags=/home/lewis/src/ad-law-scrape/athletic-rust-pipeline/target/debug/deps/libbitflags-e512d9a03f63f576.rmeta --extern bytes=/home/lewis/src/ad-law-scrape/athletic-rust-pipeline/target/debug/deps/libbytes-7e5b5b6c3eb86a3b.rmeta --extern futures_util=/home/lewis/src/ad-law-scrape/athletic-rust-pipeline/target/debug/deps/libfutures_util-d15936129a6e6beb.rmeta --extern http=/home/lewis/src/ad-law-scrape/athletic-rust-pipeline/target/debug/deps/libhttp-29f1bb4c2605c84d.rmeta --extern http_body=/home/lewis/src/ad-law-scrape/athletic-rust-pipeline/target/debug/deps/libhttp_body-a44ad16bd526de8c.rmeta --extern pin_project_lite=/home/lewis/src/ad-law-scrape/athletic-rust-pipeline/target/debug/deps/libpin_project_lite-f425c5373185600a.rmeta --extern tower=/home/lewis/src/ad-law-scrape/athletic-rust-pipeline/target/debug/deps/libtower-9a05df2afcb245be.rmeta --extern tower_layer=/home/lewis/src/ad-law-scrape/athletic-rust-pipeline/target/debug/deps/libtower_layer-f1adcfd8c912ddb2.rmeta --extern tower_service=/home/lewis/src/ad-law-scrape/athletic-rust-pipeline/target/debug/deps/libtower_service-49c9ae19fbf92e79.rmeta --extern url=/home/lewis/src/ad-law-scrape/athletic-rust-pipeline/target/debug/deps/liburl-0f547cf413905183.rmeta --cap-lints allow`
   Compiling h2 v0.4.19
     Running `sccache /home/lewis/.rustup/toolchains/nightly-2026-04-27-x86_64-unknown-linux-gnu/bin/rustc --crate-name h2 --edition=2021 /cache/cargo-shared/registry/src/index.crates.io-1949cf8c6b5b557f/h2-0.4.19/src/lib.rs --error-format=json --json=diagnostic-rendered-ansi,artifacts,future-incompat --crate-type lib --emit=dep-info,metadata,link -C embed-bitcode=no -C debuginfo=2 --warn=unexpected_cfgs --check-cfg 'cfg(fuzzing)' --check-cfg 'cfg(docsrs,test)' --check-cfg 'cfg(feature, values("stream", "unstable"))' -C metadata=035df74863bbda18 -C extra-filename=-759e77b97f50fd39 --out-dir /home/lewis/src/ad-law-scrape/athletic-rust-pipeline/target/debug/deps -L dependency=/home/lewis/src/ad-law-scrape/athletic-rust-pipeline/target/debug/deps --extern atomic_waker=/home/lewis/src/ad-law-scrape/athletic-rust-pipeline/target/debug/deps/libatomic_waker-6cc50ed3a57730b1.rmeta --extern bytes=/home/lewis/src/ad-law-scrape/athletic-rust-pipeline/target/debug/deps/libbytes-7e5b5b6c3eb86a3b.rmeta --extern fnv=/home/lewis/src/ad-law-scrape/athletic-rust-pipeline/target/debug/deps/libfnv-f92f3866429d07f7.rmeta --extern futures_core=/home/lewis/src/ad-law-scrape/athletic-rust-pipeline/target/debug/deps/libfutures_core-72043f6a0bdb656a.rmeta --extern futures_sink=/home/lewis/src/ad-law-scrape/athletic-rust-pipeline/target/debug/deps/libfutures_sink-6ae64aac4ab0b52f.rmeta --extern http=/home/lewis/src/ad-law-scrape/athletic-rust-pipeline/target/debug/deps/libhttp-29f1bb4c2605c84d.rmeta --extern indexmap=/home/lewis/src/ad-law-scrape/athletic-rust-pipeline/target/debug/deps/libindexmap-1c63c723307638d8.rmeta --extern slab=/home/lewis/src/ad-law-scrape/athletic-rust-pipeline/target/debug/deps/libslab-6f7af7647d744802.rmeta --extern tokio=/home/lewis/src/ad-law-scrape/athletic-rust-pipeline/target/debug/deps/libtokio-176180b45f60ab71.rmeta --extern tokio_util=/home/lewis/src/ad-law-scrape/athletic-rust-pipeline/target/debug/deps/libtokio_util-5ec2f64f331ec273.rmeta --extern tracing=/home/lewis/src/ad-law-scrape/athletic-rust-pipeline/target/debug/deps/libtracing-71dadc955179d0b7.rmeta --cap-lints allow`
     Running `sccache /home/lewis/.rustup/toolchains/nightly-2026-04-27-x86_64-unknown-linux-gnu/bin/rustc --crate-name zerocopy --edition=2021 /cache/cargo-shared/registry/src/index.crates.io-1949cf8c6b5b557f/zerocopy-0.8.56/src/lib.rs --error-format=json --json=diagnostic-rendered-ansi,artifacts,future-incompat --crate-type lib --emit=dep-info,metadata,link -C embed-bitcode=no -C debuginfo=2 --cfg 'feature="derive"' --cfg 'feature="simd"' --cfg 'feature="zerocopy-derive"' --check-cfg 'cfg(docsrs,test)' --check-cfg 'cfg(feature, values("__internal_use_only_features_that_work_on_stable", "alloc", "derive", "float-nightly", "simd", "simd-nightly", "std", "zerocopy-derive"))' -C metadata=9ec5995dc123dbc6 -C extra-filename=-a42d96a966a3055a --out-dir /home/lewis/src/ad-law-scrape/athletic-rust-pipeline/target/debug/deps -L dependency=/home/lewis/src/ad-law-scrape/athletic-rust-pipeline/target/debug/deps --extern zerocopy_derive=/home/lewis/src/ad-law-scrape/athletic-rust-pipeline/target/debug/deps/libzerocopy_derive-096bfde4e6696f1e.so --cap-lints allow --check-cfg 'cfg(no_zerocopy_simd_x86_avx12_1_89_0)' --check-cfg 'cfg(rust, values("1.89.0"))' --check-cfg 'cfg(no_zerocopy_core_error_1_81_0)' --check-cfg 'cfg(rust, values("1.81.0"))' --check-cfg 'cfg(no_zerocopy_diagnostic_on_unimplemented_1_78_0)' --check-cfg 'cfg(rust, values("1.78.0"))' --check-cfg 'cfg(no_zerocopy_generic_bounds_in_const_fn_1_61_0)' --check-cfg 'cfg(rust, values("1.61.0"))' --check-cfg 'cfg(no_zerocopy_target_has_atomics_1_60_0)' --check-cfg 'cfg(rust, values("1.60.0"))' --check-cfg 'cfg(no_zerocopy_aarch64_simd_1_59_0)' --check-cfg 'cfg(rust, values("1.59.0"))' --check-cfg 'cfg(no_zerocopy_aarch64_simd_be_1_87_0)' --check-cfg 'cfg(rust, values("1.87.0"))' --check-cfg 'cfg(no_zerocopy_panic_in_const_and_vec_try_reserve_1_57_0)' --check-cfg 'cfg(rust, values("1.57.0"))' --check-cfg 'cfg(doc_cfg)' --check-cfg 'cfg(kani)' --check-cfg 'cfg(__ZEROCOPY_INTERNAL_USE_ONLY_NIGHTLY_FEATURES_IN_TESTS)' --check-cfg 'cfg(__ZEROCOPY_INTERNAL_USE_ONLY_DEV_MODE)' --check-cfg 'cfg(coverage_nightly)' --check-cfg 'cfg(zerocopy_inline_always)' --check-cfg 'cfg(zerocopy_unstable_ptr)' --check-cfg 'cfg(zerocopy_unstable_linux)' --check-cfg 'cfg(no_fp_fmt_parse)'`
   Compiling prost v0.14.4
     Running `sccache /home/lewis/.rustup/toolchains/nightly-2026-04-27-x86_64-unknown-linux-gnu/bin/rustc --crate-name prost --edition=2021 /cache/cargo-shared/registry/src/index.crates.io-1949cf8c6b5b557f/prost-0.14.4/src/lib.rs --error-format=json --json=diagnostic-rendered-ansi,artifacts,future-incompat --crate-type lib --emit=dep-info,metadata,link -C embed-bitcode=no -C debuginfo=2 --cfg 'feature="default"' --cfg 'feature="derive"' --cfg 'feature="std"' --check-cfg 'cfg(docsrs,test)' --check-cfg 'cfg(feature, values("default", "derive", "no-recursion-limit", "std"))' -C metadata=f9315fbc4bbbbfcc -C extra-filename=-5870844e943d75ce --out-dir /home/lewis/src/ad-law-scrape/athletic-rust-pipeline/target/debug/deps -L dependency=/home/lewis/src/ad-law-scrape/athletic-rust-pipeline/target/debug/deps --extern bytes=/home/lewis/src/ad-law-scrape/athletic-rust-pipeline/target/debug/deps/libbytes-7e5b5b6c3eb86a3b.rmeta --extern prost_derive=/home/lewis/src/ad-law-scrape/athletic-rust-pipeline/target/debug/deps/libprost_derive-42a3b3bb9b7007f6.so --cap-lints allow`
   Compiling hyper v1.11.0
     Running `sccache /home/lewis/.rustup/toolchains/nightly-2026-04-27-x86_64-unknown-linux-gnu/bin/rustc --crate-name hyper --edition=2021 /cache/cargo-shared/registry/src/index.crates.io-1949cf8c6b5b557f/hyper-1.11.0/src/lib.rs --error-format=json --json=diagnostic-rendered-ansi,artifacts,future-incompat --crate-type lib --emit=dep-info,metadata,link -C embed-bitcode=no -C debuginfo=2 '--warn=clippy::restriction' '--warn=clippy::pedantic' '--allow=clippy::wildcard_enum_match_arm' '--allow=clippy::useless_borrows_in_formatting' '--allow=clippy::used_underscore_items' '--allow=clippy::unwrap_in_result' '--allow=clippy::unused_trait_names' '--allow=clippy::unused_async' '--allow=clippy::unseparated_literal_suffix' '--allow=clippy::unreachable' '--allow=clippy::unnested_or_patterns' '--allow=clippy::unnecessary_trailing_comma' '--allow=clippy::unnecessary_safety_comment' --warn=unexpected_cfgs '--allow=clippy::type_complexity' '--allow=clippy::trivially_copy_pass_by_ref' '--allow=clippy::too_many_lines' '--allow=clippy::struct_field_names' '--allow=clippy::struct_excessive_bools' '--allow=clippy::std_instead_of_core' '--allow=clippy::std_instead_of_alloc' '--allow=clippy::single_char_lifetime_names' '--allow=clippy::single_call_fn' '--allow=clippy::shadow_unrelated' '--allow=clippy::shadow_same' '--allow=clippy::shadow_reuse' '--allow=clippy::semicolon_outside_block' '--allow=clippy::semicolon_inside_block' '--deny=clippy::self_named_module_files' '--allow=clippy::same_name_method' '--allow=clippy::renamed_function_params' '--allow=clippy::ref_patterns' '--allow=clippy::redundant_else' '--allow=clippy::redundant_closure_for_method_calls' '--allow=clippy::question_mark_used' '--allow=clippy::pub_with_shorthand' '--allow=clippy::pub_use' '--allow=clippy::pattern_type_mismatch' '--allow=clippy::panic_in_result_fn' '--allow=clippy::panic' '--allow=clippy::new_without_default' '--allow=clippy::needless_pass_by_value' '--allow=clippy::needless_continue' '--allow=clippy::must_use_candidate' '--allow=clippy::multiple_unsafe_ops_per_block' '--allow=clippy::multiple_inherent_impl' '--allow=clippy::module_name_repetitions' '--allow=clippy::module_inception' '--allow=clippy::mod_module_files' '--allow=clippy::missing_trait_methods' '--allow=clippy::missing_panics_doc' '--allow=clippy::missing_inline_in_public_items' '--allow=clippy::missing_fields_in_debug' '--allow=clippy::missing_errors_doc' '--allow=clippy::missing_docs_in_private_items' '--allow=clippy::missing_assert_message' '--allow=clippy::min_ident_chars' '--allow=clippy::match_wild_err_arm' '--allow=clippy::map_unwrap_or' '--allow=clippy::map_err_ignore' '--allow=clippy::let_unit_value' '--allow=clippy::let_underscore_untyped' '--allow=clippy::let_underscore_must_use' '--allow=clippy::items_after_statements' '--allow=clippy::integer_division_remainder_used' '--allow=clippy::integer_division' '--allow=clippy::inline_trait_bounds' '--allow=clippy::inline_modules' '--allow=clippy::indexing_slicing' '--allow=clippy::implicit_return' '--allow=clippy::impl_trait_in_params' '--allow=clippy::ignored_unit_patterns' '--allow=clippy::if_then_some_else_none' '--allow=clippy::if_not_else' '--allow=clippy::float_arithmetic' '--allow=clippy::field_scoped_visibility_modifiers' '--allow=clippy::expect_used' '--allow=clippy::error_impl_error' '--allow=clippy::enum_glob_use' '--allow=clippy::else_if_without_else' '--allow=clippy::default_numeric_fallback' '--allow=clippy::decimal_literal_representation' '--allow=clippy::collapsible_match' '--allow=clippy::cognitive_complexity' '--allow=clippy::clone_on_ref_ptr' '--allow=clippy::checked_conversions' '--allow=clippy::cast_precision_loss' '--allow=clippy::cast_possible_truncation' '--allow=clippy::blanket_clippy_restriction_lints' '--allow=clippy::as_conversions' '--allow=clippy::arithmetic_side_effects' '--allow=clippy::arbitrary_source_item_ordering' '--allow=clippy::absolute_paths' --check-cfg 'cfg(hyper_unstable_tracing)' --check-cfg 'cfg(hyper_unstable_ffi)' --cfg 'feature="client"' --cfg 'feature="default"' --cfg 'feature="http1"' --cfg 'feature="http2"' --cfg 'feature="server"' --check-cfg 'cfg(docsrs,test)' --check-cfg 'cfg(feature, values("capi", "client", "default", "ffi", "full", "http1", "http2", "nightly", "server", "tracing"))' -C metadata=3e818143cdad2ef7 -C extra-filename=-22c552afccaef927 --out-dir /home/lewis/src/ad-law-scrape/athletic-rust-pipeline/target/debug/deps -L dependency=/home/lewis/src/ad-law-scrape/athletic-rust-pipeline/target/debug/deps --extern atomic_waker=/home/lewis/src/ad-law-scrape/athletic-rust-pipeline/target/debug/deps/libatomic_waker-6cc50ed3a57730b1.rmeta --extern bytes=/home/lewis/src/ad-law-scrape/athletic-rust-pipeline/target/debug/deps/libbytes-7e5b5b6c3eb86a3b.rmeta --extern futures_channel=/home/lewis/src/ad-law-scrape/athletic-rust-pipeline/target/debug/deps/libfutures_channel-d3bccaf31b6a04d6.rmeta --extern futures_core=/home/lewis/src/ad-law-scrape/athletic-rust-pipeline/target/debug/deps/libfutures_core-72043f6a0bdb656a.rmeta --extern h2=/home/lewis/src/ad-law-scrape/athletic-rust-pipeline/target/debug/deps/libh2-759e77b97f50fd39.rmeta --extern http=/home/lewis/src/ad-law-scrape/athletic-rust-pipeline/target/debug/deps/libhttp-29f1bb4c2605c84d.rmeta --extern http_body=/home/lewis/src/ad-law-scrape/athletic-rust-pipeline/target/debug/deps/libhttp_body-a44ad16bd526de8c.rmeta --extern httparse=/home/lewis/src/ad-law-scrape/athletic-rust-pipeline/target/debug/deps/libhttparse-15c361db3d642f20.rmeta --extern httpdate=/home/lewis/src/ad-law-scrape/athletic-rust-pipeline/target/debug/deps/libhttpdate-0f88255c622edf36.rmeta --extern itoa=/home/lewis/src/ad-law-scrape/athletic-rust-pipeline/target/debug/deps/libitoa-7513f2cf66bc818f.rmeta --extern pin_project_lite=/home/lewis/src/ad-law-scrape/athletic-rust-pipeline/target/debug/deps/libpin_project_lite-f425c5373185600a.rmeta --extern smallvec=/home/lewis/src/ad-law-scrape/athletic-rust-pipeline/target/debug/deps/libsmallvec-caa7beabf7a7dce1.rmeta --extern tokio=/home/lewis/src/ad-law-scrape/athletic-rust-pipeline/target/debug/deps/libtokio-176180b45f60ab71.rmeta --extern want=/home/lewis/src/ad-law-scrape/athletic-rust-pipeline/target/debug/deps/libwant-9631eea15b105e55.rmeta --cap-lints allow`
   Compiling restate-sdk-shared-core v7.0.3
     Running `sccache /home/lewis/.rustup/toolchains/nightly-2026-04-27-x86_64-unknown-linux-gnu/bin/rustc --crate-name restate_sdk_shared_core --edition=2021 /cache/cargo-shared/registry/src/index.crates.io-1949cf8c6b5b557f/restate-sdk-shared-core-7.0.3/src/lib.rs --error-format=json --json=diagnostic-rendered-ansi,artifacts,future-incompat --crate-type lib --emit=dep-info,metadata,link -C embed-bitcode=no -C debuginfo=2 --cfg 'feature="aws_lc_rs"' --cfg 'feature="default"' --cfg 'feature="http"' --cfg 'feature="request_identity"' --cfg 'feature="sha2_random_seed"' --check-cfg 'cfg(docsrs,test)' --check-cfg 'cfg(feature, values("aws_lc_rs", "default", "http", "request_identity", "rust_crypto", "sha2_random_seed", "tracing_pretty"))' -C metadata=b695f47009130277 -C extra-filename=-abc1d80b7c774f8b --out-dir /home/lewis/src/ad-law-scrape/athletic-rust-pipeline/target/debug/deps -L dependency=/home/lewis/src/ad-law-scrape/athletic-rust-pipeline/target/debug/deps --extern base64=/home/lewis/src/ad-law-scrape/athletic-rust-pipeline/target/debug/deps/libbase64-8247382c1ed853ef.rmeta --extern bs58=/home/lewis/src/ad-law-scrape/athletic-rust-pipeline/target/debug/deps/libbs58-9c0ce0efc978bf90.rmeta --extern bytes=/home/lewis/src/ad-law-scrape/athletic-rust-pipeline/target/debug/deps/libbytes-7e5b5b6c3eb86a3b.rmeta --extern bytes_utils=/home/lewis/src/ad-law-scrape/athletic-rust-pipeline/target/debug/deps/libbytes_utils-1e20e8f1dce09795.rmeta --extern http=/home/lewis/src/ad-law-scrape/athletic-rust-pipeline/target/debug/deps/libhttp-29f1bb4c2605c84d.rmeta --extern jsonwebtoken=/home/lewis/src/ad-law-scrape/athletic-rust-pipeline/target/debug/deps/libjsonwebtoken-9046dca6ca8461fb.rmeta --extern pastey=/home/lewis/src/ad-law-scrape/athletic-rust-pipeline/target/debug/deps/libpastey-b91d7b32ce1e3b60.so --extern prost=/home/lewis/src/ad-law-scrape/athletic-rust-pipeline/target/debug/deps/libprost-5870844e943d75ce.rmeta --extern serde=/home/lewis/src/ad-law-scrape/athletic-rust-pipeline/target/debug/deps/libserde-986bafa530b5bae4.rmeta --extern sha2=/home/lewis/src/ad-law-scrape/athletic-rust-pipeline/target/debug/deps/libsha2-e126953eb8bb0707.rmeta --extern strum=/home/lewis/src/ad-law-scrape/athletic-rust-pipeline/target/debug/deps/libstrum-3333963cff4ce7cd.rmeta --extern thiserror=/home/lewis/src/ad-law-scrape/athletic-rust-pipeline/target/debug/deps/libthiserror-1bc0d12be9ec7558.rmeta --extern tracing=/home/lewis/src/ad-law-scrape/athletic-rust-pipeline/target/debug/deps/libtracing-71dadc955179d0b7.rmeta --cap-lints allow -L native=/home/lewis/src/ad-law-scrape/athletic-rust-pipeline/target/debug/build/aws-lc-sys-fe6f7cfce21015b1/out`
   Compiling hyper-util v0.1.20
     Running `sccache /home/lewis/.rustup/toolchains/nightly-2026-04-27-x86_64-unknown-linux-gnu/bin/rustc --crate-name hyper_util --edition=2021 /cache/cargo-shared/registry/src/index.crates.io-1949cf8c6b5b557f/hyper-util-0.1.20/src/lib.rs --error-format=json --json=diagnostic-rendered-ansi,artifacts,future-incompat --crate-type lib --emit=dep-info,metadata,link -C embed-bitcode=no -C debuginfo=2 --cfg 'feature="client"' --cfg 'feature="client-legacy"' --cfg 'feature="client-proxy"' --cfg 'feature="client-proxy-system"' --cfg 'feature="default"' --cfg 'feature="http1"' --cfg 'feature="http2"' --cfg 'feature="server"' --cfg 'feature="server-graceful"' --cfg 'feature="tokio"' --check-cfg 'cfg(docsrs,test)' --check-cfg 'cfg(feature, values("__internal_happy_eyeballs_tests", "client", "client-legacy", "client-pool", "client-proxy", "client-proxy-system", "default", "full", "http1", "http2", "server", "server-auto", "server-graceful", "service", "tokio", "tracing"))' -C metadata=317910c5abf6c13a -C extra-filename=-069833ba94589ddf --out-dir /home/lewis/src/ad-law-scrape/athletic-rust-pipeline/target/debug/deps -L dependency=/home/lewis/src/ad-law-scrape/athletic-rust-pipeline/target/debug/deps --extern base64=/home/lewis/src/ad-law-scrape/athletic-rust-pipeline/target/debug/deps/libbase64-8247382c1ed853ef.rmeta --extern bytes=/home/lewis/src/ad-law-scrape/athletic-rust-pipeline/target/debug/deps/libbytes-7e5b5b6c3eb86a3b.rmeta --extern futures_channel=/home/lewis/src/ad-law-scrape/athletic-rust-pipeline/target/debug/deps/libfutures_channel-d3bccaf31b6a04d6.rmeta --extern futures_util=/home/lewis/src/ad-law-scrape/athletic-rust-pipeline/target/debug/deps/libfutures_util-d15936129a6e6beb.rmeta --extern http=/home/lewis/src/ad-law-scrape/athletic-rust-pipeline/target/debug/deps/libhttp-29f1bb4c2605c84d.rmeta --extern http_body=/home/lewis/src/ad-law-scrape/athletic-rust-pipeline/target/debug/deps/libhttp_body-a44ad16bd526de8c.rmeta --extern hyper=/home/lewis/src/ad-law-scrape/athletic-rust-pipeline/target/debug/deps/libhyper-22c552afccaef927.rmeta --extern ipnet=/home/lewis/src/ad-law-scrape/athletic-rust-pipeline/target/debug/deps/libipnet-ce49bfe8529f0df0.rmeta --extern libc=/home/lewis/src/ad-law-scrape/athletic-rust-pipeline/target/debug/deps/liblibc-b8c91ce3adfe55db.rmeta --extern percent_encoding=/home/lewis/src/ad-law-scrape/athletic-rust-pipeline/target/debug/deps/libpercent_encoding-d957a622bfb9bbb0.rmeta --extern pin_project_lite=/home/lewis/src/ad-law-scrape/athletic-rust-pipeline/target/debug/deps/libpin_project_lite-f425c5373185600a.rmeta --extern socket2=/home/lewis/src/ad-law-scrape/athletic-rust-pipeline/target/debug/deps/libsocket2-7b3ed1529f6254d1.rmeta --extern tokio=/home/lewis/src/ad-law-scrape/athletic-rust-pipeline/target/debug/deps/libtokio-176180b45f60ab71.rmeta --extern tower_service=/home/lewis/src/ad-law-scrape/athletic-rust-pipeline/target/debug/deps/libtower_service-49c9ae19fbf92e79.rmeta --extern tracing=/home/lewis/src/ad-law-scrape/athletic-rust-pipeline/target/debug/deps/libtracing-71dadc955179d0b7.rmeta --cap-lints allow`
   Compiling hyper-rustls v0.27.9
     Running `sccache /home/lewis/.rustup/toolchains/nightly-2026-04-27-x86_64-unknown-linux-gnu/bin/rustc --crate-name hyper_rustls --edition=2021 /cache/cargo-shared/registry/src/index.crates.io-1949cf8c6b5b557f/hyper-rustls-0.27.9/src/lib.rs --error-format=json --json=diagnostic-rendered-ansi,artifacts,future-incompat --crate-type lib --emit=dep-info,metadata,link -C embed-bitcode=no -C debuginfo=2 --cfg 'feature="aws-lc-rs"' --cfg 'feature="http1"' --cfg 'feature="http2"' --cfg 'feature="tls12"' --check-cfg 'cfg(docsrs,test)' --check-cfg 'cfg(feature, values("aws-lc-rs", "default", "fips", "http1", "http2", "log", "logging", "native-tokio", "ring", "rustls-native-certs", "rustls-platform-verifier", "tls12", "webpki-roots", "webpki-tokio"))' -C metadata=00a58881a4fc0990 -C extra-filename=-0bd3e4684fbe90ab --out-dir /home/lewis/src/ad-law-scrape/athletic-rust-pipeline/target/debug/deps -L dependency=/home/lewis/src/ad-law-scrape/athletic-rust-pipeline/target/debug/deps --extern http=/home/lewis/src/ad-law-scrape/athletic-rust-pipeline/target/debug/deps/libhttp-29f1bb4c2605c84d.rmeta --extern hyper=/home/lewis/src/ad-law-scrape/athletic-rust-pipeline/target/debug/deps/libhyper-22c552afccaef927.rmeta --extern hyper_util=/home/lewis/src/ad-law-scrape/athletic-rust-pipeline/target/debug/deps/libhyper_util-069833ba94589ddf.rmeta --extern rustls=/home/lewis/src/ad-law-scrape/athletic-rust-pipeline/target/debug/deps/librustls-6b3c68b3af3d1cac.rmeta --extern tokio=/home/lewis/src/ad-law-scrape/athletic-rust-pipeline/target/debug/deps/libtokio-176180b45f60ab71.rmeta --extern tokio_rustls=/home/lewis/src/ad-law-scrape/athletic-rust-pipeline/target/debug/deps/libtokio_rustls-ffed77b78ff12eb8.rmeta --extern tower_service=/home/lewis/src/ad-law-scrape/athletic-rust-pipeline/target/debug/deps/libtower_service-49c9ae19fbf92e79.rmeta --cap-lints allow -L native=/home/lewis/src/ad-law-scrape/athletic-rust-pipeline/target/debug/build/aws-lc-sys-fe6f7cfce21015b1/out`
   Compiling reqwest v0.13.4
     Running `sccache /home/lewis/.rustup/toolchains/nightly-2026-04-27-x86_64-unknown-linux-gnu/bin/rustc --crate-name reqwest --edition=2021 /cache/cargo-shared/registry/src/index.crates.io-1949cf8c6b5b557f/reqwest-0.13.4/src/lib.rs --error-format=json --json=diagnostic-rendered-ansi,artifacts,future-incompat --crate-type lib --emit=dep-info,metadata,link -C embed-bitcode=no -C debuginfo=2 --warn=unexpected_cfgs --check-cfg 'cfg(reqwest_unstable)' --cfg 'feature="__rustls"' --cfg 'feature="__rustls-aws-lc-rs"' --cfg 'feature="__tls"' --cfg 'feature="charset"' --cfg 'feature="default"' --cfg 'feature="default-tls"' --cfg 'feature="http2"' --cfg 'feature="json"' --cfg 'feature="query"' --cfg 'feature="rustls"' --cfg 'feature="stream"' --cfg 'feature="system-proxy"' --check-cfg 'cfg(docsrs,test)' --check-cfg 'cfg(feature, values("__native-tls", "__native-tls-alpn", "__rustls", "__rustls-aws-lc-rs", "__tls", "blocking", "brotli", "charset", "cookies", "default", "default-tls", "deflate", "form", "gzip", "hickory-dns", "http2", "http3", "json", "multipart", "native-tls", "native-tls-no-alpn", "native-tls-vendored", "native-tls-vendored-no-alpn", "query", "rustls", "rustls-no-provider", "socks", "stream", "system-proxy", "zstd"))' -C metadata=b8a27ac28b566a49 -C extra-filename=-fdc91a4de5a1c963 --out-dir /home/lewis/src/ad-law-scrape/athletic-rust-pipeline/target/debug/deps -L dependency=/home/lewis/src/ad-law-scrape/athletic-rust-pipeline/target/debug/deps --extern base64=/home/lewis/src/ad-law-scrape/athletic-rust-pipeline/target/debug/deps/libbase64-8247382c1ed853ef.rmeta --extern bytes=/home/lewis/src/ad-law-scrape/athletic-rust-pipeline/target/debug/deps/libbytes-7e5b5b6c3eb86a3b.rmeta --extern encoding_rs=/home/lewis/src/ad-law-scrape/athletic-rust-pipeline/target/debug/deps/libencoding_rs-e40f52e5401bf09a.rmeta --extern futures_core=/home/lewis/src/ad-law-scrape/athletic-rust-pipeline/target/debug/deps/libfutures_core-72043f6a0bdb656a.rmeta --extern futures_util=/home/lewis/src/ad-law-scrape/athletic-rust-pipeline/target/debug/deps/libfutures_util-d15936129a6e6beb.rmeta --extern h2=/home/lewis/src/ad-law-scrape/athletic-rust-pipeline/target/debug/deps/libh2-759e77b97f50fd39.rmeta --extern http=/home/lewis/src/ad-law-scrape/athletic-rust-pipeline/target/debug/deps/libhttp-29f1bb4c2605c84d.rmeta --extern http_body=/home/lewis/src/ad-law-scrape/athletic-rust-pipeline/target/debug/deps/libhttp_body-a44ad16bd526de8c.rmeta --extern http_body_util=/home/lewis/src/ad-law-scrape/athletic-rust-pipeline/target/debug/deps/libhttp_body_util-fb45d3adba1255f8.rmeta --extern hyper=/home/lewis/src/ad-law-scrape/athletic-rust-pipeline/target/debug/deps/libhyper-22c552afccaef927.rmeta --extern hyper_rustls=/home/lewis/src/ad-law-scrape/athletic-rust-pipeline/target/debug/deps/libhyper_rustls-0bd3e4684fbe90ab.rmeta --extern hyper_util=/home/lewis/src/ad-law-scrape/athletic-rust-pipeline/target/debug/deps/libhyper_util-069833ba94589ddf.rmeta --extern log=/home/lewis/src/ad-law-scrape/athletic-rust-pipeline/target/debug/deps/liblog-26615c79eb9de8da.rmeta --extern mime=/home/lewis/src/ad-law-scrape/athletic-rust-pipeline/target/debug/deps/libmime-a3a447849a8f2f30.rmeta --extern percent_encoding=/home/lewis/src/ad-law-scrape/athletic-rust-pipeline/target/debug/deps/libpercent_encoding-d957a622bfb9bbb0.rmeta --extern pin_project_lite=/home/lewis/src/ad-law-scrape/athletic-rust-pipeline/target/debug/deps/libpin_project_lite-f425c5373185600a.rmeta --extern rustls=/home/lewis/src/ad-law-scrape/athletic-rust-pipeline/target/debug/deps/librustls-6b3c68b3af3d1cac.rmeta --extern rustls_pki_types=/home/lewis/src/ad-law-scrape/athletic-rust-pipeline/target/debug/deps/librustls_pki_types-93d7e701375cd83a.rmeta --extern rustls_platform_verifier=/home/lewis/src/ad-law-scrape/athletic-rust-pipeline/target/debug/deps/librustls_platform_verifier-398b3686bce82513.rmeta --extern serde=/home/lewis/src/ad-law-scrape/athletic-rust-pipeline/target/debug/deps/libserde-986bafa530b5bae4.rmeta --extern serde_json=/home/lewis/src/ad-law-scrape/athletic-rust-pipeline/target/debug/deps/libserde_json-089accd2b59d2a69.rmeta --extern serde_urlencoded=/home/lewis/src/ad-law-scrape/athletic-rust-pipeline/target/debug/deps/libserde_urlencoded-2293c2b4ae9112c8.rmeta --extern sync_wrapper=/home/lewis/src/ad-law-scrape/athletic-rust-pipeline/target/debug/deps/libsync_wrapper-62cd7249baeaad4a.rmeta --extern tokio=/home/lewis/src/ad-law-scrape/athletic-rust-pipeline/target/debug/deps/libtokio-176180b45f60ab71.rmeta --extern tokio_rustls=/home/lewis/src/ad-law-scrape/athletic-rust-pipeline/target/debug/deps/libtokio_rustls-ffed77b78ff12eb8.rmeta --extern tokio_util=/home/lewis/src/ad-law-scrape/athletic-rust-pipeline/target/debug/deps/libtokio_util-5ec2f64f331ec273.rmeta --extern tower=/home/lewis/src/ad-law-scrape/athletic-rust-pipeline/target/debug/deps/libtower-9a05df2afcb245be.rmeta --extern tower_http=/home/lewis/src/ad-law-scrape/athletic-rust-pipeline/target/debug/deps/libtower_http-eb65c42cb5c0b1b9.rmeta --extern tower_service=/home/lewis/src/ad-law-scrape/athletic-rust-pipeline/target/debug/deps/libtower_service-49c9ae19fbf92e79.rmeta --extern url=/home/lewis/src/ad-law-scrape/athletic-rust-pipeline/target/debug/deps/liburl-0f547cf413905183.rmeta --cap-lints allow -L native=/home/lewis/src/ad-law-scrape/athletic-rust-pipeline/target/debug/build/aws-lc-sys-fe6f7cfce21015b1/out`
   Compiling ppv-lite86 v0.2.21
   Compiling half v2.7.1
     Running `sccache /home/lewis/.rustup/toolchains/nightly-2026-04-27-x86_64-unknown-linux-gnu/bin/rustc --crate-name half --edition=2021 /cache/cargo-shared/registry/src/index.crates.io-1949cf8c6b5b557f/half-2.7.1/src/lib.rs --error-format=json --json=diagnostic-rendered-ansi,artifacts,future-incompat --crate-type lib --emit=dep-info,metadata,link -C embed-bitcode=no -C debuginfo=2 --check-cfg 'cfg(docsrs,test)' --check-cfg 'cfg(feature, values("alloc", "arbitrary", "bytemuck", "default", "nightly", "num-traits", "rand_distr", "rkyv", "serde", "std", "use-intrinsics", "zerocopy"))' -C metadata=2210c60e78f1e56c -C extra-filename=-c57a433ab1b392fe --out-dir /home/lewis/src/ad-law-scrape/athletic-rust-pipeline/target/debug/deps -L dependency=/home/lewis/src/ad-law-scrape/athletic-rust-pipeline/target/debug/deps --extern cfg_if=/home/lewis/src/ad-law-scrape/athletic-rust-pipeline/target/debug/deps/libcfg_if-f9f8fce67dfba441.rmeta --extern zerocopy=/home/lewis/src/ad-law-scrape/athletic-rust-pipeline/target/debug/deps/libzerocopy-a42d96a966a3055a.rmeta --cap-lints allow`
     Running `sccache /home/lewis/.rustup/toolchains/nightly-2026-04-27-x86_64-unknown-linux-gnu/bin/rustc --crate-name ppv_lite86 --edition=2021 /cache/cargo-shared/registry/src/index.crates.io-1949cf8c6b5b557f/ppv-lite86-0.2.21/src/lib.rs --error-format=json --json=diagnostic-rendered-ansi,artifacts,future-incompat --crate-type lib --emit=dep-info,metadata,link -C embed-bitcode=no -C debuginfo=2 --cfg 'feature="simd"' --cfg 'feature="std"' --check-cfg 'cfg(docsrs,test)' --check-cfg 'cfg(feature, values("default", "no_simd", "simd", "std"))' -C metadata=2ce684574148267c -C extra-filename=-89b089ee532587de --out-dir /home/lewis/src/ad-law-scrape/athletic-rust-pipeline/target/debug/deps -L dependency=/home/lewis/src/ad-law-scrape/athletic-rust-pipeline/target/debug/deps --extern zerocopy=/home/lewis/src/ad-law-scrape/athletic-rust-pipeline/target/debug/deps/libzerocopy-a42d96a966a3055a.rmeta --cap-lints allow`
   Compiling rand_chacha v0.9.0
     Running `sccache /home/lewis/.rustup/toolchains/nightly-2026-04-27-x86_64-unknown-linux-gnu/bin/rustc --crate-name rand_chacha --edition=2021 /cache/cargo-shared/registry/src/index.crates.io-1949cf8c6b5b557f/rand_chacha-0.9.0/src/lib.rs --error-format=json --json=diagnostic-rendered-ansi,artifacts,future-incompat --crate-type lib --emit=dep-info,metadata,link -C embed-bitcode=no -C debuginfo=2 --cfg 'feature="std"' --check-cfg 'cfg(docsrs,test)' --check-cfg 'cfg(feature, values("default", "os_rng", "serde", "std"))' -C metadata=6c942e493070c679 -C extra-filename=-c263070d2eb44568 --out-dir /home/lewis/src/ad-law-scrape/athletic-rust-pipeline/target/debug/deps -L dependency=/home/lewis/src/ad-law-scrape/athletic-rust-pipeline/target/debug/deps --extern ppv_lite86=/home/lewis/src/ad-law-scrape/athletic-rust-pipeline/target/debug/deps/libppv_lite86-89b089ee532587de.rmeta --extern rand_core=/home/lewis/src/ad-law-scrape/athletic-rust-pipeline/target/debug/deps/librand_core-edbc0a3734dcb98d.rmeta --cap-lints allow`
   Compiling ciborium-ll v0.2.2
     Running `sccache /home/lewis/.rustup/toolchains/nightly-2026-04-27-x86_64-unknown-linux-gnu/bin/rustc --crate-name ciborium_ll --edition=2021 /cache/cargo-shared/registry/src/index.crates.io-1949cf8c6b5b557f/ciborium-ll-0.2.2/src/lib.rs --error-format=json --json=diagnostic-rendered-ansi,artifacts,future-incompat --crate-type lib --emit=dep-info,metadata,link -C embed-bitcode=no -C debuginfo=2 --check-cfg 'cfg(docsrs,test)' --check-cfg 'cfg(feature, values("alloc", "std"))' -C metadata=99353fee8bead25e -C extra-filename=-51dcd743a0975445 --out-dir /home/lewis/src/ad-law-scrape/athletic-rust-pipeline/target/debug/deps -L dependency=/home/lewis/src/ad-law-scrape/athletic-rust-pipeline/target/debug/deps --extern ciborium_io=/home/lewis/src/ad-law-scrape/athletic-rust-pipeline/target/debug/deps/libciborium_io-47f1f56191ba3171.rmeta --extern half=/home/lewis/src/ad-law-scrape/athletic-rust-pipeline/target/debug/deps/libhalf-c57a433ab1b392fe.rmeta --cap-lints allow`
   Compiling ciborium v0.2.2
     Running `sccache /home/lewis/.rustup/toolchains/nightly-2026-04-27-x86_64-unknown-linux-gnu/bin/rustc --crate-name ciborium --edition=2021 /cache/cargo-shared/registry/src/index.crates.io-1949cf8c6b5b557f/ciborium-0.2.2/src/lib.rs --error-format=json --json=diagnostic-rendered-ansi,artifacts,future-incompat --crate-type lib --emit=dep-info,metadata,link -C embed-bitcode=no -C debuginfo=2 --cfg 'feature="default"' --cfg 'feature="std"' --check-cfg 'cfg(docsrs,test)' --check-cfg 'cfg(feature, values("default", "std"))' -C metadata=6f7825f5018427ec -C extra-filename=-49826e6b82b4e1b5 --out-dir /home/lewis/src/ad-law-scrape/athletic-rust-pipeline/target/debug/deps -L dependency=/home/lewis/src/ad-law-scrape/athletic-rust-pipeline/target/debug/deps --extern ciborium_io=/home/lewis/src/ad-law-scrape/athletic-rust-pipeline/target/debug/deps/libciborium_io-47f1f56191ba3171.rmeta --extern ciborium_ll=/home/lewis/src/ad-law-scrape/athletic-rust-pipeline/target/debug/deps/libciborium_ll-51dcd743a0975445.rmeta --extern serde=/home/lewis/src/ad-law-scrape/athletic-rust-pipeline/target/debug/deps/libserde-986bafa530b5bae4.rmeta --cap-lints allow`
   Compiling restate-sdk v0.12.0
     Running `sccache /home/lewis/.rustup/toolchains/nightly-2026-04-27-x86_64-unknown-linux-gnu/bin/rustc --crate-name restate_sdk --edition=2024 /cache/cargo-shared/registry/src/index.crates.io-1949cf8c6b5b557f/restate-sdk-0.12.0/src/lib.rs --error-format=json --json=diagnostic-rendered-ansi,artifacts,future-incompat --crate-type lib --emit=dep-info,metadata,link -C embed-bitcode=no -C debuginfo=2 --cfg 'feature="aws_lc_rs"' --cfg 'feature="http_server"' --cfg 'feature="hyper"' --cfg 'feature="reqwest-client"' --check-cfg 'cfg(docsrs,test)' --check-cfg 'cfg(feature, values("aws_lc_rs", "default", "http_server", "hyper", "lambda", "rand", "reqwest-client", "rust_crypto", "schemars", "tracing-span-filter", "tunnel", "uuid"))' -C metadata=65205a851dd48674 -C extra-filename=-b8e1324a257ad713 --out-dir /home/lewis/src/ad-law-scrape/athletic-rust-pipeline/target/debug/deps -L dependency=/home/lewis/src/ad-law-scrape/athletic-rust-pipeline/target/debug/deps --extern bytes=/home/lewis/src/ad-law-scrape/athletic-rust-pipeline/target/debug/deps/libbytes-7e5b5b6c3eb86a3b.rmeta --extern futures=/home/lewis/src/ad-law-scrape/athletic-rust-pipeline/target/debug/deps/libfutures-e201c81fd8cd99ce.rmeta --extern http=/home/lewis/src/ad-law-scrape/athletic-rust-pipeline/target/debug/deps/libhttp-29f1bb4c2605c84d.rmeta --extern http_body=/home/lewis/src/ad-law-scrape/athletic-rust-pipeline/target/debug/deps/libhttp_body-a44ad16bd526de8c.rmeta --extern http_body_util=/home/lewis/src/ad-law-scrape/athletic-rust-pipeline/target/debug/deps/libhttp_body_util-fb45d3adba1255f8.rmeta --extern hyper=/home/lewis/src/ad-law-scrape/athletic-rust-pipeline/target/debug/deps/libhyper-22c552afccaef927.rmeta --extern hyper_util=/home/lewis/src/ad-law-scrape/athletic-rust-pipeline/target/debug/deps/libhyper_util-069833ba94589ddf.rmeta --extern percent_encoding=/home/lewis/src/ad-law-scrape/athletic-rust-pipeline/target/debug/deps/libpercent_encoding-d957a622bfb9bbb0.rmeta --extern pin_project_lite=/home/lewis/src/ad-law-scrape/athletic-rust-pipeline/target/debug/deps/libpin_project_lite-f425c5373185600a.rmeta --extern regress=/home/lewis/src/ad-law-scrape/athletic-rust-pipeline/target/debug/deps/libregress-461f5a3d65f90c78.rmeta --extern reqwest=/home/lewis/src/ad-law-scrape/athletic-rust-pipeline/target/debug/deps/libreqwest-fdc91a4de5a1c963.rmeta --extern restate_sdk_macros=/home/lewis/src/ad-law-scrape/athletic-rust-pipeline/target/debug/deps/librestate_sdk_macros-d2ee0c97eaba8536.so --extern restate_sdk_shared_core=/home/lewis/src/ad-law-scrape/athletic-rust-pipeline/target/debug/deps/librestate_sdk_shared_core-abc1d80b7c774f8b.rmeta --extern serde=/home/lewis/src/ad-law-scrape/athletic-rust-pipeline/target/debug/deps/libserde-986bafa530b5bae4.rmeta --extern serde_json=/home/lewis/src/ad-law-scrape/athletic-rust-pipeline/target/debug/deps/libserde_json-089accd2b59d2a69.rmeta --extern thiserror=/home/lewis/src/ad-law-scrape/athletic-rust-pipeline/target/debug/deps/libthiserror-1bc0d12be9ec7558.rmeta --extern tokio=/home/lewis/src/ad-law-scrape/athletic-rust-pipeline/target/debug/deps/libtokio-176180b45f60ab71.rmeta --extern tracing=/home/lewis/src/ad-law-scrape/athletic-rust-pipeline/target/debug/deps/libtracing-71dadc955179d0b7.rmeta --cap-lints allow -L native=/home/lewis/src/ad-law-scrape/athletic-rust-pipeline/target/debug/build/aws-lc-sys-fe6f7cfce21015b1/out`
   Compiling rand v0.9.5
     Running `sccache /home/lewis/.rustup/toolchains/nightly-2026-04-27-x86_64-unknown-linux-gnu/bin/rustc --crate-name rand --edition=2021 /cache/cargo-shared/registry/src/index.crates.io-1949cf8c6b5b557f/rand-0.9.5/src/lib.rs --error-format=json --json=diagnostic-rendered-ansi,artifacts,future-incompat --crate-type lib --emit=dep-info,metadata,link -C embed-bitcode=no -C debuginfo=2 --cfg 'feature="alloc"' --cfg 'feature="default"' --cfg 'feature="os_rng"' --cfg 'feature="small_rng"' --cfg 'feature="std"' --cfg 'feature="std_rng"' --cfg 'feature="thread_rng"' --check-cfg 'cfg(docsrs,test)' --check-cfg 'cfg(feature, values("alloc", "default", "log", "nightly", "os_rng", "serde", "simd_support", "small_rng", "std", "std_rng", "thread_rng", "unbiased"))' -C metadata=e42c32139106e406 -C extra-filename=-6e965c3fa3a30b27 --out-dir /home/lewis/src/ad-law-scrape/athletic-rust-pipeline/target/debug/deps -L dependency=/home/lewis/src/ad-law-scrape/athletic-rust-pipeline/target/debug/deps --extern rand_chacha=/home/lewis/src/ad-law-scrape/athletic-rust-pipeline/target/debug/deps/librand_chacha-c263070d2eb44568.rmeta --extern rand_core=/home/lewis/src/ad-law-scrape/athletic-rust-pipeline/target/debug/deps/librand_core-edbc0a3734dcb98d.rmeta --cap-lints allow`
   Compiling criterion v0.8.2
     Running `sccache /home/lewis/.rustup/toolchains/nightly-2026-04-27-x86_64-unknown-linux-gnu/bin/rustc --crate-name criterion --edition=2021 /cache/cargo-shared/registry/src/index.crates.io-1949cf8c6b5b557f/criterion-0.8.2/src/lib.rs --error-format=json --json=diagnostic-rendered-ansi,artifacts,future-incompat --crate-type lib --emit=dep-info,metadata,link -C embed-bitcode=no -C debuginfo=2 --cfg 'feature="cargo_bench_support"' --cfg 'feature="default"' --cfg 'feature="plotters"' --cfg 'feature="rayon"' --check-cfg 'cfg(docsrs,test)' --check-cfg 'cfg(feature, values("async", "async_futures", "async_smol", "async_tokio", "cargo_bench_support", "csv_output", "default", "html_reports", "plotters", "rayon", "real_blackbox", "stable"))' -C metadata=f6cbf97aab3e7172 -C extra-filename=-76b120103f8671f9 --out-dir /home/lewis/src/ad-law-scrape/athletic-rust-pipeline/target/debug/deps -L dependency=/home/lewis/src/ad-law-scrape/athletic-rust-pipeline/target/debug/deps --extern alloca=/home/lewis/src/ad-law-scrape/athletic-rust-pipeline/target/debug/deps/liballoca-69218a5b74d2415c.rmeta --extern anes=/home/lewis/src/ad-law-scrape/athletic-rust-pipeline/target/debug/deps/libanes-c63809c08014396b.rmeta --extern cast=/home/lewis/src/ad-law-scrape/athletic-rust-pipeline/target/debug/deps/libcast-2e23786aee75822e.rmeta --extern ciborium=/home/lewis/src/ad-law-scrape/athletic-rust-pipeline/target/debug/deps/libciborium-49826e6b82b4e1b5.rmeta --extern clap=/home/lewis/src/ad-law-scrape/athletic-rust-pipeline/target/debug/deps/libclap-15fb2c4871ae48dc.rmeta --extern criterion_plot=/home/lewis/src/ad-law-scrape/athletic-rust-pipeline/target/debug/deps/libcriterion_plot-c207f5eae01beaa3.rmeta --extern itertools=/home/lewis/src/ad-law-scrape/athletic-rust-pipeline/target/debug/deps/libitertools-a748a3ed138c7396.rmeta --extern num_traits=/home/lewis/src/ad-law-scrape/athletic-rust-pipeline/target/debug/deps/libnum_traits-9cdd4f96493d21c9.rmeta --extern oorandom=/home/lewis/src/ad-law-scrape/athletic-rust-pipeline/target/debug/deps/liboorandom-1c956614473b0f39.rmeta --extern page_size=/home/lewis/src/ad-law-scrape/athletic-rust-pipeline/target/debug/deps/libpage_size-104305155777d10b.rmeta --extern plotters=/home/lewis/src/ad-law-scrape/athletic-rust-pipeline/target/debug/deps/libplotters-41e2be865a49cf32.rmeta --extern rayon=/home/lewis/src/ad-law-scrape/athletic-rust-pipeline/target/debug/deps/librayon-3fe2ccf438341601.rmeta --extern regex=/home/lewis/src/ad-law-scrape/athletic-rust-pipeline/target/debug/deps/libregex-9df6b0e5286f169d.rmeta --extern serde=/home/lewis/src/ad-law-scrape/athletic-rust-pipeline/target/debug/deps/libserde-986bafa530b5bae4.rmeta --extern serde_json=/home/lewis/src/ad-law-scrape/athletic-rust-pipeline/target/debug/deps/libserde_json-089accd2b59d2a69.rmeta --extern tinytemplate=/home/lewis/src/ad-law-scrape/athletic-rust-pipeline/target/debug/deps/libtinytemplate-b496074e04066f5c.rmeta --extern walkdir=/home/lewis/src/ad-law-scrape/athletic-rust-pipeline/target/debug/deps/libwalkdir-10f224ea399bd5f7.rmeta --cap-lints allow -L native=/home/lewis/src/ad-law-scrape/athletic-rust-pipeline/target/debug/build/alloca-6f4ce09a0d12da82/out`
   Compiling tungstenite v0.28.0
   Compiling proptest v1.11.0
     Running `sccache /home/lewis/.rustup/toolchains/nightly-2026-04-27-x86_64-unknown-linux-gnu/bin/rustc --crate-name tungstenite --edition=2021 /cache/cargo-shared/registry/src/index.crates.io-1949cf8c6b5b557f/tungstenite-0.28.0/src/lib.rs --error-format=json --json=diagnostic-rendered-ansi,artifacts,future-incompat --crate-type lib --emit=dep-info,metadata,link -C embed-bitcode=no -C debuginfo=2 --cfg 'feature="data-encoding"' --cfg 'feature="handshake"' --cfg 'feature="http"' --cfg 'feature="httparse"' --cfg 'feature="sha1"' --check-cfg 'cfg(docsrs,test)' --check-cfg 'cfg(feature, values("__rustls-tls", "data-encoding", "default", "handshake", "http", "httparse", "native-tls", "native-tls-crate", "native-tls-vendored", "rustls", "rustls-native-certs", "rustls-pki-types", "rustls-tls-native-roots", "rustls-tls-webpki-roots", "sha1", "url", "webpki-roots"))' -C metadata=794b987ba42a5a2d -C extra-filename=-42ec238a61de1087 --out-dir /home/lewis/src/ad-law-scrape/athletic-rust-pipeline/target/debug/deps -L dependency=/home/lewis/src/ad-law-scrape/athletic-rust-pipeline/target/debug/deps --extern bytes=/home/lewis/src/ad-law-scrape/athletic-rust-pipeline/target/debug/deps/libbytes-7e5b5b6c3eb86a3b.rmeta --extern data_encoding=/home/lewis/src/ad-law-scrape/athletic-rust-pipeline/target/debug/deps/libdata_encoding-c7095457ff4cb634.rmeta --extern http=/home/lewis/src/ad-law-scrape/athletic-rust-pipeline/target/debug/deps/libhttp-29f1bb4c2605c84d.rmeta --extern httparse=/home/lewis/src/ad-law-scrape/athletic-rust-pipeline/target/debug/deps/libhttparse-15c361db3d642f20.rmeta --extern log=/home/lewis/src/ad-law-scrape/athletic-rust-pipeline/target/debug/deps/liblog-26615c79eb9de8da.rmeta --extern rand=/home/lewis/src/ad-law-scrape/athletic-rust-pipeline/target/debug/deps/librand-6e965c3fa3a30b27.rmeta --extern sha1=/home/lewis/src/ad-law-scrape/athletic-rust-pipeline/target/debug/deps/libsha1-ca20e049d1056174.rmeta --extern thiserror=/home/lewis/src/ad-law-scrape/athletic-rust-pipeline/target/debug/deps/libthiserror-1bc0d12be9ec7558.rmeta --extern utf8=/home/lewis/src/ad-law-scrape/athletic-rust-pipeline/target/debug/deps/libutf8-3f1a17676c356927.rmeta --cap-lints allow`
     Running `sccache /home/lewis/.rustup/toolchains/nightly-2026-04-27-x86_64-unknown-linux-gnu/bin/rustc --crate-name proptest --edition=2021 /cache/cargo-shared/registry/src/index.crates.io-1949cf8c6b5b557f/proptest-1.11.0/src/lib.rs --error-format=json --json=diagnostic-rendered-ansi,artifacts,future-incompat --crate-type lib --emit=dep-info,metadata,link -C embed-bitcode=no -C debuginfo=2 --cfg 'feature="bit-set"' --cfg 'feature="default"' --cfg 'feature="fork"' --cfg 'feature="regex-syntax"' --cfg 'feature="rusty-fork"' --cfg 'feature="std"' --cfg 'feature="tempfile"' --cfg 'feature="timeout"' --check-cfg 'cfg(docsrs,test)' --check-cfg 'cfg(feature, values("alloc", "atomic64bit", "attr-macro", "bit-set", "default", "default-code-coverage", "f16", "fork", "handle-panics", "hardware-rng", "no_std", "proptest-macro", "regex-syntax", "rusty-fork", "std", "tempfile", "timeout", "unstable", "x86"))' -C metadata=31692467485eab22 -C extra-filename=-b467e86f02d360a5 --out-dir /home/lewis/src/ad-law-scrape/athletic-rust-pipeline/target/debug/deps -L dependency=/home/lewis/src/ad-law-scrape/athletic-rust-pipeline/target/debug/deps --extern bit_set=/home/lewis/src/ad-law-scrape/athletic-rust-pipeline/target/debug/deps/libbit_set-4db9f55b08c574b2.rmeta --extern bit_vec=/home/lewis/src/ad-law-scrape/athletic-rust-pipeline/target/debug/deps/libbit_vec-c0cf312af003a9a7.rmeta --extern bitflags=/home/lewis/src/ad-law-scrape/athletic-rust-pipeline/target/debug/deps/libbitflags-e512d9a03f63f576.rmeta --extern num_traits=/home/lewis/src/ad-law-scrape/athletic-rust-pipeline/target/debug/deps/libnum_traits-9cdd4f96493d21c9.rmeta --extern rand=/home/lewis/src/ad-law-scrape/athletic-rust-pipeline/target/debug/deps/librand-6e965c3fa3a30b27.rmeta --extern rand_chacha=/home/lewis/src/ad-law-scrape/athletic-rust-pipeline/target/debug/deps/librand_chacha-c263070d2eb44568.rmeta --extern rand_xorshift=/home/lewis/src/ad-law-scrape/athletic-rust-pipeline/target/debug/deps/librand_xorshift-5126e4528883e9c5.rmeta --extern regex_syntax=/home/lewis/src/ad-law-scrape/athletic-rust-pipeline/target/debug/deps/libregex_syntax-f8623c3ae3e6ac34.rmeta --extern rusty_fork=/home/lewis/src/ad-law-scrape/athletic-rust-pipeline/target/debug/deps/librusty_fork-787a8b592498b905.rmeta --extern tempfile=/home/lewis/src/ad-law-scrape/athletic-rust-pipeline/target/debug/deps/libtempfile-a4df9dd1458cfb0b.rmeta --extern unarray=/home/lewis/src/ad-law-scrape/athletic-rust-pipeline/target/debug/deps/libunarray-40f6bdefa18266d0.rmeta --cap-lints allow`
   Compiling async-tungstenite v0.32.1
     Running `sccache /home/lewis/.rustup/toolchains/nightly-2026-04-27-x86_64-unknown-linux-gnu/bin/rustc --crate-name async_tungstenite --edition=2018 /cache/cargo-shared/registry/src/index.crates.io-1949cf8c6b5b557f/async-tungstenite-0.32.1/src/lib.rs --error-format=json --json=diagnostic-rendered-ansi,artifacts,future-incompat --crate-type lib --emit=dep-info,metadata,link -C embed-bitcode=no -C debuginfo=2 --cfg 'feature="default"' --cfg 'feature="futures-03-sink"' --cfg 'feature="futures-util"' --cfg 'feature="handshake"' --cfg 'feature="tokio"' --cfg 'feature="tokio-runtime"' --check-cfg 'cfg(docsrs,test)' --check-cfg 'cfg(feature, values("__rustls-tls", "async-native-tls", "async-std", "async-std-runtime", "async-tls", "default", "futures-03-sink", "futures-util", "gio", "gio-runtime", "glib", "handshake", "openssl", "real-async-native-tls", "real-async-tls", "real-native-tls", "real-tokio-native-tls", "real-tokio-openssl", "real-tokio-rustls", "rustls-native-certs", "rustls-pki-types", "rustls-platform-verifier", "tokio", "tokio-native-tls", "tokio-openssl", "tokio-runtime", "tokio-rustls-manual-roots", "tokio-rustls-native-certs", "tokio-rustls-platform-verifier", "tokio-rustls-webpki-roots", "url", "verbose-logging", "webpki-roots"))' -C metadata=18eb2c8f3f235c26 -C extra-filename=-ae559f1735f7b16d --out-dir /home/lewis/src/ad-law-scrape/athletic-rust-pipeline/target/debug/deps -L dependency=/home/lewis/src/ad-law-scrape/athletic-rust-pipeline/target/debug/deps --extern atomic_waker=/home/lewis/src/ad-law-scrape/athletic-rust-pipeline/target/debug/deps/libatomic_waker-6cc50ed3a57730b1.rmeta --extern futures_core=/home/lewis/src/ad-law-scrape/athletic-rust-pipeline/target/debug/deps/libfutures_core-72043f6a0bdb656a.rmeta --extern futures_io=/home/lewis/src/ad-law-scrape/athletic-rust-pipeline/target/debug/deps/libfutures_io-c7fd5b6b4c2f0b9c.rmeta --extern futures_task=/home/lewis/src/ad-law-scrape/athletic-rust-pipeline/target/debug/deps/libfutures_task-f6d71fe2e8ee012f.rmeta --extern futures_util=/home/lewis/src/ad-law-scrape/athletic-rust-pipeline/target/debug/deps/libfutures_util-d15936129a6e6beb.rmeta --extern log=/home/lewis/src/ad-law-scrape/athletic-rust-pipeline/target/debug/deps/liblog-26615c79eb9de8da.rmeta --extern pin_project_lite=/home/lewis/src/ad-law-scrape/athletic-rust-pipeline/target/debug/deps/libpin_project_lite-f425c5373185600a.rmeta --extern tokio=/home/lewis/src/ad-law-scrape/athletic-rust-pipeline/target/debug/deps/libtokio-176180b45f60ab71.rmeta --extern tungstenite=/home/lewis/src/ad-law-scrape/athletic-rust-pipeline/target/debug/deps/libtungstenite-42ec238a61de1087.rmeta --cap-lints allow`
   Compiling chromiumoxide v0.9.1
     Running `sccache /home/lewis/.rustup/toolchains/nightly-2026-04-27-x86_64-unknown-linux-gnu/bin/rustc --crate-name chromiumoxide --edition=2024 /cache/cargo-shared/registry/src/index.crates.io-1949cf8c6b5b557f/chromiumoxide-0.9.1/src/lib.rs --error-format=json --json=diagnostic-rendered-ansi,artifacts,future-incompat --crate-type lib --emit=dep-info,metadata,link -C embed-bitcode=no -C debuginfo=2 --cfg 'feature="bytes"' --cfg 'feature="default"' --check-cfg 'cfg(docsrs,test)' --check-cfg 'cfg(feature, values("bytes", "chromiumoxide_fetcher", "default", "fetcher", "native-tls", "rustls", "zip0", "zip8"))' -C metadata=60a49d4493c7a1f8 -C extra-filename=-15d9afeeb7d8f315 --out-dir /home/lewis/src/ad-law-scrape/athletic-rust-pipeline/target/debug/deps -L dependency=/home/lewis/src/ad-law-scrape/athletic-rust-pipeline/target/debug/deps --extern async_tungstenite=/home/lewis/src/ad-law-scrape/athletic-rust-pipeline/target/debug/deps/libasync_tungstenite-ae559f1735f7b16d.rmeta --extern base64=/home/lewis/src/ad-law-scrape/athletic-rust-pipeline/target/debug/deps/libbase64-8247382c1ed853ef.rmeta --extern bytes=/home/lewis/src/ad-law-scrape/athletic-rust-pipeline/target/debug/deps/libbytes-7e5b5b6c3eb86a3b.rmeta --extern chromiumoxide_cdp=/home/lewis/src/ad-law-scrape/athletic-rust-pipeline/target/debug/deps/libchromiumoxide_cdp-6eee58fae65b348d.rmeta --extern chromiumoxide_types=/home/lewis/src/ad-law-scrape/athletic-rust-pipeline/target/debug/deps/libchromiumoxide_types-824e02c12ad02472.rmeta --extern dunce=/home/lewis/src/ad-law-scrape/athletic-rust-pipeline/target/debug/deps/libdunce-c823d402018b29f0.rmeta --extern fnv=/home/lewis/src/ad-law-scrape/athletic-rust-pipeline/target/debug/deps/libfnv-f92f3866429d07f7.rmeta --extern futures=/home/lewis/src/ad-law-scrape/athletic-rust-pipeline/target/debug/deps/libfutures-e201c81fd8cd99ce.rmeta --extern futures_timer=/home/lewis/src/ad-law-scrape/athletic-rust-pipeline/target/debug/deps/libfutures_timer-b7e1f3313bf86c5f.rmeta --extern pin_project_lite=/home/lewis/src/ad-law-scrape/athletic-rust-pipeline/target/debug/deps/libpin_project_lite-f425c5373185600a.rmeta --extern reqwest=/home/lewis/src/ad-law-scrape/athletic-rust-pipeline/target/debug/deps/libreqwest-fdc91a4de5a1c963.rmeta --extern serde=/home/lewis/src/ad-law-scrape/athletic-rust-pipeline/target/debug/deps/libserde-986bafa530b5bae4.rmeta --extern serde_json=/home/lewis/src/ad-law-scrape/athletic-rust-pipeline/target/debug/deps/libserde_json-089accd2b59d2a69.rmeta --extern thiserror=/home/lewis/src/ad-law-scrape/athletic-rust-pipeline/target/debug/deps/libthiserror-1bc0d12be9ec7558.rmeta --extern tokio=/home/lewis/src/ad-law-scrape/athletic-rust-pipeline/target/debug/deps/libtokio-176180b45f60ab71.rmeta --extern tracing=/home/lewis/src/ad-law-scrape/athletic-rust-pipeline/target/debug/deps/libtracing-71dadc955179d0b7.rmeta --extern url=/home/lewis/src/ad-law-scrape/athletic-rust-pipeline/target/debug/deps/liburl-0f547cf413905183.rmeta --extern which=/home/lewis/src/ad-law-scrape/athletic-rust-pipeline/target/debug/deps/libwhich-666546457e8d22d0.rmeta --cap-lints allow -L native=/home/lewis/src/ad-law-scrape/athletic-rust-pipeline/target/debug/build/aws-lc-sys-fe6f7cfce21015b1/out`
   Compiling athleticnet-browser v0.1.0 (/home/lewis/src/ad-law-scrape/athletic-rust-pipeline/crates/athleticnet-browser)
     Running `sccache /home/lewis/.rustup/toolchains/nightly-2026-04-27-x86_64-unknown-linux-gnu/bin/rustc --crate-name athleticnet_browser --edition=2021 crates/athleticnet-browser/src/lib.rs --error-format=json --json=diagnostic-rendered-ansi,artifacts,future-incompat --crate-type lib --emit=dep-info,metadata,link -C embed-bitcode=no -C debuginfo=2 --deny=unused_must_use --forbid=unsafe_code '--deny=clippy::unimplemented' --warn=unexpected_cfgs '--deny=clippy::todo' '--deny=clippy::panic_in_result_fn' '--deny=clippy::dbg_macro' --check-cfg 'cfg(kani)' --check-cfg 'cfg(tokio_unstable)' --check-cfg 'cfg(docsrs,test)' --check-cfg 'cfg(feature, values())' -C metadata=859b101bdc0b7eee -C extra-filename=-bda8f2721813b351 --out-dir /home/lewis/src/ad-law-scrape/athletic-rust-pipeline/target/debug/deps -C incremental=/home/lewis/src/ad-law-scrape/athletic-rust-pipeline/target/debug/incremental -L dependency=/home/lewis/src/ad-law-scrape/athletic-rust-pipeline/target/debug/deps --extern anyhow=/home/lewis/src/ad-law-scrape/athletic-rust-pipeline/target/debug/deps/libanyhow-2889f2bfb7da9aa2.rmeta --extern base64=/home/lewis/src/ad-law-scrape/athletic-rust-pipeline/target/debug/deps/libbase64-8247382c1ed853ef.rmeta --extern chromiumoxide=/home/lewis/src/ad-law-scrape/athletic-rust-pipeline/target/debug/deps/libchromiumoxide-15d9afeeb7d8f315.rmeta --extern futures=/home/lewis/src/ad-law-scrape/athletic-rust-pipeline/target/debug/deps/libfutures-e201c81fd8cd99ce.rmeta --extern httpdate=/home/lewis/src/ad-law-scrape/athletic-rust-pipeline/target/debug/deps/libhttpdate-0f88255c622edf36.rmeta --extern reqwest=/home/lewis/src/ad-law-scrape/athletic-rust-pipeline/target/debug/deps/libreqwest-fdc91a4de5a1c963.rmeta --extern serde=/home/lewis/src/ad-law-scrape/athletic-rust-pipeline/target/debug/deps/libserde-986bafa530b5bae4.rmeta --extern serde_json=/home/lewis/src/ad-law-scrape/athletic-rust-pipeline/target/debug/deps/libserde_json-089accd2b59d2a69.rmeta --extern thiserror=/home/lewis/src/ad-law-scrape/athletic-rust-pipeline/target/debug/deps/libthiserror-1bc0d12be9ec7558.rmeta --extern tokio=/home/lewis/src/ad-law-scrape/athletic-rust-pipeline/target/debug/deps/libtokio-176180b45f60ab71.rmeta --extern tokio_util=/home/lewis/src/ad-law-scrape/athletic-rust-pipeline/target/debug/deps/libtokio_util-5ec2f64f331ec273.rmeta --extern tracing=/home/lewis/src/ad-law-scrape/athletic-rust-pipeline/target/debug/deps/libtracing-71dadc955179d0b7.rmeta --extern url=/home/lewis/src/ad-law-scrape/athletic-rust-pipeline/target/debug/deps/liburl-0f547cf413905183.rmeta -L native=/home/lewis/src/ad-law-scrape/athletic-rust-pipeline/target/debug/build/aws-lc-sys-fe6f7cfce21015b1/out`
     Running `sccache /home/lewis/.rustup/toolchains/nightly-2026-04-27-x86_64-unknown-linux-gnu/bin/rustc --crate-name athleticnet_browser --edition=2021 crates/athleticnet-browser/src/lib.rs --error-format=json --json=diagnostic-rendered-ansi,artifacts,future-incompat --emit=dep-info,link -C embed-bitcode=no -C debuginfo=2 --deny=unused_must_use --forbid=unsafe_code '--deny=clippy::unimplemented' --warn=unexpected_cfgs '--deny=clippy::todo' '--deny=clippy::panic_in_result_fn' '--deny=clippy::dbg_macro' --check-cfg 'cfg(kani)' --check-cfg 'cfg(tokio_unstable)' --test --check-cfg 'cfg(docsrs,test)' --check-cfg 'cfg(feature, values())' -C metadata=20c965d7cd52eeb9 -C extra-filename=-3a44fd27e1cb1485 --out-dir /home/lewis/src/ad-law-scrape/athletic-rust-pipeline/target/debug/deps -C incremental=/home/lewis/src/ad-law-scrape/athletic-rust-pipeline/target/debug/incremental -L dependency=/home/lewis/src/ad-law-scrape/athletic-rust-pipeline/target/debug/deps --extern anyhow=/home/lewis/src/ad-law-scrape/athletic-rust-pipeline/target/debug/deps/libanyhow-2889f2bfb7da9aa2.rlib --extern base64=/home/lewis/src/ad-law-scrape/athletic-rust-pipeline/target/debug/deps/libbase64-8247382c1ed853ef.rlib --extern chromiumoxide=/home/lewis/src/ad-law-scrape/athletic-rust-pipeline/target/debug/deps/libchromiumoxide-15d9afeeb7d8f315.rlib --extern futures=/home/lewis/src/ad-law-scrape/athletic-rust-pipeline/target/debug/deps/libfutures-e201c81fd8cd99ce.rlib --extern httpdate=/home/lewis/src/ad-law-scrape/athletic-rust-pipeline/target/debug/deps/libhttpdate-0f88255c622edf36.rlib --extern reqwest=/home/lewis/src/ad-law-scrape/athletic-rust-pipeline/target/debug/deps/libreqwest-fdc91a4de5a1c963.rlib --extern serde=/home/lewis/src/ad-law-scrape/athletic-rust-pipeline/target/debug/deps/libserde-986bafa530b5bae4.rlib --extern serde_json=/home/lewis/src/ad-law-scrape/athletic-rust-pipeline/target/debug/deps/libserde_json-089accd2b59d2a69.rlib --extern thiserror=/home/lewis/src/ad-law-scrape/athletic-rust-pipeline/target/debug/deps/libthiserror-1bc0d12be9ec7558.rlib --extern tokio=/home/lewis/src/ad-law-scrape/athletic-rust-pipeline/target/debug/deps/libtokio-176180b45f60ab71.rlib --extern tokio_util=/home/lewis/src/ad-law-scrape/athletic-rust-pipeline/target/debug/deps/libtokio_util-5ec2f64f331ec273.rlib --extern tracing=/home/lewis/src/ad-law-scrape/athletic-rust-pipeline/target/debug/deps/libtracing-71dadc955179d0b7.rlib --extern url=/home/lewis/src/ad-law-scrape/athletic-rust-pipeline/target/debug/deps/liburl-0f547cf413905183.rlib -L native=/home/lewis/src/ad-law-scrape/athletic-rust-pipeline/target/debug/build/aws-lc-sys-fe6f7cfce21015b1/out`
   Compiling census-store v0.1.0 (/home/lewis/src/ad-law-scrape/athletic-rust-pipeline/crates/census-store)
     Running `sccache /home/lewis/.rustup/toolchains/nightly-2026-04-27-x86_64-unknown-linux-gnu/bin/rustc --crate-name census_store --edition=2021 crates/census-store/src/lib.rs --error-format=json --json=diagnostic-rendered-ansi,artifacts,future-incompat --crate-type lib --emit=dep-info,metadata,link -C embed-bitcode=no -C debuginfo=2 --deny=unused_must_use --forbid=unsafe_code '--deny=clippy::unimplemented' --warn=unexpected_cfgs '--deny=clippy::todo' '--deny=clippy::panic_in_result_fn' '--deny=clippy::dbg_macro' --check-cfg 'cfg(kani)' --check-cfg 'cfg(tokio_unstable)' --check-cfg 'cfg(docsrs,test)' --check-cfg 'cfg(feature, values("loom"))' -C metadata=bf93f9c2e60bd99f -C extra-filename=-4b3ab36e5e10e2d6 --out-dir /home/lewis/src/ad-law-scrape/athletic-rust-pipeline/target/debug/deps -C incremental=/home/lewis/src/ad-law-scrape/athletic-rust-pipeline/target/debug/incremental -L dependency=/home/lewis/src/ad-law-scrape/athletic-rust-pipeline/target/debug/deps --extern census_domain=/home/lewis/src/ad-law-scrape/athletic-rust-pipeline/target/debug/deps/libcensus_domain-b50239c3a21a213d.rmeta --extern chrono=/home/lewis/src/ad-law-scrape/athletic-rust-pipeline/target/debug/deps/libchrono-3cfdd5a6cfad533c.rmeta --extern csv=/home/lewis/src/ad-law-scrape/athletic-rust-pipeline/target/debug/deps/libcsv-17bdf72ebda1dc06.rmeta --extern fjall=/home/lewis/src/ad-law-scrape/athletic-rust-pipeline/target/debug/deps/libfjall-9c34df85f83c860b.rmeta --extern serde=/home/lewis/src/ad-law-scrape/athletic-rust-pipeline/target/debug/deps/libserde-986bafa530b5bae4.rmeta --extern serde_json=/home/lewis/src/ad-law-scrape/athletic-rust-pipeline/target/debug/deps/libserde_json-089accd2b59d2a69.rmeta --extern sha2=/home/lewis/src/ad-law-scrape/athletic-rust-pipeline/target/debug/deps/libsha2-9bff55c82a06cc2d.rmeta --extern thiserror=/home/lewis/src/ad-law-scrape/athletic-rust-pipeline/target/debug/deps/libthiserror-1bc0d12be9ec7558.rmeta --extern tokio=/home/lewis/src/ad-law-scrape/athletic-rust-pipeline/target/debug/deps/libtokio-176180b45f60ab71.rmeta --extern tracing=/home/lewis/src/ad-law-scrape/athletic-rust-pipeline/target/debug/deps/libtracing-71dadc955179d0b7.rmeta`
     Running `sccache /home/lewis/.rustup/toolchains/nightly-2026-04-27-x86_64-unknown-linux-gnu/bin/rustc --crate-name census_store --edition=2021 crates/census-store/src/lib.rs --error-format=json --json=diagnostic-rendered-ansi,artifacts,future-incompat --emit=dep-info,link -C embed-bitcode=no -C debuginfo=2 --deny=unused_must_use --forbid=unsafe_code '--deny=clippy::unimplemented' --warn=unexpected_cfgs '--deny=clippy::todo' '--deny=clippy::panic_in_result_fn' '--deny=clippy::dbg_macro' --check-cfg 'cfg(kani)' --check-cfg 'cfg(tokio_unstable)' --test --check-cfg 'cfg(docsrs,test)' --check-cfg 'cfg(feature, values("loom"))' -C metadata=3c0bdd3653d4d5af -C extra-filename=-7cba90f0f7d2deef --out-dir /home/lewis/src/ad-law-scrape/athletic-rust-pipeline/target/debug/deps -C incremental=/home/lewis/src/ad-law-scrape/athletic-rust-pipeline/target/debug/incremental -L dependency=/home/lewis/src/ad-law-scrape/athletic-rust-pipeline/target/debug/deps --extern census_domain=/home/lewis/src/ad-law-scrape/athletic-rust-pipeline/target/debug/deps/libcensus_domain-b50239c3a21a213d.rlib --extern chrono=/home/lewis/src/ad-law-scrape/athletic-rust-pipeline/target/debug/deps/libchrono-3cfdd5a6cfad533c.rlib --extern csv=/home/lewis/src/ad-law-scrape/athletic-rust-pipeline/target/debug/deps/libcsv-17bdf72ebda1dc06.rlib --extern fjall=/home/lewis/src/ad-law-scrape/athletic-rust-pipeline/target/debug/deps/libfjall-9c34df85f83c860b.rlib --extern loom=/home/lewis/src/ad-law-scrape/athletic-rust-pipeline/target/debug/deps/libloom-77973b48c26c59ea.rlib --extern serde=/home/lewis/src/ad-law-scrape/athletic-rust-pipeline/target/debug/deps/libserde-986bafa530b5bae4.rlib --extern serde_json=/home/lewis/src/ad-law-scrape/athletic-rust-pipeline/target/debug/deps/libserde_json-089accd2b59d2a69.rlib --extern sha2=/home/lewis/src/ad-law-scrape/athletic-rust-pipeline/target/debug/deps/libsha2-9bff55c82a06cc2d.rlib --extern tempfile=/home/lewis/src/ad-law-scrape/athletic-rust-pipeline/target/debug/deps/libtempfile-a4df9dd1458cfb0b.rlib --extern thiserror=/home/lewis/src/ad-law-scrape/athletic-rust-pipeline/target/debug/deps/libthiserror-1bc0d12be9ec7558.rlib --extern tokio=/home/lewis/src/ad-law-scrape/athletic-rust-pipeline/target/debug/deps/libtokio-176180b45f60ab71.rlib --extern tracing=/home/lewis/src/ad-law-scrape/athletic-rust-pipeline/target/debug/deps/libtracing-71dadc955179d0b7.rlib`
   Compiling census-crawl v0.1.0 (/home/lewis/src/ad-law-scrape/athletic-rust-pipeline/crates/census-crawl)
   Compiling census-review v0.1.0 (/home/lewis/src/ad-law-scrape/athletic-rust-pipeline/crates/census-review)
     Running `sccache /home/lewis/.rustup/toolchains/nightly-2026-04-27-x86_64-unknown-linux-gnu/bin/rustc --crate-name census_crawl --edition=2021 crates/census-crawl/src/lib.rs --error-format=json --json=diagnostic-rendered-ansi,artifacts,future-incompat --crate-type lib --emit=dep-info,metadata,link -C embed-bitcode=no -C debuginfo=2 --deny=unused_must_use --forbid=unsafe_code '--deny=clippy::unimplemented' --warn=unexpected_cfgs '--deny=clippy::todo' '--deny=clippy::panic_in_result_fn' '--deny=clippy::dbg_macro' --check-cfg 'cfg(kani)' --check-cfg 'cfg(tokio_unstable)' --check-cfg 'cfg(docsrs,test)' --check-cfg 'cfg(feature, values())' -C metadata=605ab605013db20c -C extra-filename=-2db6656636bfbe35 --out-dir /home/lewis/src/ad-law-scrape/athletic-rust-pipeline/target/debug/deps -C incremental=/home/lewis/src/ad-law-scrape/athletic-rust-pipeline/target/debug/incremental -L dependency=/home/lewis/src/ad-law-scrape/athletic-rust-pipeline/target/debug/deps --extern base64=/home/lewis/src/ad-law-scrape/athletic-rust-pipeline/target/debug/deps/libbase64-8247382c1ed853ef.rmeta --extern bytes=/home/lewis/src/ad-law-scrape/athletic-rust-pipeline/target/debug/deps/libbytes-7e5b5b6c3eb86a3b.rmeta --extern census_domain=/home/lewis/src/ad-law-scrape/athletic-rust-pipeline/target/debug/deps/libcensus_domain-b50239c3a21a213d.rmeta --extern census_store=/home/lewis/src/ad-law-scrape/athletic-rust-pipeline/target/debug/deps/libcensus_store-4b3ab36e5e10e2d6.rmeta --extern chrono=/home/lewis/src/ad-law-scrape/athletic-rust-pipeline/target/debug/deps/libchrono-3cfdd5a6cfad533c.rmeta --extern csv=/home/lewis/src/ad-law-scrape/athletic-rust-pipeline/target/debug/deps/libcsv-17bdf72ebda1dc06.rmeta --extern csv_core=/home/lewis/src/ad-law-scrape/athletic-rust-pipeline/target/debug/deps/libcsv_core-1a456ca2be418275.rmeta --extern futures=/home/lewis/src/ad-law-scrape/athletic-rust-pipeline/target/debug/deps/libfutures-e201c81fd8cd99ce.rmeta --extern http=/home/lewis/src/ad-law-scrape/athletic-rust-pipeline/target/debug/deps/libhttp-29f1bb4c2605c84d.rmeta --extern indexmap=/home/lewis/src/ad-law-scrape/athletic-rust-pipeline/target/debug/deps/libindexmap-1c63c723307638d8.rmeta --extern regex=/home/lewis/src/ad-law-scrape/athletic-rust-pipeline/target/debug/deps/libregex-9df6b0e5286f169d.rmeta --extern reqwest=/home/lewis/src/ad-law-scrape/athletic-rust-pipeline/target/debug/deps/libreqwest-fdc91a4de5a1c963.rmeta --extern restate_sdk=/home/lewis/src/ad-law-scrape/athletic-rust-pipeline/target/debug/deps/librestate_sdk-b8e1324a257ad713.rmeta --extern serde=/home/lewis/src/ad-law-scrape/athletic-rust-pipeline/target/debug/deps/libserde-986bafa530b5bae4.rmeta --extern serde_json=/home/lewis/src/ad-law-scrape/athletic-rust-pipeline/target/debug/deps/libserde_json-089accd2b59d2a69.rmeta --extern sha2=/home/lewis/src/ad-law-scrape/athletic-rust-pipeline/target/debug/deps/libsha2-9bff55c82a06cc2d.rmeta --extern thiserror=/home/lewis/src/ad-law-scrape/athletic-rust-pipeline/target/debug/deps/libthiserror-1bc0d12be9ec7558.rmeta --extern tokio=/home/lewis/src/ad-law-scrape/athletic-rust-pipeline/target/debug/deps/libtokio-176180b45f60ab71.rmeta --extern tracing=/home/lewis/src/ad-law-scrape/athletic-rust-pipeline/target/debug/deps/libtracing-71dadc955179d0b7.rmeta --extern url=/home/lewis/src/ad-law-scrape/athletic-rust-pipeline/target/debug/deps/liburl-0f547cf413905183.rmeta -L native=/home/lewis/src/ad-law-scrape/athletic-rust-pipeline/target/debug/build/aws-lc-sys-fe6f7cfce21015b1/out`
     Running `sccache /home/lewis/.rustup/toolchains/nightly-2026-04-27-x86_64-unknown-linux-gnu/bin/rustc --crate-name census_review --edition=2021 crates/census-review/src/lib.rs --error-format=json --json=diagnostic-rendered-ansi,artifacts,future-incompat --crate-type lib --emit=dep-info,metadata,link -C embed-bitcode=no -C debuginfo=2 --deny=unused_must_use --forbid=unsafe_code '--deny=clippy::unimplemented' --warn=unexpected_cfgs '--deny=clippy::todo' '--deny=clippy::panic_in_result_fn' '--deny=clippy::dbg_macro' --check-cfg 'cfg(kani)' --check-cfg 'cfg(tokio_unstable)' --check-cfg 'cfg(docsrs,test)' --check-cfg 'cfg(feature, values())' -C metadata=a96e00dc00d80334 -C extra-filename=-e8047dadcfe2e798 --out-dir /home/lewis/src/ad-law-scrape/athletic-rust-pipeline/target/debug/deps -C incremental=/home/lewis/src/ad-law-scrape/athletic-rust-pipeline/target/debug/incremental -L dependency=/home/lewis/src/ad-law-scrape/athletic-rust-pipeline/target/debug/deps --extern census_domain=/home/lewis/src/ad-law-scrape/athletic-rust-pipeline/target/debug/deps/libcensus_domain-b50239c3a21a213d.rmeta --extern census_store=/home/lewis/src/ad-law-scrape/athletic-rust-pipeline/target/debug/deps/libcensus_store-4b3ab36e5e10e2d6.rmeta --extern futures=/home/lewis/src/ad-law-scrape/athletic-rust-pipeline/target/debug/deps/libfutures-e201c81fd8cd99ce.rmeta --extern reqwest=/home/lewis/src/ad-law-scrape/athletic-rust-pipeline/target/debug/deps/libreqwest-fdc91a4de5a1c963.rmeta --extern serde=/home/lewis/src/ad-law-scrape/athletic-rust-pipeline/target/debug/deps/libserde-986bafa530b5bae4.rmeta --extern serde_json=/home/lewis/src/ad-law-scrape/athletic-rust-pipeline/target/debug/deps/libserde_json-089accd2b59d2a69.rmeta --extern thiserror=/home/lewis/src/ad-law-scrape/athletic-rust-pipeline/target/debug/deps/libthiserror-1bc0d12be9ec7558.rmeta --extern tracing=/home/lewis/src/ad-law-scrape/athletic-rust-pipeline/target/debug/deps/libtracing-71dadc955179d0b7.rmeta --extern url=/home/lewis/src/ad-law-scrape/athletic-rust-pipeline/target/debug/deps/liburl-0f547cf413905183.rmeta -L native=/home/lewis/src/ad-law-scrape/athletic-rust-pipeline/target/debug/build/aws-lc-sys-fe6f7cfce21015b1/out`
     Running `sccache /home/lewis/.rustup/toolchains/nightly-2026-04-27-x86_64-unknown-linux-gnu/bin/rustc --crate-name cdp_frame_compat --edition=2021 crates/athleticnet-browser/tests/cdp_frame_compat.rs --error-format=json --json=diagnostic-rendered-ansi,artifacts,future-incompat --emit=dep-info,link -C embed-bitcode=no -C debuginfo=2 --deny=unused_must_use --forbid=unsafe_code '--deny=clippy::unimplemented' --warn=unexpected_cfgs '--deny=clippy::todo' '--deny=clippy::panic_in_result_fn' '--deny=clippy::dbg_macro' --check-cfg 'cfg(kani)' --check-cfg 'cfg(tokio_unstable)' --test --check-cfg 'cfg(docsrs,test)' --check-cfg 'cfg(feature, values())' -C metadata=fa3a93bfcec6895f -C extra-filename=-34b73e67b1703403 --out-dir /home/lewis/src/ad-law-scrape/athletic-rust-pipeline/target/debug/deps -C incremental=/home/lewis/src/ad-law-scrape/athletic-rust-pipeline/target/debug/incremental -L dependency=/home/lewis/src/ad-law-scrape/athletic-rust-pipeline/target/debug/deps --extern anyhow=/home/lewis/src/ad-law-scrape/athletic-rust-pipeline/target/debug/deps/libanyhow-2889f2bfb7da9aa2.rlib --extern athleticnet_browser=/home/lewis/src/ad-law-scrape/athletic-rust-pipeline/target/debug/deps/libathleticnet_browser-bda8f2721813b351.rlib --extern base64=/home/lewis/src/ad-law-scrape/athletic-rust-pipeline/target/debug/deps/libbase64-8247382c1ed853ef.rlib --extern chromiumoxide=/home/lewis/src/ad-law-scrape/athletic-rust-pipeline/target/debug/deps/libchromiumoxide-15d9afeeb7d8f315.rlib --extern futures=/home/lewis/src/ad-law-scrape/athletic-rust-pipeline/target/debug/deps/libfutures-e201c81fd8cd99ce.rlib --extern httpdate=/home/lewis/src/ad-law-scrape/athletic-rust-pipeline/target/debug/deps/libhttpdate-0f88255c622edf36.rlib --extern reqwest=/home/lewis/src/ad-law-scrape/athletic-rust-pipeline/target/debug/deps/libreqwest-fdc91a4de5a1c963.rlib --extern serde=/home/lewis/src/ad-law-scrape/athletic-rust-pipeline/target/debug/deps/libserde-986bafa530b5bae4.rlib --extern serde_json=/home/lewis/src/ad-law-scrape/athletic-rust-pipeline/target/debug/deps/libserde_json-089accd2b59d2a69.rlib --extern thiserror=/home/lewis/src/ad-law-scrape/athletic-rust-pipeline/target/debug/deps/libthiserror-1bc0d12be9ec7558.rlib --extern tokio=/home/lewis/src/ad-law-scrape/athletic-rust-pipeline/target/debug/deps/libtokio-176180b45f60ab71.rlib --extern tokio_util=/home/lewis/src/ad-law-scrape/athletic-rust-pipeline/target/debug/deps/libtokio_util-5ec2f64f331ec273.rlib --extern tracing=/home/lewis/src/ad-law-scrape/athletic-rust-pipeline/target/debug/deps/libtracing-71dadc955179d0b7.rlib --extern url=/home/lewis/src/ad-law-scrape/athletic-rust-pipeline/target/debug/deps/liburl-0f547cf413905183.rlib -L native=/home/lewis/src/ad-law-scrape/athletic-rust-pipeline/target/debug/build/aws-lc-sys-fe6f7cfce21015b1/out`
     Running `sccache /home/lewis/.rustup/toolchains/nightly-2026-04-27-x86_64-unknown-linux-gnu/bin/rustc --crate-name browser_outcome_fixture --edition=2021 crates/athleticnet-browser/tests/browser_outcome_fixture.rs --error-format=json --json=diagnostic-rendered-ansi,artifacts,future-incompat --emit=dep-info,link -C embed-bitcode=no -C debuginfo=2 --deny=unused_must_use --forbid=unsafe_code '--deny=clippy::unimplemented' --warn=unexpected_cfgs '--deny=clippy::todo' '--deny=clippy::panic_in_result_fn' '--deny=clippy::dbg_macro' --check-cfg 'cfg(kani)' --check-cfg 'cfg(tokio_unstable)' --test --check-cfg 'cfg(docsrs,test)' --check-cfg 'cfg(feature, values())' -C metadata=feb6d1462727a301 -C extra-filename=-ea62ed2f00e2c345 --out-dir /home/lewis/src/ad-law-scrape/athletic-rust-pipeline/target/debug/deps -C incremental=/home/lewis/src/ad-law-scrape/athletic-rust-pipeline/target/debug/incremental -L dependency=/home/lewis/src/ad-law-scrape/athletic-rust-pipeline/target/debug/deps --extern anyhow=/home/lewis/src/ad-law-scrape/athletic-rust-pipeline/target/debug/deps/libanyhow-2889f2bfb7da9aa2.rlib --extern athleticnet_browser=/home/lewis/src/ad-law-scrape/athletic-rust-pipeline/target/debug/deps/libathleticnet_browser-bda8f2721813b351.rlib --extern base64=/home/lewis/src/ad-law-scrape/athletic-rust-pipeline/target/debug/deps/libbase64-8247382c1ed853ef.rlib --extern chromiumoxide=/home/lewis/src/ad-law-scrape/athletic-rust-pipeline/target/debug/deps/libchromiumoxide-15d9afeeb7d8f315.rlib --extern futures=/home/lewis/src/ad-law-scrape/athletic-rust-pipeline/target/debug/deps/libfutures-e201c81fd8cd99ce.rlib --extern httpdate=/home/lewis/src/ad-law-scrape/athletic-rust-pipeline/target/debug/deps/libhttpdate-0f88255c622edf36.rlib --extern reqwest=/home/lewis/src/ad-law-scrape/athletic-rust-pipeline/target/debug/deps/libreqwest-fdc91a4de5a1c963.rlib --extern serde=/home/lewis/src/ad-law-scrape/athletic-rust-pipeline/target/debug/deps/libserde-986bafa530b5bae4.rlib --extern serde_json=/home/lewis/src/ad-law-scrape/athletic-rust-pipeline/target/debug/deps/libserde_json-089accd2b59d2a69.rlib --extern thiserror=/home/lewis/src/ad-law-scrape/athletic-rust-pipeline/target/debug/deps/libthiserror-1bc0d12be9ec7558.rlib --extern tokio=/home/lewis/src/ad-law-scrape/athletic-rust-pipeline/target/debug/deps/libtokio-176180b45f60ab71.rlib --extern tokio_util=/home/lewis/src/ad-law-scrape/athletic-rust-pipeline/target/debug/deps/libtokio_util-5ec2f64f331ec273.rlib --extern tracing=/home/lewis/src/ad-law-scrape/athletic-rust-pipeline/target/debug/deps/libtracing-71dadc955179d0b7.rlib --extern url=/home/lewis/src/ad-law-scrape/athletic-rust-pipeline/target/debug/deps/liburl-0f547cf413905183.rlib -L native=/home/lewis/src/ad-law-scrape/athletic-rust-pipeline/target/debug/build/aws-lc-sys-fe6f7cfce21015b1/out`
     Running `sccache /home/lewis/.rustup/toolchains/nightly-2026-04-27-x86_64-unknown-linux-gnu/bin/rustc --crate-name census_review --edition=2021 crates/census-review/src/lib.rs --error-format=json --json=diagnostic-rendered-ansi,artifacts,future-incompat --emit=dep-info,link -C embed-bitcode=no -C debuginfo=2 --deny=unused_must_use --forbid=unsafe_code '--deny=clippy::unimplemented' --warn=unexpected_cfgs '--deny=clippy::todo' '--deny=clippy::panic_in_result_fn' '--deny=clippy::dbg_macro' --check-cfg 'cfg(kani)' --check-cfg 'cfg(tokio_unstable)' --test --check-cfg 'cfg(docsrs,test)' --check-cfg 'cfg(feature, values())' -C metadata=e8e5227e5e1ceac7 -C extra-filename=-2b2d31695dbf4150 --out-dir /home/lewis/src/ad-law-scrape/athletic-rust-pipeline/target/debug/deps -C incremental=/home/lewis/src/ad-law-scrape/athletic-rust-pipeline/target/debug/incremental -L dependency=/home/lewis/src/ad-law-scrape/athletic-rust-pipeline/target/debug/deps --extern census_domain=/home/lewis/src/ad-law-scrape/athletic-rust-pipeline/target/debug/deps/libcensus_domain-b50239c3a21a213d.rlib --extern census_store=/home/lewis/src/ad-law-scrape/athletic-rust-pipeline/target/debug/deps/libcensus_store-4b3ab36e5e10e2d6.rlib --extern futures=/home/lewis/src/ad-law-scrape/athletic-rust-pipeline/target/debug/deps/libfutures-e201c81fd8cd99ce.rlib --extern reqwest=/home/lewis/src/ad-law-scrape/athletic-rust-pipeline/target/debug/deps/libreqwest-fdc91a4de5a1c963.rlib --extern serde=/home/lewis/src/ad-law-scrape/athletic-rust-pipeline/target/debug/deps/libserde-986bafa530b5bae4.rlib --extern serde_json=/home/lewis/src/ad-law-scrape/athletic-rust-pipeline/target/debug/deps/libserde_json-089accd2b59d2a69.rlib --extern tempfile=/home/lewis/src/ad-law-scrape/athletic-rust-pipeline/target/debug/deps/libtempfile-a4df9dd1458cfb0b.rlib --extern thiserror=/home/lewis/src/ad-law-scrape/athletic-rust-pipeline/target/debug/deps/libthiserror-1bc0d12be9ec7558.rlib --extern tokio=/home/lewis/src/ad-law-scrape/athletic-rust-pipeline/target/debug/deps/libtokio-176180b45f60ab71.rlib --extern tracing=/home/lewis/src/ad-law-scrape/athletic-rust-pipeline/target/debug/deps/libtracing-71dadc955179d0b7.rlib --extern url=/home/lewis/src/ad-law-scrape/athletic-rust-pipeline/target/debug/deps/liburl-0f547cf413905183.rlib -L native=/home/lewis/src/ad-law-scrape/athletic-rust-pipeline/target/debug/build/aws-lc-sys-fe6f7cfce21015b1/out`
     Running `sccache /home/lewis/.rustup/toolchains/nightly-2026-04-27-x86_64-unknown-linux-gnu/bin/rustc --crate-name retained_canonical_audit --edition=2021 crates/census-store/examples/retained_canonical_audit.rs --error-format=json --json=diagnostic-rendered-ansi,artifacts,future-incompat --crate-type bin --emit=dep-info,link -C embed-bitcode=no -C debuginfo=2 --deny=unused_must_use --forbid=unsafe_code '--deny=clippy::unimplemented' --warn=unexpected_cfgs '--deny=clippy::todo' '--deny=clippy::panic_in_result_fn' '--deny=clippy::dbg_macro' --check-cfg 'cfg(kani)' --check-cfg 'cfg(tokio_unstable)' --check-cfg 'cfg(docsrs,test)' --check-cfg 'cfg(feature, values("loom"))' -C metadata=2f707cfe75c1e0b2 -C extra-filename=-7ed7d8473cd45f5e --out-dir /home/lewis/src/ad-law-scrape/athletic-rust-pipeline/target/debug/examples -C incremental=/home/lewis/src/ad-law-scrape/athletic-rust-pipeline/target/debug/incremental -L dependency=/home/lewis/src/ad-law-scrape/athletic-rust-pipeline/target/debug/deps --extern census_domain=/home/lewis/src/ad-law-scrape/athletic-rust-pipeline/target/debug/deps/libcensus_domain-b50239c3a21a213d.rlib --extern census_store=/home/lewis/src/ad-law-scrape/athletic-rust-pipeline/target/debug/deps/libcensus_store-4b3ab36e5e10e2d6.rlib --extern chrono=/home/lewis/src/ad-law-scrape/athletic-rust-pipeline/target/debug/deps/libchrono-3cfdd5a6cfad533c.rlib --extern csv=/home/lewis/src/ad-law-scrape/athletic-rust-pipeline/target/debug/deps/libcsv-17bdf72ebda1dc06.rlib --extern fjall=/home/lewis/src/ad-law-scrape/athletic-rust-pipeline/target/debug/deps/libfjall-9c34df85f83c860b.rlib --extern loom=/home/lewis/src/ad-law-scrape/athletic-rust-pipeline/target/debug/deps/libloom-77973b48c26c59ea.rlib --extern serde=/home/lewis/src/ad-law-scrape/athletic-rust-pipeline/target/debug/deps/libserde-986bafa530b5bae4.rlib --extern serde_json=/home/lewis/src/ad-law-scrape/athletic-rust-pipeline/target/debug/deps/libserde_json-089accd2b59d2a69.rlib --extern sha2=/home/lewis/src/ad-law-scrape/athletic-rust-pipeline/target/debug/deps/libsha2-9bff55c82a06cc2d.rlib --extern tempfile=/home/lewis/src/ad-law-scrape/athletic-rust-pipeline/target/debug/deps/libtempfile-a4df9dd1458cfb0b.rlib --extern thiserror=/home/lewis/src/ad-law-scrape/athletic-rust-pipeline/target/debug/deps/libthiserror-1bc0d12be9ec7558.rlib --extern tokio=/home/lewis/src/ad-law-scrape/athletic-rust-pipeline/target/debug/deps/libtokio-176180b45f60ab71.rlib --extern tracing=/home/lewis/src/ad-law-scrape/athletic-rust-pipeline/target/debug/deps/libtracing-71dadc955179d0b7.rlib`
     Running `sccache /home/lewis/.rustup/toolchains/nightly-2026-04-27-x86_64-unknown-linux-gnu/bin/rustc --crate-name sequence_context_smoke --edition=2021 crates/census-store/examples/sequence_context_smoke.rs --error-format=json --json=diagnostic-rendered-ansi,artifacts,future-incompat --crate-type bin --emit=dep-info,link -C embed-bitcode=no -C debuginfo=2 --deny=unused_must_use --forbid=unsafe_code '--deny=clippy::unimplemented' --warn=unexpected_cfgs '--deny=clippy::todo' '--deny=clippy::panic_in_result_fn' '--deny=clippy::dbg_macro' --check-cfg 'cfg(kani)' --check-cfg 'cfg(tokio_unstable)' --check-cfg 'cfg(docsrs,test)' --check-cfg 'cfg(feature, values("loom"))' -C metadata=c8a6a285245e935c -C extra-filename=-ea25b5d05f9dac81 --out-dir /home/lewis/src/ad-law-scrape/athletic-rust-pipeline/target/debug/examples -C incremental=/home/lewis/src/ad-law-scrape/athletic-rust-pipeline/target/debug/incremental -L dependency=/home/lewis/src/ad-law-scrape/athletic-rust-pipeline/target/debug/deps --extern census_domain=/home/lewis/src/ad-law-scrape/athletic-rust-pipeline/target/debug/deps/libcensus_domain-b50239c3a21a213d.rlib --extern census_store=/home/lewis/src/ad-law-scrape/athletic-rust-pipeline/target/debug/deps/libcensus_store-4b3ab36e5e10e2d6.rlib --extern chrono=/home/lewis/src/ad-law-scrape/athletic-rust-pipeline/target/debug/deps/libchrono-3cfdd5a6cfad533c.rlib --extern csv=/home/lewis/src/ad-law-scrape/athletic-rust-pipeline/target/debug/deps/libcsv-17bdf72ebda1dc06.rlib --extern fjall=/home/lewis/src/ad-law-scrape/athletic-rust-pipeline/target/debug/deps/libfjall-9c34df85f83c860b.rlib --extern loom=/home/lewis/src/ad-law-scrape/athletic-rust-pipeline/target/debug/deps/libloom-77973b48c26c59ea.rlib --extern serde=/home/lewis/src/ad-law-scrape/athletic-rust-pipeline/target/debug/deps/libserde-986bafa530b5bae4.rlib --extern serde_json=/home/lewis/src/ad-law-scrape/athletic-rust-pipeline/target/debug/deps/libserde_json-089accd2b59d2a69.rlib --extern sha2=/home/lewis/src/ad-law-scrape/athletic-rust-pipeline/target/debug/deps/libsha2-9bff55c82a06cc2d.rlib --extern tempfile=/home/lewis/src/ad-law-scrape/athletic-rust-pipeline/target/debug/deps/libtempfile-a4df9dd1458cfb0b.rlib --extern thiserror=/home/lewis/src/ad-law-scrape/athletic-rust-pipeline/target/debug/deps/libthiserror-1bc0d12be9ec7558.rlib --extern tokio=/home/lewis/src/ad-law-scrape/athletic-rust-pipeline/target/debug/deps/libtokio-176180b45f60ab71.rlib --extern tracing=/home/lewis/src/ad-law-scrape/athletic-rust-pipeline/target/debug/deps/libtracing-71dadc955179d0b7.rlib`
     Running `sccache /home/lewis/.rustup/toolchains/nightly-2026-04-27-x86_64-unknown-linux-gnu/bin/rustc --crate-name checkpoint_fence --edition=2021 crates/census-store/tests/checkpoint_fence.rs --error-format=json --json=diagnostic-rendered-ansi,artifacts,future-incompat --emit=dep-info,link -C embed-bitcode=no -C debuginfo=2 --deny=unused_must_use --forbid=unsafe_code '--deny=clippy::unimplemented' --warn=unexpected_cfgs '--deny=clippy::todo' '--deny=clippy::panic_in_result_fn' '--deny=clippy::dbg_macro' --check-cfg 'cfg(kani)' --check-cfg 'cfg(tokio_unstable)' --test --check-cfg 'cfg(docsrs,test)' --check-cfg 'cfg(feature, values("loom"))' -C metadata=0ad73fb7c8cc38e3 -C extra-filename=-4a2527d992e57f0e --out-dir /home/lewis/src/ad-law-scrape/athletic-rust-pipeline/target/debug/deps -C incremental=/home/lewis/src/ad-law-scrape/athletic-rust-pipeline/target/debug/incremental -L dependency=/home/lewis/src/ad-law-scrape/athletic-rust-pipeline/target/debug/deps --extern census_domain=/home/lewis/src/ad-law-scrape/athletic-rust-pipeline/target/debug/deps/libcensus_domain-b50239c3a21a213d.rlib --extern census_store=/home/lewis/src/ad-law-scrape/athletic-rust-pipeline/target/debug/deps/libcensus_store-4b3ab36e5e10e2d6.rlib --extern chrono=/home/lewis/src/ad-law-scrape/athletic-rust-pipeline/target/debug/deps/libchrono-3cfdd5a6cfad533c.rlib --extern csv=/home/lewis/src/ad-law-scrape/athletic-rust-pipeline/target/debug/deps/libcsv-17bdf72ebda1dc06.rlib --extern fjall=/home/lewis/src/ad-law-scrape/athletic-rust-pipeline/target/debug/deps/libfjall-9c34df85f83c860b.rlib --extern loom=/home/lewis/src/ad-law-scrape/athletic-rust-pipeline/target/debug/deps/libloom-77973b48c26c59ea.rlib --extern serde=/home/lewis/src/ad-law-scrape/athletic-rust-pipeline/target/debug/deps/libserde-986bafa530b5bae4.rlib --extern serde_json=/home/lewis/src/ad-law-scrape/athletic-rust-pipeline/target/debug/deps/libserde_json-089accd2b59d2a69.rlib --extern sha2=/home/lewis/src/ad-law-scrape/athletic-rust-pipeline/target/debug/deps/libsha2-9bff55c82a06cc2d.rlib --extern tempfile=/home/lewis/src/ad-law-scrape/athletic-rust-pipeline/target/debug/deps/libtempfile-a4df9dd1458cfb0b.rlib --extern thiserror=/home/lewis/src/ad-law-scrape/athletic-rust-pipeline/target/debug/deps/libthiserror-1bc0d12be9ec7558.rlib --extern tokio=/home/lewis/src/ad-law-scrape/athletic-rust-pipeline/target/debug/deps/libtokio-176180b45f60ab71.rlib --extern tracing=/home/lewis/src/ad-law-scrape/athletic-rust-pipeline/target/debug/deps/libtracing-71dadc955179d0b7.rlib`
     Running `sccache /home/lewis/.rustup/toolchains/nightly-2026-04-27-x86_64-unknown-linux-gnu/bin/rustc --crate-name census_crawl --edition=2021 crates/census-crawl/src/lib.rs --error-format=json --json=diagnostic-rendered-ansi,artifacts,future-incompat --emit=dep-info,link -C embed-bitcode=no -C debuginfo=2 --deny=unused_must_use --forbid=unsafe_code '--deny=clippy::unimplemented' --warn=unexpected_cfgs '--deny=clippy::todo' '--deny=clippy::panic_in_result_fn' '--deny=clippy::dbg_macro' --check-cfg 'cfg(kani)' --check-cfg 'cfg(tokio_unstable)' --test --check-cfg 'cfg(docsrs,test)' --check-cfg 'cfg(feature, values())' -C metadata=44a7f7abba4c7152 -C extra-filename=-5ba5aa92c5ce5316 --out-dir /home/lewis/src/ad-law-scrape/athletic-rust-pipeline/target/debug/deps -C incremental=/home/lewis/src/ad-law-scrape/athletic-rust-pipeline/target/debug/incremental -L dependency=/home/lewis/src/ad-law-scrape/athletic-rust-pipeline/target/debug/deps --extern anyhow=/home/lewis/src/ad-law-scrape/athletic-rust-pipeline/target/debug/deps/libanyhow-2889f2bfb7da9aa2.rlib --extern base64=/home/lewis/src/ad-law-scrape/athletic-rust-pipeline/target/debug/deps/libbase64-8247382c1ed853ef.rlib --extern bytes=/home/lewis/src/ad-law-scrape/athletic-rust-pipeline/target/debug/deps/libbytes-7e5b5b6c3eb86a3b.rlib --extern census_domain=/home/lewis/src/ad-law-scrape/athletic-rust-pipeline/target/debug/deps/libcensus_domain-b50239c3a21a213d.rlib --extern census_store=/home/lewis/src/ad-law-scrape/athletic-rust-pipeline/target/debug/deps/libcensus_store-4b3ab36e5e10e2d6.rlib --extern chrono=/home/lewis/src/ad-law-scrape/athletic-rust-pipeline/target/debug/deps/libchrono-3cfdd5a6cfad533c.rlib --extern csv=/home/lewis/src/ad-law-scrape/athletic-rust-pipeline/target/debug/deps/libcsv-17bdf72ebda1dc06.rlib --extern csv_core=/home/lewis/src/ad-law-scrape/athletic-rust-pipeline/target/debug/deps/libcsv_core-1a456ca2be418275.rlib --extern futures=/home/lewis/src/ad-law-scrape/athletic-rust-pipeline/target/debug/deps/libfutures-e201c81fd8cd99ce.rlib --extern http=/home/lewis/src/ad-law-scrape/athletic-rust-pipeline/target/debug/deps/libhttp-29f1bb4c2605c84d.rlib --extern indexmap=/home/lewis/src/ad-law-scrape/athletic-rust-pipeline/target/debug/deps/libindexmap-1c63c723307638d8.rlib --extern regex=/home/lewis/src/ad-law-scrape/athletic-rust-pipeline/target/debug/deps/libregex-9df6b0e5286f169d.rlib --extern reqwest=/home/lewis/src/ad-law-scrape/athletic-rust-pipeline/target/debug/deps/libreqwest-fdc91a4de5a1c963.rlib --extern restate_sdk=/home/lewis/src/ad-law-scrape/athletic-rust-pipeline/target/debug/deps/librestate_sdk-b8e1324a257ad713.rlib --extern serde=/home/lewis/src/ad-law-scrape/athletic-rust-pipeline/target/debug/deps/libserde-986bafa530b5bae4.rlib --extern serde_json=/home/lewis/src/ad-law-scrape/athletic-rust-pipeline/target/debug/deps/libserde_json-089accd2b59d2a69.rlib --extern sha2=/home/lewis/src/ad-law-scrape/athletic-rust-pipeline/target/debug/deps/libsha2-9bff55c82a06cc2d.rlib --extern tempfile=/home/lewis/src/ad-law-scrape/athletic-rust-pipeline/target/debug/deps/libtempfile-a4df9dd1458cfb0b.rlib --extern thiserror=/home/lewis/src/ad-law-scrape/athletic-rust-pipeline/target/debug/deps/libthiserror-1bc0d12be9ec7558.rlib --extern tokio=/home/lewis/src/ad-law-scrape/athletic-rust-pipeline/target/debug/deps/libtokio-176180b45f60ab71.rlib --extern tracing=/home/lewis/src/ad-law-scrape/athletic-rust-pipeline/target/debug/deps/libtracing-71dadc955179d0b7.rlib --extern url=/home/lewis/src/ad-law-scrape/athletic-rust-pipeline/target/debug/deps/liburl-0f547cf413905183.rlib -L native=/home/lewis/src/ad-law-scrape/athletic-rust-pipeline/target/debug/build/aws-lc-sys-fe6f7cfce21015b1/out`
     Running `sccache /home/lewis/.rustup/toolchains/nightly-2026-04-27-x86_64-unknown-linux-gnu/bin/rustc --crate-name bounded_memory --edition=2021 crates/census-store/tests/bounded_memory.rs --error-format=json --json=diagnostic-rendered-ansi,artifacts,future-incompat --emit=dep-info,link -C embed-bitcode=no -C debuginfo=2 --deny=unused_must_use --forbid=unsafe_code '--deny=clippy::unimplemented' --warn=unexpected_cfgs '--deny=clippy::todo' '--deny=clippy::panic_in_result_fn' '--deny=clippy::dbg_macro' --check-cfg 'cfg(kani)' --check-cfg 'cfg(tokio_unstable)' --test --check-cfg 'cfg(docsrs,test)' --check-cfg 'cfg(feature, values("loom"))' -C metadata=228f8d8b0f368c64 -C extra-filename=-f62c620ed419c942 --out-dir /home/lewis/src/ad-law-scrape/athletic-rust-pipeline/target/debug/deps -C incremental=/home/lewis/src/ad-law-scrape/athletic-rust-pipeline/target/debug/incremental -L dependency=/home/lewis/src/ad-law-scrape/athletic-rust-pipeline/target/debug/deps --extern census_domain=/home/lewis/src/ad-law-scrape/athletic-rust-pipeline/target/debug/deps/libcensus_domain-b50239c3a21a213d.rlib --extern census_store=/home/lewis/src/ad-law-scrape/athletic-rust-pipeline/target/debug/deps/libcensus_store-4b3ab36e5e10e2d6.rlib --extern chrono=/home/lewis/src/ad-law-scrape/athletic-rust-pipeline/target/debug/deps/libchrono-3cfdd5a6cfad533c.rlib --extern csv=/home/lewis/src/ad-law-scrape/athletic-rust-pipeline/target/debug/deps/libcsv-17bdf72ebda1dc06.rlib --extern fjall=/home/lewis/src/ad-law-scrape/athletic-rust-pipeline/target/debug/deps/libfjall-9c34df85f83c860b.rlib --extern loom=/home/lewis/src/ad-law-scrape/athletic-rust-pipeline/target/debug/deps/libloom-77973b48c26c59ea.rlib --extern serde=/home/lewis/src/ad-law-scrape/athletic-rust-pipeline/target/debug/deps/libserde-986bafa530b5bae4.rlib --extern serde_json=/home/lewis/src/ad-law-scrape/athletic-rust-pipeline/target/debug/deps/libserde_json-089accd2b59d2a69.rlib --extern sha2=/home/lewis/src/ad-law-scrape/athletic-rust-pipeline/target/debug/deps/libsha2-9bff55c82a06cc2d.rlib --extern tempfile=/home/lewis/src/ad-law-scrape/athletic-rust-pipeline/target/debug/deps/libtempfile-a4df9dd1458cfb0b.rlib --extern thiserror=/home/lewis/src/ad-law-scrape/athletic-rust-pipeline/target/debug/deps/libthiserror-1bc0d12be9ec7558.rlib --extern tokio=/home/lewis/src/ad-law-scrape/athletic-rust-pipeline/target/debug/deps/libtokio-176180b45f60ab71.rlib --extern tracing=/home/lewis/src/ad-law-scrape/athletic-rust-pipeline/target/debug/deps/libtracing-71dadc955179d0b7.rlib`
     Running `sccache /home/lewis/.rustup/toolchains/nightly-2026-04-27-x86_64-unknown-linux-gnu/bin/rustc --crate-name backup_paths --edition=2021 crates/census-store/tests/backup_paths.rs --error-format=json --json=diagnostic-rendered-ansi,artifacts,future-incompat --emit=dep-info,link -C embed-bitcode=no -C debuginfo=2 --deny=unused_must_use --forbid=unsafe_code '--deny=clippy::unimplemented' --warn=unexpected_cfgs '--deny=clippy::todo' '--deny=clippy::panic_in_result_fn' '--deny=clippy::dbg_macro' --check-cfg 'cfg(kani)' --check-cfg 'cfg(tokio_unstable)' --test --check-cfg 'cfg(docsrs,test)' --check-cfg 'cfg(feature, values("loom"))' -C metadata=7a46cc02a4480960 -C extra-filename=-5398279e0ef86008 --out-dir /home/lewis/src/ad-law-scrape/athletic-rust-pipeline/target/debug/deps -C incremental=/home/lewis/src/ad-law-scrape/athletic-rust-pipeline/target/debug/incremental -L dependency=/home/lewis/src/ad-law-scrape/athletic-rust-pipeline/target/debug/deps --extern census_domain=/home/lewis/src/ad-law-scrape/athletic-rust-pipeline/target/debug/deps/libcensus_domain-b50239c3a21a213d.rlib --extern census_store=/home/lewis/src/ad-law-scrape/athletic-rust-pipeline/target/debug/deps/libcensus_store-4b3ab36e5e10e2d6.rlib --extern chrono=/home/lewis/src/ad-law-scrape/athletic-rust-pipeline/target/debug/deps/libchrono-3cfdd5a6cfad533c.rlib --extern csv=/home/lewis/src/ad-law-scrape/athletic-rust-pipeline/target/debug/deps/libcsv-17bdf72ebda1dc06.rlib --extern fjall=/home/lewis/src/ad-law-scrape/athletic-rust-pipeline/target/debug/deps/libfjall-9c34df85f83c860b.rlib --extern loom=/home/lewis/src/ad-law-scrape/athletic-rust-pipeline/target/debug/deps/libloom-77973b48c26c59ea.rlib --extern serde=/home/lewis/src/ad-law-scrape/athletic-rust-pipeline/target/debug/deps/libserde-986bafa530b5bae4.rlib --extern serde_json=/home/lewis/src/ad-law-scrape/athletic-rust-pipeline/target/debug/deps/libserde_json-089accd2b59d2a69.rlib --extern sha2=/home/lewis/src/ad-law-scrape/athletic-rust-pipeline/target/debug/deps/libsha2-9bff55c82a06cc2d.rlib --extern tempfile=/home/lewis/src/ad-law-scrape/athletic-rust-pipeline/target/debug/deps/libtempfile-a4df9dd1458cfb0b.rlib --extern thiserror=/home/lewis/src/ad-law-scrape/athletic-rust-pipeline/target/debug/deps/libthiserror-1bc0d12be9ec7558.rlib --extern tokio=/home/lewis/src/ad-law-scrape/athletic-rust-pipeline/target/debug/deps/libtokio-176180b45f60ab71.rlib --extern tracing=/home/lewis/src/ad-law-scrape/athletic-rust-pipeline/target/debug/deps/libtracing-71dadc955179d0b7.rlib`
     Running `sccache /home/lewis/.rustup/toolchains/nightly-2026-04-27-x86_64-unknown-linux-gnu/bin/rustc --crate-name enospc --edition=2021 crates/census-store/examples/enospc.rs --error-format=json --json=diagnostic-rendered-ansi,artifacts,future-incompat --crate-type bin --emit=dep-info,link -C embed-bitcode=no -C debuginfo=2 --deny=unused_must_use --forbid=unsafe_code '--deny=clippy::unimplemented' --warn=unexpected_cfgs '--deny=clippy::todo' '--deny=clippy::panic_in_result_fn' '--deny=clippy::dbg_macro' --check-cfg 'cfg(kani)' --check-cfg 'cfg(tokio_unstable)' --check-cfg 'cfg(docsrs,test)' --check-cfg 'cfg(feature, values("loom"))' -C metadata=72bbcecbb9290742 -C extra-filename=-cfd4250e06f8d047 --out-dir /home/lewis/src/ad-law-scrape/athletic-rust-pipeline/target/debug/examples -C incremental=/home/lewis/src/ad-law-scrape/athletic-rust-pipeline/target/debug/incremental -L dependency=/home/lewis/src/ad-law-scrape/athletic-rust-pipeline/target/debug/deps --extern census_domain=/home/lewis/src/ad-law-scrape/athletic-rust-pipeline/target/debug/deps/libcensus_domain-b50239c3a21a213d.rlib --extern census_store=/home/lewis/src/ad-law-scrape/athletic-rust-pipeline/target/debug/deps/libcensus_store-4b3ab36e5e10e2d6.rlib --extern chrono=/home/lewis/src/ad-law-scrape/athletic-rust-pipeline/target/debug/deps/libchrono-3cfdd5a6cfad533c.rlib --extern csv=/home/lewis/src/ad-law-scrape/athletic-rust-pipeline/target/debug/deps/libcsv-17bdf72ebda1dc06.rlib --extern fjall=/home/lewis/src/ad-law-scrape/athletic-rust-pipeline/target/debug/deps/libfjall-9c34df85f83c860b.rlib --extern loom=/home/lewis/src/ad-law-scrape/athletic-rust-pipeline/target/debug/deps/libloom-77973b48c26c59ea.rlib --extern serde=/home/lewis/src/ad-law-scrape/athletic-rust-pipeline/target/debug/deps/libserde-986bafa530b5bae4.rlib --extern serde_json=/home/lewis/src/ad-law-scrape/athletic-rust-pipeline/target/debug/deps/libserde_json-089accd2b59d2a69.rlib --extern sha2=/home/lewis/src/ad-law-scrape/athletic-rust-pipeline/target/debug/deps/libsha2-9bff55c82a06cc2d.rlib --extern tempfile=/home/lewis/src/ad-law-scrape/athletic-rust-pipeline/target/debug/deps/libtempfile-a4df9dd1458cfb0b.rlib --extern thiserror=/home/lewis/src/ad-law-scrape/athletic-rust-pipeline/target/debug/deps/libthiserror-1bc0d12be9ec7558.rlib --extern tokio=/home/lewis/src/ad-law-scrape/athletic-rust-pipeline/target/debug/deps/libtokio-176180b45f60ab71.rlib --extern tracing=/home/lewis/src/ad-law-scrape/athletic-rust-pipeline/target/debug/deps/libtracing-71dadc955179d0b7.rlib`
     Running `sccache /home/lewis/.rustup/toolchains/nightly-2026-04-27-x86_64-unknown-linux-gnu/bin/rustc --crate-name qualification_dual --edition=2021 crates/census-review/examples/qualification_dual.rs --error-format=json --json=diagnostic-rendered-ansi,artifacts,future-incompat --crate-type bin --emit=dep-info,link -C embed-bitcode=no -C debuginfo=2 --deny=unused_must_use --forbid=unsafe_code '--deny=clippy::unimplemented' --warn=unexpected_cfgs '--deny=clippy::todo' '--deny=clippy::panic_in_result_fn' '--deny=clippy::dbg_macro' --check-cfg 'cfg(kani)' --check-cfg 'cfg(tokio_unstable)' --check-cfg 'cfg(docsrs,test)' --check-cfg 'cfg(feature, values())' -C metadata=c64c59d7931f3089 -C extra-filename=-530f0e46cf1e7a99 --out-dir /home/lewis/src/ad-law-scrape/athletic-rust-pipeline/target/debug/examples -C incremental=/home/lewis/src/ad-law-scrape/athletic-rust-pipeline/target/debug/incremental -L dependency=/home/lewis/src/ad-law-scrape/athletic-rust-pipeline/target/debug/deps --extern census_domain=/home/lewis/src/ad-law-scrape/athletic-rust-pipeline/target/debug/deps/libcensus_domain-b50239c3a21a213d.rlib --extern census_review=/home/lewis/src/ad-law-scrape/athletic-rust-pipeline/target/debug/deps/libcensus_review-e8047dadcfe2e798.rlib --extern census_store=/home/lewis/src/ad-law-scrape/athletic-rust-pipeline/target/debug/deps/libcensus_store-4b3ab36e5e10e2d6.rlib --extern futures=/home/lewis/src/ad-law-scrape/athletic-rust-pipeline/target/debug/deps/libfutures-e201c81fd8cd99ce.rlib --extern reqwest=/home/lewis/src/ad-law-scrape/athletic-rust-pipeline/target/debug/deps/libreqwest-fdc91a4de5a1c963.rlib --extern serde=/home/lewis/src/ad-law-scrape/athletic-rust-pipeline/target/debug/deps/libserde-986bafa530b5bae4.rlib --extern serde_json=/home/lewis/src/ad-law-scrape/athletic-rust-pipeline/target/debug/deps/libserde_json-089accd2b59d2a69.rlib --extern tempfile=/home/lewis/src/ad-law-scrape/athletic-rust-pipeline/target/debug/deps/libtempfile-a4df9dd1458cfb0b.rlib --extern thiserror=/home/lewis/src/ad-law-scrape/athletic-rust-pipeline/target/debug/deps/libthiserror-1bc0d12be9ec7558.rlib --extern tokio=/home/lewis/src/ad-law-scrape/athletic-rust-pipeline/target/debug/deps/libtokio-176180b45f60ab71.rlib --extern tracing=/home/lewis/src/ad-law-scrape/athletic-rust-pipeline/target/debug/deps/libtracing-71dadc955179d0b7.rlib --extern url=/home/lewis/src/ad-law-scrape/athletic-rust-pipeline/target/debug/deps/liburl-0f547cf413905183.rlib -L native=/home/lewis/src/ad-law-scrape/athletic-rust-pipeline/target/debug/build/aws-lc-sys-fe6f7cfce21015b1/out`
   Compiling census-report v0.1.0 (/home/lewis/src/ad-law-scrape/athletic-rust-pipeline/crates/census-report)
     Running `sccache /home/lewis/.rustup/toolchains/nightly-2026-04-27-x86_64-unknown-linux-gnu/bin/rustc --crate-name census_report --edition=2021 crates/census-report/src/lib.rs --error-format=json --json=diagnostic-rendered-ansi,artifacts,future-incompat --crate-type lib --emit=dep-info,metadata,link -C embed-bitcode=no -C debuginfo=2 --deny=unused_must_use --forbid=unsafe_code '--deny=clippy::unimplemented' --warn=unexpected_cfgs '--deny=clippy::todo' '--deny=clippy::panic_in_result_fn' '--deny=clippy::dbg_macro' --check-cfg 'cfg(kani)' --check-cfg 'cfg(tokio_unstable)' --check-cfg 'cfg(docsrs,test)' --check-cfg 'cfg(feature, values())' -C metadata=5a5f7512ecc71bda -C extra-filename=-f00748804e3574f7 --out-dir /home/lewis/src/ad-law-scrape/athletic-rust-pipeline/target/debug/deps -C incremental=/home/lewis/src/ad-law-scrape/athletic-rust-pipeline/target/debug/incremental -L dependency=/home/lewis/src/ad-law-scrape/athletic-rust-pipeline/target/debug/deps --extern calamine=/home/lewis/src/ad-law-scrape/athletic-rust-pipeline/target/debug/deps/libcalamine-1e43699899949caa.rmeta --extern census_crawl=/home/lewis/src/ad-law-scrape/athletic-rust-pipeline/target/debug/deps/libcensus_crawl-2db6656636bfbe35.rmeta --extern census_domain=/home/lewis/src/ad-law-scrape/athletic-rust-pipeline/target/debug/deps/libcensus_domain-b50239c3a21a213d.rmeta --extern census_review=/home/lewis/src/ad-law-scrape/athletic-rust-pipeline/target/debug/deps/libcensus_review-e8047dadcfe2e798.rmeta --extern census_store=/home/lewis/src/ad-law-scrape/athletic-rust-pipeline/target/debug/deps/libcensus_store-4b3ab36e5e10e2d6.rmeta --extern csv=/home/lewis/src/ad-law-scrape/athletic-rust-pipeline/target/debug/deps/libcsv-17bdf72ebda1dc06.rmeta --extern rust_xlsxwriter=/home/lewis/src/ad-law-scrape/athletic-rust-pipeline/target/debug/deps/librust_xlsxwriter-60cd87309770b968.rmeta --extern serde=/home/lewis/src/ad-law-scrape/athletic-rust-pipeline/target/debug/deps/libserde-986bafa530b5bae4.rmeta --extern serde_json=/home/lewis/src/ad-law-scrape/athletic-rust-pipeline/target/debug/deps/libserde_json-089accd2b59d2a69.rmeta --extern sha2=/home/lewis/src/ad-law-scrape/athletic-rust-pipeline/target/debug/deps/libsha2-9bff55c82a06cc2d.rmeta --extern thiserror=/home/lewis/src/ad-law-scrape/athletic-rust-pipeline/target/debug/deps/libthiserror-1bc0d12be9ec7558.rmeta --extern tracing=/home/lewis/src/ad-law-scrape/athletic-rust-pipeline/target/debug/deps/libtracing-71dadc955179d0b7.rmeta -L native=/home/lewis/src/ad-law-scrape/athletic-rust-pipeline/target/debug/build/aws-lc-sys-fe6f7cfce21015b1/out`
   Compiling census-reconcile v0.1.0 (/home/lewis/src/ad-law-scrape/athletic-rust-pipeline/crates/census-reconcile)
     Running `sccache /home/lewis/.rustup/toolchains/nightly-2026-04-27-x86_64-unknown-linux-gnu/bin/rustc --crate-name census_reconcile --edition=2021 crates/census-reconcile/src/lib.rs --error-format=json --json=diagnostic-rendered-ansi,artifacts,future-incompat --crate-type lib --emit=dep-info,metadata,link -C embed-bitcode=no -C debuginfo=2 --deny=unused_must_use --forbid=unsafe_code '--deny=clippy::unimplemented' --warn=unexpected_cfgs '--deny=clippy::todo' '--deny=clippy::panic_in_result_fn' '--deny=clippy::dbg_macro' --check-cfg 'cfg(kani)' --check-cfg 'cfg(tokio_unstable)' --check-cfg 'cfg(docsrs,test)' --check-cfg 'cfg(feature, values())' -C metadata=24948e480c77b48b -C extra-filename=-9016cd207d19f056 --out-dir /home/lewis/src/ad-law-scrape/athletic-rust-pipeline/target/debug/deps -C incremental=/home/lewis/src/ad-law-scrape/athletic-rust-pipeline/target/debug/incremental -L dependency=/home/lewis/src/ad-law-scrape/athletic-rust-pipeline/target/debug/deps --extern census_domain=/home/lewis/src/ad-law-scrape/athletic-rust-pipeline/target/debug/deps/libcensus_domain-b50239c3a21a213d.rmeta --extern census_report=/home/lewis/src/ad-law-scrape/athletic-rust-pipeline/target/debug/deps/libcensus_report-f00748804e3574f7.rmeta --extern census_store=/home/lewis/src/ad-law-scrape/athletic-rust-pipeline/target/debug/deps/libcensus_store-4b3ab36e5e10e2d6.rmeta --extern serde=/home/lewis/src/ad-law-scrape/athletic-rust-pipeline/target/debug/deps/libserde-986bafa530b5bae4.rmeta --extern sha2=/home/lewis/src/ad-law-scrape/athletic-rust-pipeline/target/debug/deps/libsha2-9bff55c82a06cc2d.rmeta -L native=/home/lewis/src/ad-law-scrape/athletic-rust-pipeline/target/debug/build/aws-lc-sys-fe6f7cfce21015b1/out`
   Compiling census-service v0.1.0 (/home/lewis/src/ad-law-scrape/athletic-rust-pipeline/crates/census-service)
     Running `sccache /home/lewis/.rustup/toolchains/nightly-2026-04-27-x86_64-unknown-linux-gnu/bin/rustc --crate-name census_service --edition=2021 crates/census-service/src/lib.rs --error-format=json --json=diagnostic-rendered-ansi,artifacts,future-incompat --crate-type lib --emit=dep-info,metadata,link -C embed-bitcode=no -C debuginfo=2 --deny=unused_must_use --forbid=unsafe_code '--deny=clippy::unimplemented' --warn=unexpected_cfgs '--deny=clippy::todo' '--deny=clippy::panic_in_result_fn' '--deny=clippy::dbg_macro' --check-cfg 'cfg(kani)' --check-cfg 'cfg(tokio_unstable)' --check-cfg 'cfg(docsrs,test)' --check-cfg 'cfg(feature, values("loom"))' -C metadata=fb44a3c4368c722a -C extra-filename=-a2c832ed4f4a7b74 --out-dir /home/lewis/src/ad-law-scrape/athletic-rust-pipeline/target/debug/deps -C incremental=/home/lewis/src/ad-law-scrape/athletic-rust-pipeline/target/debug/incremental -L dependency=/home/lewis/src/ad-law-scrape/athletic-rust-pipeline/target/debug/deps --extern anyhow=/home/lewis/src/ad-law-scrape/athletic-rust-pipeline/target/debug/deps/libanyhow-2889f2bfb7da9aa2.rmeta --extern athleticnet_browser=/home/lewis/src/ad-law-scrape/athletic-rust-pipeline/target/debug/deps/libathleticnet_browser-bda8f2721813b351.rmeta --extern calamine=/home/lewis/src/ad-law-scrape/athletic-rust-pipeline/target/debug/deps/libcalamine-1e43699899949caa.rmeta --extern census_crawl=/home/lewis/src/ad-law-scrape/athletic-rust-pipeline/target/debug/deps/libcensus_crawl-2db6656636bfbe35.rmeta --extern census_domain=/home/lewis/src/ad-law-scrape/athletic-rust-pipeline/target/debug/deps/libcensus_domain-b50239c3a21a213d.rmeta --extern census_reconcile=/home/lewis/src/ad-law-scrape/athletic-rust-pipeline/target/debug/deps/libcensus_reconcile-9016cd207d19f056.rmeta --extern census_report=/home/lewis/src/ad-law-scrape/athletic-rust-pipeline/target/debug/deps/libcensus_report-f00748804e3574f7.rmeta --extern census_review=/home/lewis/src/ad-law-scrape/athletic-rust-pipeline/target/debug/deps/libcensus_review-e8047dadcfe2e798.rmeta --extern census_store=/home/lewis/src/ad-law-scrape/athletic-rust-pipeline/target/debug/deps/libcensus_store-4b3ab36e5e10e2d6.rmeta --extern chrono=/home/lewis/src/ad-law-scrape/athletic-rust-pipeline/target/debug/deps/libchrono-3cfdd5a6cfad533c.rmeta --extern clap=/home/lewis/src/ad-law-scrape/athletic-rust-pipeline/target/debug/deps/libclap-15fb2c4871ae48dc.rmeta --extern csv=/home/lewis/src/ad-law-scrape/athletic-rust-pipeline/target/debug/deps/libcsv-17bdf72ebda1dc06.rmeta --extern futures=/home/lewis/src/ad-law-scrape/athletic-rust-pipeline/target/debug/deps/libfutures-e201c81fd8cd99ce.rmeta --extern regex=/home/lewis/src/ad-law-scrape/athletic-rust-pipeline/target/debug/deps/libregex-9df6b0e5286f169d.rmeta --extern reqwest=/home/lewis/src/ad-law-scrape/athletic-rust-pipeline/target/debug/deps/libreqwest-fdc91a4de5a1c963.rmeta --extern restate_sdk=/home/lewis/src/ad-law-scrape/athletic-rust-pipeline/target/debug/deps/librestate_sdk-b8e1324a257ad713.rmeta --extern serde=/home/lewis/src/ad-law-scrape/athletic-rust-pipeline/target/debug/deps/libserde-986bafa530b5bae4.rmeta --extern serde_json=/home/lewis/src/ad-law-scrape/athletic-rust-pipeline/target/debug/deps/libserde_json-089accd2b59d2a69.rmeta --extern sha2=/home/lewis/src/ad-law-scrape/athletic-rust-pipeline/target/debug/deps/libsha2-9bff55c82a06cc2d.rmeta --extern thiserror=/home/lewis/src/ad-law-scrape/athletic-rust-pipeline/target/debug/deps/libthiserror-1bc0d12be9ec7558.rmeta --extern tokio=/home/lewis/src/ad-law-scrape/athletic-rust-pipeline/target/debug/deps/libtokio-176180b45f60ab71.rmeta --extern tracing=/home/lewis/src/ad-law-scrape/athletic-rust-pipeline/target/debug/deps/libtracing-71dadc955179d0b7.rmeta --extern tracing_subscriber=/home/lewis/src/ad-law-scrape/athletic-rust-pipeline/target/debug/deps/libtracing_subscriber-9c895a655669e740.rmeta --extern url=/home/lewis/src/ad-law-scrape/athletic-rust-pipeline/target/debug/deps/liburl-0f547cf413905183.rmeta -L native=/home/lewis/src/ad-law-scrape/athletic-rust-pipeline/target/debug/build/aws-lc-sys-fe6f7cfce21015b1/out`
     Running `sccache /home/lewis/.rustup/toolchains/nightly-2026-04-27-x86_64-unknown-linux-gnu/bin/rustc --crate-name qualification_owned_projection --edition=2021 crates/census-crawl/examples/qualification_owned_projection.rs --error-format=json --json=diagnostic-rendered-ansi,artifacts,future-incompat --crate-type bin --emit=dep-info,link -C embed-bitcode=no -C debuginfo=2 --deny=unused_must_use --forbid=unsafe_code '--deny=clippy::unimplemented' --warn=unexpected_cfgs '--deny=clippy::todo' '--deny=clippy::panic_in_result_fn' '--deny=clippy::dbg_macro' --check-cfg 'cfg(kani)' --check-cfg 'cfg(tokio_unstable)' --check-cfg 'cfg(docsrs,test)' --check-cfg 'cfg(feature, values())' -C metadata=44c36215854bf34c -C extra-filename=-ca236b60a01282e5 --out-dir /home/lewis/src/ad-law-scrape/athletic-rust-pipeline/target/debug/examples -C incremental=/home/lewis/src/ad-law-scrape/athletic-rust-pipeline/target/debug/incremental -L dependency=/home/lewis/src/ad-law-scrape/athletic-rust-pipeline/target/debug/deps --extern anyhow=/home/lewis/src/ad-law-scrape/athletic-rust-pipeline/target/debug/deps/libanyhow-2889f2bfb7da9aa2.rlib --extern base64=/home/lewis/src/ad-law-scrape/athletic-rust-pipeline/target/debug/deps/libbase64-8247382c1ed853ef.rlib --extern bytes=/home/lewis/src/ad-law-scrape/athletic-rust-pipeline/target/debug/deps/libbytes-7e5b5b6c3eb86a3b.rlib --extern census_crawl=/home/lewis/src/ad-law-scrape/athletic-rust-pipeline/target/debug/deps/libcensus_crawl-2db6656636bfbe35.rlib --extern census_domain=/home/lewis/src/ad-law-scrape/athletic-rust-pipeline/target/debug/deps/libcensus_domain-b50239c3a21a213d.rlib --extern census_store=/home/lewis/src/ad-law-scrape/athletic-rust-pipeline/target/debug/deps/libcensus_store-4b3ab36e5e10e2d6.rlib --extern chrono=/home/lewis/src/ad-law-scrape/athletic-rust-pipeline/target/debug/deps/libchrono-3cfdd5a6cfad533c.rlib --extern csv=/home/lewis/src/ad-law-scrape/athletic-rust-pipeline/target/debug/deps/libcsv-17bdf72ebda1dc06.rlib --extern csv_core=/home/lewis/src/ad-law-scrape/athletic-rust-pipeline/target/debug/deps/libcsv_core-1a456ca2be418275.rlib --extern futures=/home/lewis/src/ad-law-scrape/athletic-rust-pipeline/target/debug/deps/libfutures-e201c81fd8cd99ce.rlib --extern http=/home/lewis/src/ad-law-scrape/athletic-rust-pipeline/target/debug/deps/libhttp-29f1bb4c2605c84d.rlib --extern indexmap=/home/lewis/src/ad-law-scrape/athletic-rust-pipeline/target/debug/deps/libindexmap-1c63c723307638d8.rlib --extern regex=/home/lewis/src/ad-law-scrape/athletic-rust-pipeline/target/debug/deps/libregex-9df6b0e5286f169d.rlib --extern reqwest=/home/lewis/src/ad-law-scrape/athletic-rust-pipeline/target/debug/deps/libreqwest-fdc91a4de5a1c963.rlib --extern restate_sdk=/home/lewis/src/ad-law-scrape/athletic-rust-pipeline/target/debug/deps/librestate_sdk-b8e1324a257ad713.rlib --extern serde=/home/lewis/src/ad-law-scrape/athletic-rust-pipeline/target/debug/deps/libserde-986bafa530b5bae4.rlib --extern serde_json=/home/lewis/src/ad-law-scrape/athletic-rust-pipeline/target/debug/deps/libserde_json-089accd2b59d2a69.rlib --extern sha2=/home/lewis/src/ad-law-scrape/athletic-rust-pipeline/target/debug/deps/libsha2-9bff55c82a06cc2d.rlib --extern tempfile=/home/lewis/src/ad-law-scrape/athletic-rust-pipeline/target/debug/deps/libtempfile-a4df9dd1458cfb0b.rlib --extern thiserror=/home/lewis/src/ad-law-scrape/athletic-rust-pipeline/target/debug/deps/libthiserror-1bc0d12be9ec7558.rlib --extern tokio=/home/lewis/src/ad-law-scrape/athletic-rust-pipeline/target/debug/deps/libtokio-176180b45f60ab71.rlib --extern tracing=/home/lewis/src/ad-law-scrape/athletic-rust-pipeline/target/debug/deps/libtracing-71dadc955179d0b7.rlib --extern url=/home/lewis/src/ad-law-scrape/athletic-rust-pipeline/target/debug/deps/liburl-0f547cf413905183.rlib -L native=/home/lewis/src/ad-law-scrape/athletic-rust-pipeline/target/debug/build/aws-lc-sys-fe6f7cfce21015b1/out`
     Running `sccache /home/lewis/.rustup/toolchains/nightly-2026-04-27-x86_64-unknown-linux-gnu/bin/rustc --crate-name qualification_mpa --edition=2021 crates/census-crawl/examples/qualification_mpa.rs --error-format=json --json=diagnostic-rendered-ansi,artifacts,future-incompat --crate-type bin --emit=dep-info,link -C embed-bitcode=no -C debuginfo=2 --deny=unused_must_use --forbid=unsafe_code '--deny=clippy::unimplemented' --warn=unexpected_cfgs '--deny=clippy::todo' '--deny=clippy::panic_in_result_fn' '--deny=clippy::dbg_macro' --check-cfg 'cfg(kani)' --check-cfg 'cfg(tokio_unstable)' --check-cfg 'cfg(docsrs,test)' --check-cfg 'cfg(feature, values())' -C metadata=55b456e556b89206 -C extra-filename=-c694eff3e0ced447 --out-dir /home/lewis/src/ad-law-scrape/athletic-rust-pipeline/target/debug/examples -C incremental=/home/lewis/src/ad-law-scrape/athletic-rust-pipeline/target/debug/incremental -L dependency=/home/lewis/src/ad-law-scrape/athletic-rust-pipeline/target/debug/deps --extern anyhow=/home/lewis/src/ad-law-scrape/athletic-rust-pipeline/target/debug/deps/libanyhow-2889f2bfb7da9aa2.rlib --extern base64=/home/lewis/src/ad-law-scrape/athletic-rust-pipeline/target/debug/deps/libbase64-8247382c1ed853ef.rlib --extern bytes=/home/lewis/src/ad-law-scrape/athletic-rust-pipeline/target/debug/deps/libbytes-7e5b5b6c3eb86a3b.rlib --extern census_crawl=/home/lewis/src/ad-law-scrape/athletic-rust-pipeline/target/debug/deps/libcensus_crawl-2db6656636bfbe35.rlib --extern census_domain=/home/lewis/src/ad-law-scrape/athletic-rust-pipeline/target/debug/deps/libcensus_domain-b50239c3a21a213d.rlib --extern census_store=/home/lewis/src/ad-law-scrape/athletic-rust-pipeline/target/debug/deps/libcensus_store-4b3ab36e5e10e2d6.rlib --extern chrono=/home/lewis/src/ad-law-scrape/athletic-rust-pipeline/target/debug/deps/libchrono-3cfdd5a6cfad533c.rlib --extern csv=/home/lewis/src/ad-law-scrape/athletic-rust-pipeline/target/debug/deps/libcsv-17bdf72ebda1dc06.rlib --extern csv_core=/home/lewis/src/ad-law-scrape/athletic-rust-pipeline/target/debug/deps/libcsv_core-1a456ca2be418275.rlib --extern futures=/home/lewis/src/ad-law-scrape/athletic-rust-pipeline/target/debug/deps/libfutures-e201c81fd8cd99ce.rlib --extern http=/home/lewis/src/ad-law-scrape/athletic-rust-pipeline/target/debug/deps/libhttp-29f1bb4c2605c84d.rlib --extern indexmap=/home/lewis/src/ad-law-scrape/athletic-rust-pipeline/target/debug/deps/libindexmap-1c63c723307638d8.rlib --extern regex=/home/lewis/src/ad-law-scrape/athletic-rust-pipeline/target/debug/deps/libregex-9df6b0e5286f169d.rlib --extern reqwest=/home/lewis/src/ad-law-scrape/athletic-rust-pipeline/target/debug/deps/libreqwest-fdc91a4de5a1c963.rlib --extern restate_sdk=/home/lewis/src/ad-law-scrape/athletic-rust-pipeline/target/debug/deps/librestate_sdk-b8e1324a257ad713.rlib --extern serde=/home/lewis/src/ad-law-scrape/athletic-rust-pipeline/target/debug/deps/libserde-986bafa530b5bae4.rlib --extern serde_json=/home/lewis/src/ad-law-scrape/athletic-rust-pipeline/target/debug/deps/libserde_json-089accd2b59d2a69.rlib --extern sha2=/home/lewis/src/ad-law-scrape/athletic-rust-pipeline/target/debug/deps/libsha2-9bff55c82a06cc2d.rlib --extern tempfile=/home/lewis/src/ad-law-scrape/athletic-rust-pipeline/target/debug/deps/libtempfile-a4df9dd1458cfb0b.rlib --extern thiserror=/home/lewis/src/ad-law-scrape/athletic-rust-pipeline/target/debug/deps/libthiserror-1bc0d12be9ec7558.rlib --extern tokio=/home/lewis/src/ad-law-scrape/athletic-rust-pipeline/target/debug/deps/libtokio-176180b45f60ab71.rlib --extern tracing=/home/lewis/src/ad-law-scrape/athletic-rust-pipeline/target/debug/deps/libtracing-71dadc955179d0b7.rlib --extern url=/home/lewis/src/ad-law-scrape/athletic-rust-pipeline/target/debug/deps/liburl-0f547cf413905183.rlib -L native=/home/lewis/src/ad-law-scrape/athletic-rust-pipeline/target/debug/build/aws-lc-sys-fe6f7cfce21015b1/out`
     Running `sccache /home/lewis/.rustup/toolchains/nightly-2026-04-27-x86_64-unknown-linux-gnu/bin/rustc --crate-name census_report --edition=2021 crates/census-report/src/lib.rs --error-format=json --json=diagnostic-rendered-ansi,artifacts,future-incompat --emit=dep-info,link -C embed-bitcode=no -C debuginfo=2 --deny=unused_must_use --forbid=unsafe_code '--deny=clippy::unimplemented' --warn=unexpected_cfgs '--deny=clippy::todo' '--deny=clippy::panic_in_result_fn' '--deny=clippy::dbg_macro' --check-cfg 'cfg(kani)' --check-cfg 'cfg(tokio_unstable)' --test --check-cfg 'cfg(docsrs,test)' --check-cfg 'cfg(feature, values())' -C metadata=49777c62b9ef2f26 -C extra-filename=-8e083624d3ce1363 --out-dir /home/lewis/src/ad-law-scrape/athletic-rust-pipeline/target/debug/deps -C incremental=/home/lewis/src/ad-law-scrape/athletic-rust-pipeline/target/debug/incremental -L dependency=/home/lewis/src/ad-law-scrape/athletic-rust-pipeline/target/debug/deps --extern calamine=/home/lewis/src/ad-law-scrape/athletic-rust-pipeline/target/debug/deps/libcalamine-1e43699899949caa.rlib --extern census_crawl=/home/lewis/src/ad-law-scrape/athletic-rust-pipeline/target/debug/deps/libcensus_crawl-2db6656636bfbe35.rlib --extern census_domain=/home/lewis/src/ad-law-scrape/athletic-rust-pipeline/target/debug/deps/libcensus_domain-b50239c3a21a213d.rlib --extern census_review=/home/lewis/src/ad-law-scrape/athletic-rust-pipeline/target/debug/deps/libcensus_review-e8047dadcfe2e798.rlib --extern census_store=/home/lewis/src/ad-law-scrape/athletic-rust-pipeline/target/debug/deps/libcensus_store-4b3ab36e5e10e2d6.rlib --extern csv=/home/lewis/src/ad-law-scrape/athletic-rust-pipeline/target/debug/deps/libcsv-17bdf72ebda1dc06.rlib --extern fjall=/home/lewis/src/ad-law-scrape/athletic-rust-pipeline/target/debug/deps/libfjall-9c34df85f83c860b.rlib --extern proptest=/home/lewis/src/ad-law-scrape/athletic-rust-pipeline/target/debug/deps/libproptest-b467e86f02d360a5.rlib --extern rust_xlsxwriter=/home/lewis/src/ad-law-scrape/athletic-rust-pipeline/target/debug/deps/librust_xlsxwriter-60cd87309770b968.rlib --extern serde=/home/lewis/src/ad-law-scrape/athletic-rust-pipeline/target/debug/deps/libserde-986bafa530b5bae4.rlib --extern serde_json=/home/lewis/src/ad-law-scrape/athletic-rust-pipeline/target/debug/deps/libserde_json-089accd2b59d2a69.rlib --extern sha2=/home/lewis/src/ad-law-scrape/athletic-rust-pipeline/target/debug/deps/libsha2-9bff55c82a06cc2d.rlib --extern tempfile=/home/lewis/src/ad-law-scrape/athletic-rust-pipeline/target/debug/deps/libtempfile-a4df9dd1458cfb0b.rlib --extern thiserror=/home/lewis/src/ad-law-scrape/athletic-rust-pipeline/target/debug/deps/libthiserror-1bc0d12be9ec7558.rlib --extern tracing=/home/lewis/src/ad-law-scrape/athletic-rust-pipeline/target/debug/deps/libtracing-71dadc955179d0b7.rlib -L native=/home/lewis/src/ad-law-scrape/athletic-rust-pipeline/target/debug/build/aws-lc-sys-fe6f7cfce21015b1/out`
     Running `sccache /home/lewis/.rustup/toolchains/nightly-2026-04-27-x86_64-unknown-linux-gnu/bin/rustc --crate-name qualification_owned --edition=2021 crates/census-crawl/examples/qualification_owned.rs --error-format=json --json=diagnostic-rendered-ansi,artifacts,future-incompat --crate-type bin --emit=dep-info,link -C embed-bitcode=no -C debuginfo=2 --deny=unused_must_use --forbid=unsafe_code '--deny=clippy::unimplemented' --warn=unexpected_cfgs '--deny=clippy::todo' '--deny=clippy::panic_in_result_fn' '--deny=clippy::dbg_macro' --check-cfg 'cfg(kani)' --check-cfg 'cfg(tokio_unstable)' --check-cfg 'cfg(docsrs,test)' --check-cfg 'cfg(feature, values())' -C metadata=eeb2c04a8afd06e6 -C extra-filename=-618fdba83c2d14da --out-dir /home/lewis/src/ad-law-scrape/athletic-rust-pipeline/target/debug/examples -C incremental=/home/lewis/src/ad-law-scrape/athletic-rust-pipeline/target/debug/incremental -L dependency=/home/lewis/src/ad-law-scrape/athletic-rust-pipeline/target/debug/deps --extern anyhow=/home/lewis/src/ad-law-scrape/athletic-rust-pipeline/target/debug/deps/libanyhow-2889f2bfb7da9aa2.rlib --extern base64=/home/lewis/src/ad-law-scrape/athletic-rust-pipeline/target/debug/deps/libbase64-8247382c1ed853ef.rlib --extern bytes=/home/lewis/src/ad-law-scrape/athletic-rust-pipeline/target/debug/deps/libbytes-7e5b5b6c3eb86a3b.rlib --extern census_crawl=/home/lewis/src/ad-law-scrape/athletic-rust-pipeline/target/debug/deps/libcensus_crawl-2db6656636bfbe35.rlib --extern census_domain=/home/lewis/src/ad-law-scrape/athletic-rust-pipeline/target/debug/deps/libcensus_domain-b50239c3a21a213d.rlib --extern census_store=/home/lewis/src/ad-law-scrape/athletic-rust-pipeline/target/debug/deps/libcensus_store-4b3ab36e5e10e2d6.rlib --extern chrono=/home/lewis/src/ad-law-scrape/athletic-rust-pipeline/target/debug/deps/libchrono-3cfdd5a6cfad533c.rlib --extern csv=/home/lewis/src/ad-law-scrape/athletic-rust-pipeline/target/debug/deps/libcsv-17bdf72ebda1dc06.rlib --extern csv_core=/home/lewis/src/ad-law-scrape/athletic-rust-pipeline/target/debug/deps/libcsv_core-1a456ca2be418275.rlib --extern futures=/home/lewis/src/ad-law-scrape/athletic-rust-pipeline/target/debug/deps/libfutures-e201c81fd8cd99ce.rlib --extern http=/home/lewis/src/ad-law-scrape/athletic-rust-pipeline/target/debug/deps/libhttp-29f1bb4c2605c84d.rlib --extern indexmap=/home/lewis/src/ad-law-scrape/athletic-rust-pipeline/target/debug/deps/libindexmap-1c63c723307638d8.rlib --extern regex=/home/lewis/src/ad-law-scrape/athletic-rust-pipeline/target/debug/deps/libregex-9df6b0e5286f169d.rlib --extern reqwest=/home/lewis/src/ad-law-scrape/athletic-rust-pipeline/target/debug/deps/libreqwest-fdc91a4de5a1c963.rlib --extern restate_sdk=/home/lewis/src/ad-law-scrape/athletic-rust-pipeline/target/debug/deps/librestate_sdk-b8e1324a257ad713.rlib --extern serde=/home/lewis/src/ad-law-scrape/athletic-rust-pipeline/target/debug/deps/libserde-986bafa530b5bae4.rlib --extern serde_json=/home/lewis/src/ad-law-scrape/athletic-rust-pipeline/target/debug/deps/libserde_json-089accd2b59d2a69.rlib --extern sha2=/home/lewis/src/ad-law-scrape/athletic-rust-pipeline/target/debug/deps/libsha2-9bff55c82a06cc2d.rlib --extern tempfile=/home/lewis/src/ad-law-scrape/athletic-rust-pipeline/target/debug/deps/libtempfile-a4df9dd1458cfb0b.rlib --extern thiserror=/home/lewis/src/ad-law-scrape/athletic-rust-pipeline/target/debug/deps/libthiserror-1bc0d12be9ec7558.rlib --extern tokio=/home/lewis/src/ad-law-scrape/athletic-rust-pipeline/target/debug/deps/libtokio-176180b45f60ab71.rlib --extern tracing=/home/lewis/src/ad-law-scrape/athletic-rust-pipeline/target/debug/deps/libtracing-71dadc955179d0b7.rlib --extern url=/home/lewis/src/ad-law-scrape/athletic-rust-pipeline/target/debug/deps/liburl-0f547cf413905183.rlib -L native=/home/lewis/src/ad-law-scrape/athletic-rust-pipeline/target/debug/build/aws-lc-sys-fe6f7cfce21015b1/out`
     Running `sccache /home/lewis/.rustup/toolchains/nightly-2026-04-27-x86_64-unknown-linux-gnu/bin/rustc --crate-name census_reconcile --edition=2021 crates/census-reconcile/src/lib.rs --error-format=json --json=diagnostic-rendered-ansi,artifacts,future-incompat --emit=dep-info,link -C embed-bitcode=no -C debuginfo=2 --deny=unused_must_use --forbid=unsafe_code '--deny=clippy::unimplemented' --warn=unexpected_cfgs '--deny=clippy::todo' '--deny=clippy::panic_in_result_fn' '--deny=clippy::dbg_macro' --check-cfg 'cfg(kani)' --check-cfg 'cfg(tokio_unstable)' --test --check-cfg 'cfg(docsrs,test)' --check-cfg 'cfg(feature, values())' -C metadata=59f13e883a062efc -C extra-filename=-9a5ba5a1de0a8d9e --out-dir /home/lewis/src/ad-law-scrape/athletic-rust-pipeline/target/debug/deps -C incremental=/home/lewis/src/ad-law-scrape/athletic-rust-pipeline/target/debug/incremental -L dependency=/home/lewis/src/ad-law-scrape/athletic-rust-pipeline/target/debug/deps --extern census_domain=/home/lewis/src/ad-law-scrape/athletic-rust-pipeline/target/debug/deps/libcensus_domain-b50239c3a21a213d.rlib --extern census_report=/home/lewis/src/ad-law-scrape/athletic-rust-pipeline/target/debug/deps/libcensus_report-f00748804e3574f7.rlib --extern census_store=/home/lewis/src/ad-law-scrape/athletic-rust-pipeline/target/debug/deps/libcensus_store-4b3ab36e5e10e2d6.rlib --extern fjall=/home/lewis/src/ad-law-scrape/athletic-rust-pipeline/target/debug/deps/libfjall-9c34df85f83c860b.rlib --extern serde=/home/lewis/src/ad-law-scrape/athletic-rust-pipeline/target/debug/deps/libserde-986bafa530b5bae4.rlib --extern sha2=/home/lewis/src/ad-law-scrape/athletic-rust-pipeline/target/debug/deps/libsha2-9bff55c82a06cc2d.rlib --extern tempfile=/home/lewis/src/ad-law-scrape/athletic-rust-pipeline/target/debug/deps/libtempfile-a4df9dd1458cfb0b.rlib -L native=/home/lewis/src/ad-law-scrape/athletic-rust-pipeline/target/debug/build/aws-lc-sys-fe6f7cfce21015b1/out`
     Running `sccache /home/lewis/.rustup/toolchains/nightly-2026-04-27-x86_64-unknown-linux-gnu/bin/rustc --crate-name census_service --edition=2021 crates/census-service/src/lib.rs --error-format=json --json=diagnostic-rendered-ansi,artifacts,future-incompat --emit=dep-info,link -C embed-bitcode=no -C debuginfo=2 --deny=unused_must_use --forbid=unsafe_code '--deny=clippy::unimplemented' --warn=unexpected_cfgs '--deny=clippy::todo' '--deny=clippy::panic_in_result_fn' '--deny=clippy::dbg_macro' --check-cfg 'cfg(kani)' --check-cfg 'cfg(tokio_unstable)' --test --check-cfg 'cfg(docsrs,test)' --check-cfg 'cfg(feature, values("loom"))' -C metadata=785736de96f16e48 -C extra-filename=-53a6e104ef659ee3 --out-dir /home/lewis/src/ad-law-scrape/athletic-rust-pipeline/target/debug/deps -C incremental=/home/lewis/src/ad-law-scrape/athletic-rust-pipeline/target/debug/incremental -L dependency=/home/lewis/src/ad-law-scrape/athletic-rust-pipeline/target/debug/deps --extern anyhow=/home/lewis/src/ad-law-scrape/athletic-rust-pipeline/target/debug/deps/libanyhow-2889f2bfb7da9aa2.rlib --extern athleticnet_browser=/home/lewis/src/ad-law-scrape/athletic-rust-pipeline/target/debug/deps/libathleticnet_browser-bda8f2721813b351.rlib --extern calamine=/home/lewis/src/ad-law-scrape/athletic-rust-pipeline/target/debug/deps/libcalamine-1e43699899949caa.rlib --extern census_crawl=/home/lewis/src/ad-law-scrape/athletic-rust-pipeline/target/debug/deps/libcensus_crawl-2db6656636bfbe35.rlib --extern census_domain=/home/lewis/src/ad-law-scrape/athletic-rust-pipeline/target/debug/deps/libcensus_domain-b50239c3a21a213d.rlib --extern census_reconcile=/home/lewis/src/ad-law-scrape/athletic-rust-pipeline/target/debug/deps/libcensus_reconcile-9016cd207d19f056.rlib --extern census_report=/home/lewis/src/ad-law-scrape/athletic-rust-pipeline/target/debug/deps/libcensus_report-f00748804e3574f7.rlib --extern census_review=/home/lewis/src/ad-law-scrape/athletic-rust-pipeline/target/debug/deps/libcensus_review-e8047dadcfe2e798.rlib --extern census_store=/home/lewis/src/ad-law-scrape/athletic-rust-pipeline/target/debug/deps/libcensus_store-4b3ab36e5e10e2d6.rlib --extern chrono=/home/lewis/src/ad-law-scrape/athletic-rust-pipeline/target/debug/deps/libchrono-3cfdd5a6cfad533c.rlib --extern clap=/home/lewis/src/ad-law-scrape/athletic-rust-pipeline/target/debug/deps/libclap-15fb2c4871ae48dc.rlib --extern criterion=/home/lewis/src/ad-law-scrape/athletic-rust-pipeline/target/debug/deps/libcriterion-76b120103f8671f9.rlib --extern csv=/home/lewis/src/ad-law-scrape/athletic-rust-pipeline/target/debug/deps/libcsv-17bdf72ebda1dc06.rlib --extern fjall=/home/lewis/src/ad-law-scrape/athletic-rust-pipeline/target/debug/deps/libfjall-9c34df85f83c860b.rlib --extern futures=/home/lewis/src/ad-law-scrape/athletic-rust-pipeline/target/debug/deps/libfutures-e201c81fd8cd99ce.rlib --extern loom=/home/lewis/src/ad-law-scrape/athletic-rust-pipeline/target/debug/deps/libloom-77973b48c26c59ea.rlib --extern proptest=/home/lewis/src/ad-law-scrape/athletic-rust-pipeline/target/debug/deps/libproptest-b467e86f02d360a5.rlib --extern regex=/home/lewis/src/ad-law-scrape/athletic-rust-pipeline/target/debug/deps/libregex-9df6b0e5286f169d.rlib --extern reqwest=/home/lewis/src/ad-law-scrape/athletic-rust-pipeline/target/debug/deps/libreqwest-fdc91a4de5a1c963.rlib --extern restate_sdk=/home/lewis/src/ad-law-scrape/athletic-rust-pipeline/target/debug/deps/librestate_sdk-b8e1324a257ad713.rlib --extern serde=/home/lewis/src/ad-law-scrape/athletic-rust-pipeline/target/debug/deps/libserde-986bafa530b5bae4.rlib --extern serde_json=/home/lewis/src/ad-law-scrape/athletic-rust-pipeline/target/debug/deps/libserde_json-089accd2b59d2a69.rlib --extern sha2=/home/lewis/src/ad-law-scrape/athletic-rust-pipeline/target/debug/deps/libsha2-9bff55c82a06cc2d.rlib --extern tempfile=/home/lewis/src/ad-law-scrape/athletic-rust-pipeline/target/debug/deps/libtempfile-a4df9dd1458cfb0b.rlib --extern thiserror=/home/lewis/src/ad-law-scrape/athletic-rust-pipeline/target/debug/deps/libthiserror-1bc0d12be9ec7558.rlib --extern tokio=/home/lewis/src/ad-law-scrape/athletic-rust-pipeline/target/debug/deps/libtokio-176180b45f60ab71.rlib --extern tracing=/home/lewis/src/ad-law-scrape/athletic-rust-pipeline/target/debug/deps/libtracing-71dadc955179d0b7.rlib --extern tracing_subscriber=/home/lewis/src/ad-law-scrape/athletic-rust-pipeline/target/debug/deps/libtracing_subscriber-9c895a655669e740.rlib --extern url=/home/lewis/src/ad-law-scrape/athletic-rust-pipeline/target/debug/deps/liburl-0f547cf413905183.rlib -L native=/home/lewis/src/ad-law-scrape/athletic-rust-pipeline/target/debug/build/aws-lc-sys-fe6f7cfce21015b1/out -L native=/home/lewis/src/ad-law-scrape/athletic-rust-pipeline/target/debug/build/alloca-6f4ce09a0d12da82/out`
   Compiling xtask v0.1.0 (/home/lewis/src/ad-law-scrape/athletic-rust-pipeline/xtask)
     Running `sccache /home/lewis/.rustup/toolchains/nightly-2026-04-27-x86_64-unknown-linux-gnu/bin/rustc --crate-name parity_mideast --edition=2021 crates/census-service/tests/parity_mideast.rs --error-format=json --json=diagnostic-rendered-ansi,artifacts,future-incompat --emit=dep-info,link -C embed-bitcode=no -C debuginfo=2 --deny=unused_must_use --forbid=unsafe_code '--deny=clippy::unimplemented' --warn=unexpected_cfgs '--deny=clippy::todo' '--deny=clippy::panic_in_result_fn' '--deny=clippy::dbg_macro' --check-cfg 'cfg(kani)' --check-cfg 'cfg(tokio_unstable)' --test --check-cfg 'cfg(docsrs,test)' --check-cfg 'cfg(feature, values("loom"))' -C metadata=5810935234d338e1 -C extra-filename=-807bb5e8150b3f64 --out-dir /home/lewis/src/ad-law-scrape/athletic-rust-pipeline/target/debug/deps -C incremental=/home/lewis/src/ad-law-scrape/athletic-rust-pipeline/target/debug/incremental -L dependency=/home/lewis/src/ad-law-scrape/athletic-rust-pipeline/target/debug/deps --extern anyhow=/home/lewis/src/ad-law-scrape/athletic-rust-pipeline/target/debug/deps/libanyhow-2889f2bfb7da9aa2.rlib --extern athleticnet_browser=/home/lewis/src/ad-law-scrape/athletic-rust-pipeline/target/debug/deps/libathleticnet_browser-bda8f2721813b351.rlib --extern calamine=/home/lewis/src/ad-law-scrape/athletic-rust-pipeline/target/debug/deps/libcalamine-1e43699899949caa.rlib --extern census_crawl=/home/lewis/src/ad-law-scrape/athletic-rust-pipeline/target/debug/deps/libcensus_crawl-2db6656636bfbe35.rlib --extern census_domain=/home/lewis/src/ad-law-scrape/athletic-rust-pipeline/target/debug/deps/libcensus_domain-b50239c3a21a213d.rlib --extern census_reconcile=/home/lewis/src/ad-law-scrape/athletic-rust-pipeline/target/debug/deps/libcensus_reconcile-9016cd207d19f056.rlib --extern census_report=/home/lewis/src/ad-law-scrape/athletic-rust-pipeline/target/debug/deps/libcensus_report-f00748804e3574f7.rlib --extern census_review=/home/lewis/src/ad-law-scrape/athletic-rust-pipeline/target/debug/deps/libcensus_review-e8047dadcfe2e798.rlib --extern census_service=/home/lewis/src/ad-law-scrape/athletic-rust-pipeline/target/debug/deps/libcensus_service-a2c832ed4f4a7b74.rlib --extern census_store=/home/lewis/src/ad-law-scrape/athletic-rust-pipeline/target/debug/deps/libcensus_store-4b3ab36e5e10e2d6.rlib --extern chrono=/home/lewis/src/ad-law-scrape/athletic-rust-pipeline/target/debug/deps/libchrono-3cfdd5a6cfad533c.rlib --extern clap=/home/lewis/src/ad-law-scrape/athletic-rust-pipeline/target/debug/deps/libclap-15fb2c4871ae48dc.rlib --extern criterion=/home/lewis/src/ad-law-scrape/athletic-rust-pipeline/target/debug/deps/libcriterion-76b120103f8671f9.rlib --extern csv=/home/lewis/src/ad-law-scrape/athletic-rust-pipeline/target/debug/deps/libcsv-17bdf72ebda1dc06.rlib --extern fjall=/home/lewis/src/ad-law-scrape/athletic-rust-pipeline/target/debug/deps/libfjall-9c34df85f83c860b.rlib --extern futures=/home/lewis/src/ad-law-scrape/athletic-rust-pipeline/target/debug/deps/libfutures-e201c81fd8cd99ce.rlib --extern loom=/home/lewis/src/ad-law-scrape/athletic-rust-pipeline/target/debug/deps/libloom-77973b48c26c59ea.rlib --extern proptest=/home/lewis/src/ad-law-scrape/athletic-rust-pipeline/target/debug/deps/libproptest-b467e86f02d360a5.rlib --extern regex=/home/lewis/src/ad-law-scrape/athletic-rust-pipeline/target/debug/deps/libregex-9df6b0e5286f169d.rlib --extern reqwest=/home/lewis/src/ad-law-scrape/athletic-rust-pipeline/target/debug/deps/libreqwest-fdc91a4de5a1c963.rlib --extern restate_sdk=/home/lewis/src/ad-law-scrape/athletic-rust-pipeline/target/debug/deps/librestate_sdk-b8e1324a257ad713.rlib --extern serde=/home/lewis/src/ad-law-scrape/athletic-rust-pipeline/target/debug/deps/libserde-986bafa530b5bae4.rlib --extern serde_json=/home/lewis/src/ad-law-scrape/athletic-rust-pipeline/target/debug/deps/libserde_json-089accd2b59d2a69.rlib --extern sha2=/home/lewis/src/ad-law-scrape/athletic-rust-pipeline/target/debug/deps/libsha2-9bff55c82a06cc2d.rlib --extern tempfile=/home/lewis/src/ad-law-scrape/athletic-rust-pipeline/target/debug/deps/libtempfile-a4df9dd1458cfb0b.rlib --extern thiserror=/home/lewis/src/ad-law-scrape/athletic-rust-pipeline/target/debug/deps/libthiserror-1bc0d12be9ec7558.rlib --extern tokio=/home/lewis/src/ad-law-scrape/athletic-rust-pipeline/target/debug/deps/libtokio-176180b45f60ab71.rlib --extern tracing=/home/lewis/src/ad-law-scrape/athletic-rust-pipeline/target/debug/deps/libtracing-71dadc955179d0b7.rlib --extern tracing_subscriber=/home/lewis/src/ad-law-scrape/athletic-rust-pipeline/target/debug/deps/libtracing_subscriber-9c895a655669e740.rlib --extern url=/home/lewis/src/ad-law-scrape/athletic-rust-pipeline/target/debug/deps/liburl-0f547cf413905183.rlib -L native=/home/lewis/src/ad-law-scrape/athletic-rust-pipeline/target/debug/build/aws-lc-sys-fe6f7cfce21015b1/out -L native=/home/lewis/src/ad-law-scrape/athletic-rust-pipeline/target/debug/build/alloca-6f4ce09a0d12da82/out`
     Running `sccache /home/lewis/.rustup/toolchains/nightly-2026-04-27-x86_64-unknown-linux-gnu/bin/rustc --crate-name parity_pipeline --edition=2021 crates/census-service/tests/parity_pipeline.rs --error-format=json --json=diagnostic-rendered-ansi,artifacts,future-incompat --emit=dep-info,link -C embed-bitcode=no -C debuginfo=2 --deny=unused_must_use --forbid=unsafe_code '--deny=clippy::unimplemented' --warn=unexpected_cfgs '--deny=clippy::todo' '--deny=clippy::panic_in_result_fn' '--deny=clippy::dbg_macro' --check-cfg 'cfg(kani)' --check-cfg 'cfg(tokio_unstable)' --test --check-cfg 'cfg(docsrs,test)' --check-cfg 'cfg(feature, values("loom"))' -C metadata=280b2b93838a904a -C extra-filename=-8ea65b954a5ebc6d --out-dir /home/lewis/src/ad-law-scrape/athletic-rust-pipeline/target/debug/deps -C incremental=/home/lewis/src/ad-law-scrape/athletic-rust-pipeline/target/debug/incremental -L dependency=/home/lewis/src/ad-law-scrape/athletic-rust-pipeline/target/debug/deps --extern anyhow=/home/lewis/src/ad-law-scrape/athletic-rust-pipeline/target/debug/deps/libanyhow-2889f2bfb7da9aa2.rlib --extern athleticnet_browser=/home/lewis/src/ad-law-scrape/athletic-rust-pipeline/target/debug/deps/libathleticnet_browser-bda8f2721813b351.rlib --extern calamine=/home/lewis/src/ad-law-scrape/athletic-rust-pipeline/target/debug/deps/libcalamine-1e43699899949caa.rlib --extern census_crawl=/home/lewis/src/ad-law-scrape/athletic-rust-pipeline/target/debug/deps/libcensus_crawl-2db6656636bfbe35.rlib --extern census_domain=/home/lewis/src/ad-law-scrape/athletic-rust-pipeline/target/debug/deps/libcensus_domain-b50239c3a21a213d.rlib --extern census_reconcile=/home/lewis/src/ad-law-scrape/athletic-rust-pipeline/target/debug/deps/libcensus_reconcile-9016cd207d19f056.rlib --extern census_report=/home/lewis/src/ad-law-scrape/athletic-rust-pipeline/target/debug/deps/libcensus_report-f00748804e3574f7.rlib --extern census_review=/home/lewis/src/ad-law-scrape/athletic-rust-pipeline/target/debug/deps/libcensus_review-e8047dadcfe2e798.rlib --extern census_service=/home/lewis/src/ad-law-scrape/athletic-rust-pipeline/target/debug/deps/libcensus_service-a2c832ed4f4a7b74.rlib --extern census_store=/home/lewis/src/ad-law-scrape/athletic-rust-pipeline/target/debug/deps/libcensus_store-4b3ab36e5e10e2d6.rlib --extern chrono=/home/lewis/src/ad-law-scrape/athletic-rust-pipeline/target/debug/deps/libchrono-3cfdd5a6cfad533c.rlib --extern clap=/home/lewis/src/ad-law-scrape/athletic-rust-pipeline/target/debug/deps/libclap-15fb2c4871ae48dc.rlib --extern criterion=/home/lewis/src/ad-law-scrape/athletic-rust-pipeline/target/debug/deps/libcriterion-76b120103f8671f9.rlib --extern csv=/home/lewis/src/ad-law-scrape/athletic-rust-pipeline/target/debug/deps/libcsv-17bdf72ebda1dc06.rlib --extern fjall=/home/lewis/src/ad-law-scrape/athletic-rust-pipeline/target/debug/deps/libfjall-9c34df85f83c860b.rlib --extern futures=/home/lewis/src/ad-law-scrape/athletic-rust-pipeline/target/debug/deps/libfutures-e201c81fd8cd99ce.rlib --extern loom=/home/lewis/src/ad-law-scrape/athletic-rust-pipeline/target/debug/deps/libloom-77973b48c26c59ea.rlib --extern proptest=/home/lewis/src/ad-law-scrape/athletic-rust-pipeline/target/debug/deps/libproptest-b467e86f02d360a5.rlib --extern regex=/home/lewis/src/ad-law-scrape/athletic-rust-pipeline/target/debug/deps/libregex-9df6b0e5286f169d.rlib --extern reqwest=/home/lewis/src/ad-law-scrape/athletic-rust-pipeline/target/debug/deps/libreqwest-fdc91a4de5a1c963.rlib --extern restate_sdk=/home/lewis/src/ad-law-scrape/athletic-rust-pipeline/target/debug/deps/librestate_sdk-b8e1324a257ad713.rlib --extern serde=/home/lewis/src/ad-law-scrape/athletic-rust-pipeline/target/debug/deps/libserde-986bafa530b5bae4.rlib --extern serde_json=/home/lewis/src/ad-law-scrape/athletic-rust-pipeline/target/debug/deps/libserde_json-089accd2b59d2a69.rlib --extern sha2=/home/lewis/src/ad-law-scrape/athletic-rust-pipeline/target/debug/deps/libsha2-9bff55c82a06cc2d.rlib --extern tempfile=/home/lewis/src/ad-law-scrape/athletic-rust-pipeline/target/debug/deps/libtempfile-a4df9dd1458cfb0b.rlib --extern thiserror=/home/lewis/src/ad-law-scrape/athletic-rust-pipeline/target/debug/deps/libthiserror-1bc0d12be9ec7558.rlib --extern tokio=/home/lewis/src/ad-law-scrape/athletic-rust-pipeline/target/debug/deps/libtokio-176180b45f60ab71.rlib --extern tracing=/home/lewis/src/ad-law-scrape/athletic-rust-pipeline/target/debug/deps/libtracing-71dadc955179d0b7.rlib --extern tracing_subscriber=/home/lewis/src/ad-law-scrape/athletic-rust-pipeline/target/debug/deps/libtracing_subscriber-9c895a655669e740.rlib --extern url=/home/lewis/src/ad-law-scrape/athletic-rust-pipeline/target/debug/deps/liburl-0f547cf413905183.rlib -L native=/home/lewis/src/ad-law-scrape/athletic-rust-pipeline/target/debug/build/aws-lc-sys-fe6f7cfce21015b1/out -L native=/home/lewis/src/ad-law-scrape/athletic-rust-pipeline/target/debug/build/alloca-6f4ce09a0d12da82/out`
     Running `sccache /home/lewis/.rustup/toolchains/nightly-2026-04-27-x86_64-unknown-linux-gnu/bin/rustc --crate-name workbook_shape --edition=2021 crates/census-service/tests/workbook_shape.rs --error-format=json --json=diagnostic-rendered-ansi,artifacts,future-incompat --emit=dep-info,link -C embed-bitcode=no -C debuginfo=2 --deny=unused_must_use --forbid=unsafe_code '--deny=clippy::unimplemented' --warn=unexpected_cfgs '--deny=clippy::todo' '--deny=clippy::panic_in_result_fn' '--deny=clippy::dbg_macro' --check-cfg 'cfg(kani)' --check-cfg 'cfg(tokio_unstable)' --test --check-cfg 'cfg(docsrs,test)' --check-cfg 'cfg(feature, values("loom"))' -C metadata=3631db8e5350861f -C extra-filename=-2a283ea457c04069 --out-dir /home/lewis/src/ad-law-scrape/athletic-rust-pipeline/target/debug/deps -C incremental=/home/lewis/src/ad-law-scrape/athletic-rust-pipeline/target/debug/incremental -L dependency=/home/lewis/src/ad-law-scrape/athletic-rust-pipeline/target/debug/deps --extern anyhow=/home/lewis/src/ad-law-scrape/athletic-rust-pipeline/target/debug/deps/libanyhow-2889f2bfb7da9aa2.rlib --extern athleticnet_browser=/home/lewis/src/ad-law-scrape/athletic-rust-pipeline/target/debug/deps/libathleticnet_browser-bda8f2721813b351.rlib --extern calamine=/home/lewis/src/ad-law-scrape/athletic-rust-pipeline/target/debug/deps/libcalamine-1e43699899949caa.rlib --extern census_crawl=/home/lewis/src/ad-law-scrape/athletic-rust-pipeline/target/debug/deps/libcensus_crawl-2db6656636bfbe35.rlib --extern census_domain=/home/lewis/src/ad-law-scrape/athletic-rust-pipeline/target/debug/deps/libcensus_domain-b50239c3a21a213d.rlib --extern census_reconcile=/home/lewis/src/ad-law-scrape/athletic-rust-pipeline/target/debug/deps/libcensus_reconcile-9016cd207d19f056.rlib --extern census_report=/home/lewis/src/ad-law-scrape/athletic-rust-pipeline/target/debug/deps/libcensus_report-f00748804e3574f7.rlib --extern census_review=/home/lewis/src/ad-law-scrape/athletic-rust-pipeline/target/debug/deps/libcensus_review-e8047dadcfe2e798.rlib --extern census_service=/home/lewis/src/ad-law-scrape/athletic-rust-pipeline/target/debug/deps/libcensus_service-a2c832ed4f4a7b74.rlib --extern census_store=/home/lewis/src/ad-law-scrape/athletic-rust-pipeline/target/debug/deps/libcensus_store-4b3ab36e5e10e2d6.rlib --extern chrono=/home/lewis/src/ad-law-scrape/athletic-rust-pipeline/target/debug/deps/libchrono-3cfdd5a6cfad533c.rlib --extern clap=/home/lewis/src/ad-law-scrape/athletic-rust-pipeline/target/debug/deps/libclap-15fb2c4871ae48dc.rlib --extern criterion=/home/lewis/src/ad-law-scrape/athletic-rust-pipeline/target/debug/deps/libcriterion-76b120103f8671f9.rlib --extern csv=/home/lewis/src/ad-law-scrape/athletic-rust-pipeline/target/debug/deps/libcsv-17bdf72ebda1dc06.rlib --extern fjall=/home/lewis/src/ad-law-scrape/athletic-rust-pipeline/target/debug/deps/libfjall-9c34df85f83c860b.rlib --extern futures=/home/lewis/src/ad-law-scrape/athletic-rust-pipeline/target/debug/deps/libfutures-e201c81fd8cd99ce.rlib --extern loom=/home/lewis/src/ad-law-scrape/athletic-rust-pipeline/target/debug/deps/libloom-77973b48c26c59ea.rlib --extern proptest=/home/lewis/src/ad-law-scrape/athletic-rust-pipeline/target/debug/deps/libproptest-b467e86f02d360a5.rlib --extern regex=/home/lewis/src/ad-law-scrape/athletic-rust-pipeline/target/debug/deps/libregex-9df6b0e5286f169d.rlib --extern reqwest=/home/lewis/src/ad-law-scrape/athletic-rust-pipeline/target/debug/deps/libreqwest-fdc91a4de5a1c963.rlib --extern restate_sdk=/home/lewis/src/ad-law-scrape/athletic-rust-pipeline/target/debug/deps/librestate_sdk-b8e1324a257ad713.rlib --extern serde=/home/lewis/src/ad-law-scrape/athletic-rust-pipeline/target/debug/deps/libserde-986bafa530b5bae4.rlib --extern serde_json=/home/lewis/src/ad-law-scrape/athletic-rust-pipeline/target/debug/deps/libserde_json-089accd2b59d2a69.rlib --extern sha2=/home/lewis/src/ad-law-scrape/athletic-rust-pipeline/target/debug/deps/libsha2-9bff55c82a06cc2d.rlib --extern tempfile=/home/lewis/src/ad-law-scrape/athletic-rust-pipeline/target/debug/deps/libtempfile-a4df9dd1458cfb0b.rlib --extern thiserror=/home/lewis/src/ad-law-scrape/athletic-rust-pipeline/target/debug/deps/libthiserror-1bc0d12be9ec7558.rlib --extern tokio=/home/lewis/src/ad-law-scrape/athletic-rust-pipeline/target/debug/deps/libtokio-176180b45f60ab71.rlib --extern tracing=/home/lewis/src/ad-law-scrape/athletic-rust-pipeline/target/debug/deps/libtracing-71dadc955179d0b7.rlib --extern tracing_subscriber=/home/lewis/src/ad-law-scrape/athletic-rust-pipeline/target/debug/deps/libtracing_subscriber-9c895a655669e740.rlib --extern url=/home/lewis/src/ad-law-scrape/athletic-rust-pipeline/target/debug/deps/liburl-0f547cf413905183.rlib -L native=/home/lewis/src/ad-law-scrape/athletic-rust-pipeline/target/debug/build/aws-lc-sys-fe6f7cfce21015b1/out -L native=/home/lewis/src/ad-law-scrape/athletic-rust-pipeline/target/debug/build/alloca-6f4ce09a0d12da82/out`
     Running `sccache /home/lewis/.rustup/toolchains/nightly-2026-04-27-x86_64-unknown-linux-gnu/bin/rustc --crate-name corpus_walk --edition=2021 crates/census-service/tests/corpus_walk.rs --error-format=json --json=diagnostic-rendered-ansi,artifacts,future-incompat --emit=dep-info,link -C embed-bitcode=no -C debuginfo=2 --deny=unused_must_use --forbid=unsafe_code '--deny=clippy::unimplemented' --warn=unexpected_cfgs '--deny=clippy::todo' '--deny=clippy::panic_in_result_fn' '--deny=clippy::dbg_macro' --check-cfg 'cfg(kani)' --check-cfg 'cfg(tokio_unstable)' --test --check-cfg 'cfg(docsrs,test)' --check-cfg 'cfg(feature, values("loom"))' -C metadata=fd569d5815fb011d -C extra-filename=-1a2c6a890ac0f91f --out-dir /home/lewis/src/ad-law-scrape/athletic-rust-pipeline/target/debug/deps -C incremental=/home/lewis/src/ad-law-scrape/athletic-rust-pipeline/target/debug/incremental -L dependency=/home/lewis/src/ad-law-scrape/athletic-rust-pipeline/target/debug/deps --extern anyhow=/home/lewis/src/ad-law-scrape/athletic-rust-pipeline/target/debug/deps/libanyhow-2889f2bfb7da9aa2.rlib --extern athleticnet_browser=/home/lewis/src/ad-law-scrape/athletic-rust-pipeline/target/debug/deps/libathleticnet_browser-bda8f2721813b351.rlib --extern calamine=/home/lewis/src/ad-law-scrape/athletic-rust-pipeline/target/debug/deps/libcalamine-1e43699899949caa.rlib --extern census_crawl=/home/lewis/src/ad-law-scrape/athletic-rust-pipeline/target/debug/deps/libcensus_crawl-2db6656636bfbe35.rlib --extern census_domain=/home/lewis/src/ad-law-scrape/athletic-rust-pipeline/target/debug/deps/libcensus_domain-b50239c3a21a213d.rlib --extern census_reconcile=/home/lewis/src/ad-law-scrape/athletic-rust-pipeline/target/debug/deps/libcensus_reconcile-9016cd207d19f056.rlib --extern census_report=/home/lewis/src/ad-law-scrape/athletic-rust-pipeline/target/debug/deps/libcensus_report-f00748804e3574f7.rlib --extern census_review=/home/lewis/src/ad-law-scrape/athletic-rust-pipeline/target/debug/deps/libcensus_review-e8047dadcfe2e798.rlib --extern census_service=/home/lewis/src/ad-law-scrape/athletic-rust-pipeline/target/debug/deps/libcensus_service-a2c832ed4f4a7b74.rlib --extern census_store=/home/lewis/src/ad-law-scrape/athletic-rust-pipeline/target/debug/deps/libcensus_store-4b3ab36e5e10e2d6.rlib --extern chrono=/home/lewis/src/ad-law-scrape/athletic-rust-pipeline/target/debug/deps/libchrono-3cfdd5a6cfad533c.rlib --extern clap=/home/lewis/src/ad-law-scrape/athletic-rust-pipeline/target/debug/deps/libclap-15fb2c4871ae48dc.rlib --extern criterion=/home/lewis/src/ad-law-scrape/athletic-rust-pipeline/target/debug/deps/libcriterion-76b120103f8671f9.rlib --extern csv=/home/lewis/src/ad-law-scrape/athletic-rust-pipeline/target/debug/deps/libcsv-17bdf72ebda1dc06.rlib --extern fjall=/home/lewis/src/ad-law-scrape/athletic-rust-pipeline/target/debug/deps/libfjall-9c34df85f83c860b.rlib --extern futures=/home/lewis/src/ad-law-scrape/athletic-rust-pipeline/target/debug/deps/libfutures-e201c81fd8cd99ce.rlib --extern loom=/home/lewis/src/ad-law-scrape/athletic-rust-pipeline/target/debug/deps/libloom-77973b48c26c59ea.rlib --extern proptest=/home/lewis/src/ad-law-scrape/athletic-rust-pipeline/target/debug/deps/libproptest-b467e86f02d360a5.rlib --extern regex=/home/lewis/src/ad-law-scrape/athletic-rust-pipeline/target/debug/deps/libregex-9df6b0e5286f169d.rlib --extern reqwest=/home/lewis/src/ad-law-scrape/athletic-rust-pipeline/target/debug/deps/libreqwest-fdc91a4de5a1c963.rlib --extern restate_sdk=/home/lewis/src/ad-law-scrape/athletic-rust-pipeline/target/debug/deps/librestate_sdk-b8e1324a257ad713.rlib --extern serde=/home/lewis/src/ad-law-scrape/athletic-rust-pipeline/target/debug/deps/libserde-986bafa530b5bae4.rlib --extern serde_json=/home/lewis/src/ad-law-scrape/athletic-rust-pipeline/target/debug/deps/libserde_json-089accd2b59d2a69.rlib --extern sha2=/home/lewis/src/ad-law-scrape/athletic-rust-pipeline/target/debug/deps/libsha2-9bff55c82a06cc2d.rlib --extern tempfile=/home/lewis/src/ad-law-scrape/athletic-rust-pipeline/target/debug/deps/libtempfile-a4df9dd1458cfb0b.rlib --extern thiserror=/home/lewis/src/ad-law-scrape/athletic-rust-pipeline/target/debug/deps/libthiserror-1bc0d12be9ec7558.rlib --extern tokio=/home/lewis/src/ad-law-scrape/athletic-rust-pipeline/target/debug/deps/libtokio-176180b45f60ab71.rlib --extern tracing=/home/lewis/src/ad-law-scrape/athletic-rust-pipeline/target/debug/deps/libtracing-71dadc955179d0b7.rlib --extern tracing_subscriber=/home/lewis/src/ad-law-scrape/athletic-rust-pipeline/target/debug/deps/libtracing_subscriber-9c895a655669e740.rlib --extern url=/home/lewis/src/ad-law-scrape/athletic-rust-pipeline/target/debug/deps/liburl-0f547cf413905183.rlib -L native=/home/lewis/src/ad-law-scrape/athletic-rust-pipeline/target/debug/build/aws-lc-sys-fe6f7cfce21015b1/out -L native=/home/lewis/src/ad-law-scrape/athletic-rust-pipeline/target/debug/build/alloca-6f4ce09a0d12da82/out`
     Running `sccache /home/lewis/.rustup/toolchains/nightly-2026-04-27-x86_64-unknown-linux-gnu/bin/rustc --crate-name parity_north --edition=2021 crates/census-service/tests/parity_north.rs --error-format=json --json=diagnostic-rendered-ansi,artifacts,future-incompat --emit=dep-info,link -C embed-bitcode=no -C debuginfo=2 --deny=unused_must_use --forbid=unsafe_code '--deny=clippy::unimplemented' --warn=unexpected_cfgs '--deny=clippy::todo' '--deny=clippy::panic_in_result_fn' '--deny=clippy::dbg_macro' --check-cfg 'cfg(kani)' --check-cfg 'cfg(tokio_unstable)' --test --check-cfg 'cfg(docsrs,test)' --check-cfg 'cfg(feature, values("loom"))' -C metadata=2ea43f3373826be4 -C extra-filename=-1919daa56d2adf4f --out-dir /home/lewis/src/ad-law-scrape/athletic-rust-pipeline/target/debug/deps -C incremental=/home/lewis/src/ad-law-scrape/athletic-rust-pipeline/target/debug/incremental -L dependency=/home/lewis/src/ad-law-scrape/athletic-rust-pipeline/target/debug/deps --extern anyhow=/home/lewis/src/ad-law-scrape/athletic-rust-pipeline/target/debug/deps/libanyhow-2889f2bfb7da9aa2.rlib --extern athleticnet_browser=/home/lewis/src/ad-law-scrape/athletic-rust-pipeline/target/debug/deps/libathleticnet_browser-bda8f2721813b351.rlib --extern calamine=/home/lewis/src/ad-law-scrape/athletic-rust-pipeline/target/debug/deps/libcalamine-1e43699899949caa.rlib --extern census_crawl=/home/lewis/src/ad-law-scrape/athletic-rust-pipeline/target/debug/deps/libcensus_crawl-2db6656636bfbe35.rlib --extern census_domain=/home/lewis/src/ad-law-scrape/athletic-rust-pipeline/target/debug/deps/libcensus_domain-b50239c3a21a213d.rlib --extern census_reconcile=/home/lewis/src/ad-law-scrape/athletic-rust-pipeline/target/debug/deps/libcensus_reconcile-9016cd207d19f056.rlib --extern census_report=/home/lewis/src/ad-law-scrape/athletic-rust-pipeline/target/debug/deps/libcensus_report-f00748804e3574f7.rlib --extern census_review=/home/lewis/src/ad-law-scrape/athletic-rust-pipeline/target/debug/deps/libcensus_review-e8047dadcfe2e798.rlib --extern census_service=/home/lewis/src/ad-law-scrape/athletic-rust-pipeline/target/debug/deps/libcensus_service-a2c832ed4f4a7b74.rlib --extern census_store=/home/lewis/src/ad-law-scrape/athletic-rust-pipeline/target/debug/deps/libcensus_store-4b3ab36e5e10e2d6.rlib --extern chrono=/home/lewis/src/ad-law-scrape/athletic-rust-pipeline/target/debug/deps/libchrono-3cfdd5a6cfad533c.rlib --extern clap=/home/lewis/src/ad-law-scrape/athletic-rust-pipeline/target/debug/deps/libclap-15fb2c4871ae48dc.rlib --extern criterion=/home/lewis/src/ad-law-scrape/athletic-rust-pipeline/target/debug/deps/libcriterion-76b120103f8671f9.rlib --extern csv=/home/lewis/src/ad-law-scrape/athletic-rust-pipeline/target/debug/deps/libcsv-17bdf72ebda1dc06.rlib --extern fjall=/home/lewis/src/ad-law-scrape/athletic-rust-pipeline/target/debug/deps/libfjall-9c34df85f83c860b.rlib --extern futures=/home/lewis/src/ad-law-scrape/athletic-rust-pipeline/target/debug/deps/libfutures-e201c81fd8cd99ce.rlib --extern loom=/home/lewis/src/ad-law-scrape/athletic-rust-pipeline/target/debug/deps/libloom-77973b48c26c59ea.rlib --extern proptest=/home/lewis/src/ad-law-scrape/athletic-rust-pipeline/target/debug/deps/libproptest-b467e86f02d360a5.rlib --extern regex=/home/lewis/src/ad-law-scrape/athletic-rust-pipeline/target/debug/deps/libregex-9df6b0e5286f169d.rlib --extern reqwest=/home/lewis/src/ad-law-scrape/athletic-rust-pipeline/target/debug/deps/libreqwest-fdc91a4de5a1c963.rlib --extern restate_sdk=/home/lewis/src/ad-law-scrape/athletic-rust-pipeline/target/debug/deps/librestate_sdk-b8e1324a257ad713.rlib --extern serde=/home/lewis/src/ad-law-scrape/athletic-rust-pipeline/target/debug/deps/libserde-986bafa530b5bae4.rlib --extern serde_json=/home/lewis/src/ad-law-scrape/athletic-rust-pipeline/target/debug/deps/libserde_json-089accd2b59d2a69.rlib --extern sha2=/home/lewis/src/ad-law-scrape/athletic-rust-pipeline/target/debug/deps/libsha2-9bff55c82a06cc2d.rlib --extern tempfile=/home/lewis/src/ad-law-scrape/athletic-rust-pipeline/target/debug/deps/libtempfile-a4df9dd1458cfb0b.rlib --extern thiserror=/home/lewis/src/ad-law-scrape/athletic-rust-pipeline/target/debug/deps/libthiserror-1bc0d12be9ec7558.rlib --extern tokio=/home/lewis/src/ad-law-scrape/athletic-rust-pipeline/target/debug/deps/libtokio-176180b45f60ab71.rlib --extern tracing=/home/lewis/src/ad-law-scrape/athletic-rust-pipeline/target/debug/deps/libtracing-71dadc955179d0b7.rlib --extern tracing_subscriber=/home/lewis/src/ad-law-scrape/athletic-rust-pipeline/target/debug/deps/libtracing_subscriber-9c895a655669e740.rlib --extern url=/home/lewis/src/ad-law-scrape/athletic-rust-pipeline/target/debug/deps/liburl-0f547cf413905183.rlib -L native=/home/lewis/src/ad-law-scrape/athletic-rust-pipeline/target/debug/build/aws-lc-sys-fe6f7cfce21015b1/out -L native=/home/lewis/src/ad-law-scrape/athletic-rust-pipeline/target/debug/build/alloca-6f4ce09a0d12da82/out`
     Running `sccache /home/lewis/.rustup/toolchains/nightly-2026-04-27-x86_64-unknown-linux-gnu/bin/rustc --crate-name census_serve --edition=2021 crates/census-service/src/bin/census-serve.rs --error-format=json --json=diagnostic-rendered-ansi,artifacts,future-incompat --crate-type bin --emit=dep-info,link -C embed-bitcode=no -C debuginfo=2 --deny=unused_must_use --forbid=unsafe_code '--deny=clippy::unimplemented' --warn=unexpected_cfgs '--deny=clippy::todo' '--deny=clippy::panic_in_result_fn' '--deny=clippy::dbg_macro' --check-cfg 'cfg(kani)' --check-cfg 'cfg(tokio_unstable)' --check-cfg 'cfg(docsrs,test)' --check-cfg 'cfg(feature, values("loom"))' -C metadata=dc8d7e72016129de -C extra-filename=-94ba46ec0164fd68 --out-dir /home/lewis/src/ad-law-scrape/athletic-rust-pipeline/target/debug/deps -C incremental=/home/lewis/src/ad-law-scrape/athletic-rust-pipeline/target/debug/incremental -L dependency=/home/lewis/src/ad-law-scrape/athletic-rust-pipeline/target/debug/deps --extern anyhow=/home/lewis/src/ad-law-scrape/athletic-rust-pipeline/target/debug/deps/libanyhow-2889f2bfb7da9aa2.rlib --extern athleticnet_browser=/home/lewis/src/ad-law-scrape/athletic-rust-pipeline/target/debug/deps/libathleticnet_browser-bda8f2721813b351.rlib --extern calamine=/home/lewis/src/ad-law-scrape/athletic-rust-pipeline/target/debug/deps/libcalamine-1e43699899949caa.rlib --extern census_crawl=/home/lewis/src/ad-law-scrape/athletic-rust-pipeline/target/debug/deps/libcensus_crawl-2db6656636bfbe35.rlib --extern census_domain=/home/lewis/src/ad-law-scrape/athletic-rust-pipeline/target/debug/deps/libcensus_domain-b50239c3a21a213d.rlib --extern census_reconcile=/home/lewis/src/ad-law-scrape/athletic-rust-pipeline/target/debug/deps/libcensus_reconcile-9016cd207d19f056.rlib --extern census_report=/home/lewis/src/ad-law-scrape/athletic-rust-pipeline/target/debug/deps/libcensus_report-f00748804e3574f7.rlib --extern census_review=/home/lewis/src/ad-law-scrape/athletic-rust-pipeline/target/debug/deps/libcensus_review-e8047dadcfe2e798.rlib --extern census_service=/home/lewis/src/ad-law-scrape/athletic-rust-pipeline/target/debug/deps/libcensus_service-a2c832ed4f4a7b74.rlib --extern census_store=/home/lewis/src/ad-law-scrape/athletic-rust-pipeline/target/debug/deps/libcensus_store-4b3ab36e5e10e2d6.rlib --extern chrono=/home/lewis/src/ad-law-scrape/athletic-rust-pipeline/target/debug/deps/libchrono-3cfdd5a6cfad533c.rlib --extern clap=/home/lewis/src/ad-law-scrape/athletic-rust-pipeline/target/debug/deps/libclap-15fb2c4871ae48dc.rlib --extern csv=/home/lewis/src/ad-law-scrape/athletic-rust-pipeline/target/debug/deps/libcsv-17bdf72ebda1dc06.rlib --extern futures=/home/lewis/src/ad-law-scrape/athletic-rust-pipeline/target/debug/deps/libfutures-e201c81fd8cd99ce.rlib --extern regex=/home/lewis/src/ad-law-scrape/athletic-rust-pipeline/target/debug/deps/libregex-9df6b0e5286f169d.rlib --extern reqwest=/home/lewis/src/ad-law-scrape/athletic-rust-pipeline/target/debug/deps/libreqwest-fdc91a4de5a1c963.rlib --extern restate_sdk=/home/lewis/src/ad-law-scrape/athletic-rust-pipeline/target/debug/deps/librestate_sdk-b8e1324a257ad713.rlib --extern serde=/home/lewis/src/ad-law-scrape/athletic-rust-pipeline/target/debug/deps/libserde-986bafa530b5bae4.rlib --extern serde_json=/home/lewis/src/ad-law-scrape/athletic-rust-pipeline/target/debug/deps/libserde_json-089accd2b59d2a69.rlib --extern sha2=/home/lewis/src/ad-law-scrape/athletic-rust-pipeline/target/debug/deps/libsha2-9bff55c82a06cc2d.rlib --extern thiserror=/home/lewis/src/ad-law-scrape/athletic-rust-pipeline/target/debug/deps/libthiserror-1bc0d12be9ec7558.rlib --extern tokio=/home/lewis/src/ad-law-scrape/athletic-rust-pipeline/target/debug/deps/libtokio-176180b45f60ab71.rlib --extern tracing=/home/lewis/src/ad-law-scrape/athletic-rust-pipeline/target/debug/deps/libtracing-71dadc955179d0b7.rlib --extern tracing_subscriber=/home/lewis/src/ad-law-scrape/athletic-rust-pipeline/target/debug/deps/libtracing_subscriber-9c895a655669e740.rlib --extern url=/home/lewis/src/ad-law-scrape/athletic-rust-pipeline/target/debug/deps/liburl-0f547cf413905183.rlib -L native=/home/lewis/src/ad-law-scrape/athletic-rust-pipeline/target/debug/build/aws-lc-sys-fe6f7cfce21015b1/out`
     Running `sccache /home/lewis/.rustup/toolchains/nightly-2026-04-27-x86_64-unknown-linux-gnu/bin/rustc --crate-name offline_cycle --edition=2021 crates/census-service/tests/offline_cycle.rs --error-format=json --json=diagnostic-rendered-ansi,artifacts,future-incompat --emit=dep-info,link -C embed-bitcode=no -C debuginfo=2 --deny=unused_must_use --forbid=unsafe_code '--deny=clippy::unimplemented' --warn=unexpected_cfgs '--deny=clippy::todo' '--deny=clippy::panic_in_result_fn' '--deny=clippy::dbg_macro' --check-cfg 'cfg(kani)' --check-cfg 'cfg(tokio_unstable)' --test --check-cfg 'cfg(docsrs,test)' --check-cfg 'cfg(feature, values("loom"))' -C metadata=610595b8ceb22591 -C extra-filename=-d1bb8634efe5eb40 --out-dir /home/lewis/src/ad-law-scrape/athletic-rust-pipeline/target/debug/deps -C incremental=/home/lewis/src/ad-law-scrape/athletic-rust-pipeline/target/debug/incremental -L dependency=/home/lewis/src/ad-law-scrape/athletic-rust-pipeline/target/debug/deps --extern anyhow=/home/lewis/src/ad-law-scrape/athletic-rust-pipeline/target/debug/deps/libanyhow-2889f2bfb7da9aa2.rlib --extern athleticnet_browser=/home/lewis/src/ad-law-scrape/athletic-rust-pipeline/target/debug/deps/libathleticnet_browser-bda8f2721813b351.rlib --extern calamine=/home/lewis/src/ad-law-scrape/athletic-rust-pipeline/target/debug/deps/libcalamine-1e43699899949caa.rlib --extern census_crawl=/home/lewis/src/ad-law-scrape/athletic-rust-pipeline/target/debug/deps/libcensus_crawl-2db6656636bfbe35.rlib --extern census_domain=/home/lewis/src/ad-law-scrape/athletic-rust-pipeline/target/debug/deps/libcensus_domain-b50239c3a21a213d.rlib --extern census_reconcile=/home/lewis/src/ad-law-scrape/athletic-rust-pipeline/target/debug/deps/libcensus_reconcile-9016cd207d19f056.rlib --extern census_report=/home/lewis/src/ad-law-scrape/athletic-rust-pipeline/target/debug/deps/libcensus_report-f00748804e3574f7.rlib --extern census_review=/home/lewis/src/ad-law-scrape/athletic-rust-pipeline/target/debug/deps/libcensus_review-e8047dadcfe2e798.rlib --extern census_service=/home/lewis/src/ad-law-scrape/athletic-rust-pipeline/target/debug/deps/libcensus_service-a2c832ed4f4a7b74.rlib --extern census_store=/home/lewis/src/ad-law-scrape/athletic-rust-pipeline/target/debug/deps/libcensus_store-4b3ab36e5e10e2d6.rlib --extern chrono=/home/lewis/src/ad-law-scrape/athletic-rust-pipeline/target/debug/deps/libchrono-3cfdd5a6cfad533c.rlib --extern clap=/home/lewis/src/ad-law-scrape/athletic-rust-pipeline/target/debug/deps/libclap-15fb2c4871ae48dc.rlib --extern criterion=/home/lewis/src/ad-law-scrape/athletic-rust-pipeline/target/debug/deps/libcriterion-76b120103f8671f9.rlib --extern csv=/home/lewis/src/ad-law-scrape/athletic-rust-pipeline/target/debug/deps/libcsv-17bdf72ebda1dc06.rlib --extern fjall=/home/lewis/src/ad-law-scrape/athletic-rust-pipeline/target/debug/deps/libfjall-9c34df85f83c860b.rlib --extern futures=/home/lewis/src/ad-law-scrape/athletic-rust-pipeline/target/debug/deps/libfutures-e201c81fd8cd99ce.rlib --extern loom=/home/lewis/src/ad-law-scrape/athletic-rust-pipeline/target/debug/deps/libloom-77973b48c26c59ea.rlib --extern proptest=/home/lewis/src/ad-law-scrape/athletic-rust-pipeline/target/debug/deps/libproptest-b467e86f02d360a5.rlib --extern regex=/home/lewis/src/ad-law-scrape/athletic-rust-pipeline/target/debug/deps/libregex-9df6b0e5286f169d.rlib --extern reqwest=/home/lewis/src/ad-law-scrape/athletic-rust-pipeline/target/debug/deps/libreqwest-fdc91a4de5a1c963.rlib --extern restate_sdk=/home/lewis/src/ad-law-scrape/athletic-rust-pipeline/target/debug/deps/librestate_sdk-b8e1324a257ad713.rlib --extern serde=/home/lewis/src/ad-law-scrape/athletic-rust-pipeline/target/debug/deps/libserde-986bafa530b5bae4.rlib --extern serde_json=/home/lewis/src/ad-law-scrape/athletic-rust-pipeline/target/debug/deps/libserde_json-089accd2b59d2a69.rlib --extern sha2=/home/lewis/src/ad-law-scrape/athletic-rust-pipeline/target/debug/deps/libsha2-9bff55c82a06cc2d.rlib --extern tempfile=/home/lewis/src/ad-law-scrape/athletic-rust-pipeline/target/debug/deps/libtempfile-a4df9dd1458cfb0b.rlib --extern thiserror=/home/lewis/src/ad-law-scrape/athletic-rust-pipeline/target/debug/deps/libthiserror-1bc0d12be9ec7558.rlib --extern tokio=/home/lewis/src/ad-law-scrape/athletic-rust-pipeline/target/debug/deps/libtokio-176180b45f60ab71.rlib --extern tracing=/home/lewis/src/ad-law-scrape/athletic-rust-pipeline/target/debug/deps/libtracing-71dadc955179d0b7.rlib --extern tracing_subscriber=/home/lewis/src/ad-law-scrape/athletic-rust-pipeline/target/debug/deps/libtracing_subscriber-9c895a655669e740.rlib --extern url=/home/lewis/src/ad-law-scrape/athletic-rust-pipeline/target/debug/deps/liburl-0f547cf413905183.rlib -L native=/home/lewis/src/ad-law-scrape/athletic-rust-pipeline/target/debug/build/aws-lc-sys-fe6f7cfce21015b1/out -L native=/home/lewis/src/ad-law-scrape/athletic-rust-pipeline/target/debug/build/alloca-6f4ce09a0d12da82/out`
     Running `sccache /home/lewis/.rustup/toolchains/nightly-2026-04-27-x86_64-unknown-linux-gnu/bin/rustc --crate-name school_address_publication --edition=2021 crates/census-service/tests/school_address_publication.rs --error-format=json --json=diagnostic-rendered-ansi,artifacts,future-incompat --emit=dep-info,link -C embed-bitcode=no -C debuginfo=2 --deny=unused_must_use --forbid=unsafe_code '--deny=clippy::unimplemented' --warn=unexpected_cfgs '--deny=clippy::todo' '--deny=clippy::panic_in_result_fn' '--deny=clippy::dbg_macro' --check-cfg 'cfg(kani)' --check-cfg 'cfg(tokio_unstable)' --test --check-cfg 'cfg(docsrs,test)' --check-cfg 'cfg(feature, values("loom"))' -C metadata=c9701ad7ff6acd1e -C extra-filename=-c7bd90f28654314a --out-dir /home/lewis/src/ad-law-scrape/athletic-rust-pipeline/target/debug/deps -C incremental=/home/lewis/src/ad-law-scrape/athletic-rust-pipeline/target/debug/incremental -L dependency=/home/lewis/src/ad-law-scrape/athletic-rust-pipeline/target/debug/deps --extern anyhow=/home/lewis/src/ad-law-scrape/athletic-rust-pipeline/target/debug/deps/libanyhow-2889f2bfb7da9aa2.rlib --extern athleticnet_browser=/home/lewis/src/ad-law-scrape/athletic-rust-pipeline/target/debug/deps/libathleticnet_browser-bda8f2721813b351.rlib --extern calamine=/home/lewis/src/ad-law-scrape/athletic-rust-pipeline/target/debug/deps/libcalamine-1e43699899949caa.rlib --extern census_crawl=/home/lewis/src/ad-law-scrape/athletic-rust-pipeline/target/debug/deps/libcensus_crawl-2db6656636bfbe35.rlib --extern census_domain=/home/lewis/src/ad-law-scrape/athletic-rust-pipeline/target/debug/deps/libcensus_domain-b50239c3a21a213d.rlib --extern census_reconcile=/home/lewis/src/ad-law-scrape/athletic-rust-pipeline/target/debug/deps/libcensus_reconcile-9016cd207d19f056.rlib --extern census_report=/home/lewis/src/ad-law-scrape/athletic-rust-pipeline/target/debug/deps/libcensus_report-f00748804e3574f7.rlib --extern census_review=/home/lewis/src/ad-law-scrape/athletic-rust-pipeline/target/debug/deps/libcensus_review-e8047dadcfe2e798.rlib --extern census_service=/home/lewis/src/ad-law-scrape/athletic-rust-pipeline/target/debug/deps/libcensus_service-a2c832ed4f4a7b74.rlib --extern census_store=/home/lewis/src/ad-law-scrape/athletic-rust-pipeline/target/debug/deps/libcensus_store-4b3ab36e5e10e2d6.rlib --extern chrono=/home/lewis/src/ad-law-scrape/athletic-rust-pipeline/target/debug/deps/libchrono-3cfdd5a6cfad533c.rlib --extern clap=/home/lewis/src/ad-law-scrape/athletic-rust-pipeline/target/debug/deps/libclap-15fb2c4871ae48dc.rlib --extern criterion=/home/lewis/src/ad-law-scrape/athletic-rust-pipeline/target/debug/deps/libcriterion-76b120103f8671f9.rlib --extern csv=/home/lewis/src/ad-law-scrape/athletic-rust-pipeline/target/debug/deps/libcsv-17bdf72ebda1dc06.rlib --extern fjall=/home/lewis/src/ad-law-scrape/athletic-rust-pipeline/target/debug/deps/libfjall-9c34df85f83c860b.rlib --extern futures=/home/lewis/src/ad-law-scrape/athletic-rust-pipeline/target/debug/deps/libfutures-e201c81fd8cd99ce.rlib --extern loom=/home/lewis/src/ad-law-scrape/athletic-rust-pipeline/target/debug/deps/libloom-77973b48c26c59ea.rlib --extern proptest=/home/lewis/src/ad-law-scrape/athletic-rust-pipeline/target/debug/deps/libproptest-b467e86f02d360a5.rlib --extern regex=/home/lewis/src/ad-law-scrape/athletic-rust-pipeline/target/debug/deps/libregex-9df6b0e5286f169d.rlib --extern reqwest=/home/lewis/src/ad-law-scrape/athletic-rust-pipeline/target/debug/deps/libreqwest-fdc91a4de5a1c963.rlib --extern restate_sdk=/home/lewis/src/ad-law-scrape/athletic-rust-pipeline/target/debug/deps/librestate_sdk-b8e1324a257ad713.rlib --extern serde=/home/lewis/src/ad-law-scrape/athletic-rust-pipeline/target/debug/deps/libserde-986bafa530b5bae4.rlib --extern serde_json=/home/lewis/src/ad-law-scrape/athletic-rust-pipeline/target/debug/deps/libserde_json-089accd2b59d2a69.rlib --extern sha2=/home/lewis/src/ad-law-scrape/athletic-rust-pipeline/target/debug/deps/libsha2-9bff55c82a06cc2d.rlib --extern tempfile=/home/lewis/src/ad-law-scrape/athletic-rust-pipeline/target/debug/deps/libtempfile-a4df9dd1458cfb0b.rlib --extern thiserror=/home/lewis/src/ad-law-scrape/athletic-rust-pipeline/target/debug/deps/libthiserror-1bc0d12be9ec7558.rlib --extern tokio=/home/lewis/src/ad-law-scrape/athletic-rust-pipeline/target/debug/deps/libtokio-176180b45f60ab71.rlib --extern tracing=/home/lewis/src/ad-law-scrape/athletic-rust-pipeline/target/debug/deps/libtracing-71dadc955179d0b7.rlib --extern tracing_subscriber=/home/lewis/src/ad-law-scrape/athletic-rust-pipeline/target/debug/deps/libtracing_subscriber-9c895a655669e740.rlib --extern url=/home/lewis/src/ad-law-scrape/athletic-rust-pipeline/target/debug/deps/liburl-0f547cf413905183.rlib -L native=/home/lewis/src/ad-law-scrape/athletic-rust-pipeline/target/debug/build/aws-lc-sys-fe6f7cfce21015b1/out -L native=/home/lewis/src/ad-law-scrape/athletic-rust-pipeline/target/debug/build/alloca-6f4ce09a0d12da82/out`
     Running `sccache /home/lewis/.rustup/toolchains/nightly-2026-04-27-x86_64-unknown-linux-gnu/bin/rustc --crate-name restate_kill_restart --edition=2021 crates/census-service/tests/restate_kill_restart.rs --error-format=json --json=diagnostic-rendered-ansi,artifacts,future-incompat --emit=dep-info,link -C embed-bitcode=no -C debuginfo=2 --deny=unused_must_use --forbid=unsafe_code '--deny=clippy::unimplemented' --warn=unexpected_cfgs '--deny=clippy::todo' '--deny=clippy::panic_in_result_fn' '--deny=clippy::dbg_macro' --check-cfg 'cfg(kani)' --check-cfg 'cfg(tokio_unstable)' --test --check-cfg 'cfg(docsrs,test)' --check-cfg 'cfg(feature, values("loom"))' -C metadata=20be63ac6edc353a -C extra-filename=-03d235de86303aeb --out-dir /home/lewis/src/ad-law-scrape/athletic-rust-pipeline/target/debug/deps -C incremental=/home/lewis/src/ad-law-scrape/athletic-rust-pipeline/target/debug/incremental -L dependency=/home/lewis/src/ad-law-scrape/athletic-rust-pipeline/target/debug/deps --extern anyhow=/home/lewis/src/ad-law-scrape/athletic-rust-pipeline/target/debug/deps/libanyhow-2889f2bfb7da9aa2.rlib --extern athleticnet_browser=/home/lewis/src/ad-law-scrape/athletic-rust-pipeline/target/debug/deps/libathleticnet_browser-bda8f2721813b351.rlib --extern calamine=/home/lewis/src/ad-law-scrape/athletic-rust-pipeline/target/debug/deps/libcalamine-1e43699899949caa.rlib --extern census_crawl=/home/lewis/src/ad-law-scrape/athletic-rust-pipeline/target/debug/deps/libcensus_crawl-2db6656636bfbe35.rlib --extern census_domain=/home/lewis/src/ad-law-scrape/athletic-rust-pipeline/target/debug/deps/libcensus_domain-b50239c3a21a213d.rlib --extern census_reconcile=/home/lewis/src/ad-law-scrape/athletic-rust-pipeline/target/debug/deps/libcensus_reconcile-9016cd207d19f056.rlib --extern census_report=/home/lewis/src/ad-law-scrape/athletic-rust-pipeline/target/debug/deps/libcensus_report-f00748804e3574f7.rlib --extern census_review=/home/lewis/src/ad-law-scrape/athletic-rust-pipeline/target/debug/deps/libcensus_review-e8047dadcfe2e798.rlib --extern census_service=/home/lewis/src/ad-law-scrape/athletic-rust-pipeline/target/debug/deps/libcensus_service-a2c832ed4f4a7b74.rlib --extern census_store=/home/lewis/src/ad-law-scrape/athletic-rust-pipeline/target/debug/deps/libcensus_store-4b3ab36e5e10e2d6.rlib --extern chrono=/home/lewis/src/ad-law-scrape/athletic-rust-pipeline/target/debug/deps/libchrono-3cfdd5a6cfad533c.rlib --extern clap=/home/lewis/src/ad-law-scrape/athletic-rust-pipeline/target/debug/deps/libclap-15fb2c4871ae48dc.rlib --extern criterion=/home/lewis/src/ad-law-scrape/athletic-rust-pipeline/target/debug/deps/libcriterion-76b120103f8671f9.rlib --extern csv=/home/lewis/src/ad-law-scrape/athletic-rust-pipeline/target/debug/deps/libcsv-17bdf72ebda1dc06.rlib --extern fjall=/home/lewis/src/ad-law-scrape/athletic-rust-pipeline/target/debug/deps/libfjall-9c34df85f83c860b.rlib --extern futures=/home/lewis/src/ad-law-scrape/athletic-rust-pipeline/target/debug/deps/libfutures-e201c81fd8cd99ce.rlib --extern loom=/home/lewis/src/ad-law-scrape/athletic-rust-pipeline/target/debug/deps/libloom-77973b48c26c59ea.rlib --extern proptest=/home/lewis/src/ad-law-scrape/athletic-rust-pipeline/target/debug/deps/libproptest-b467e86f02d360a5.rlib --extern regex=/home/lewis/src/ad-law-scrape/athletic-rust-pipeline/target/debug/deps/libregex-9df6b0e5286f169d.rlib --extern reqwest=/home/lewis/src/ad-law-scrape/athletic-rust-pipeline/target/debug/deps/libreqwest-fdc91a4de5a1c963.rlib --extern restate_sdk=/home/lewis/src/ad-law-scrape/athletic-rust-pipeline/target/debug/deps/librestate_sdk-b8e1324a257ad713.rlib --extern serde=/home/lewis/src/ad-law-scrape/athletic-rust-pipeline/target/debug/deps/libserde-986bafa530b5bae4.rlib --extern serde_json=/home/lewis/src/ad-law-scrape/athletic-rust-pipeline/target/debug/deps/libserde_json-089accd2b59d2a69.rlib --extern sha2=/home/lewis/src/ad-law-scrape/athletic-rust-pipeline/target/debug/deps/libsha2-9bff55c82a06cc2d.rlib --extern tempfile=/home/lewis/src/ad-law-scrape/athletic-rust-pipeline/target/debug/deps/libtempfile-a4df9dd1458cfb0b.rlib --extern thiserror=/home/lewis/src/ad-law-scrape/athletic-rust-pipeline/target/debug/deps/libthiserror-1bc0d12be9ec7558.rlib --extern tokio=/home/lewis/src/ad-law-scrape/athletic-rust-pipeline/target/debug/deps/libtokio-176180b45f60ab71.rlib --extern tracing=/home/lewis/src/ad-law-scrape/athletic-rust-pipeline/target/debug/deps/libtracing-71dadc955179d0b7.rlib --extern tracing_subscriber=/home/lewis/src/ad-law-scrape/athletic-rust-pipeline/target/debug/deps/libtracing_subscriber-9c895a655669e740.rlib --extern url=/home/lewis/src/ad-law-scrape/athletic-rust-pipeline/target/debug/deps/liburl-0f547cf413905183.rlib -L native=/home/lewis/src/ad-law-scrape/athletic-rust-pipeline/target/debug/build/aws-lc-sys-fe6f7cfce21015b1/out -L native=/home/lewis/src/ad-law-scrape/athletic-rust-pipeline/target/debug/build/alloca-6f4ce09a0d12da82/out`
     Running `sccache /home/lewis/.rustup/toolchains/nightly-2026-04-27-x86_64-unknown-linux-gnu/bin/rustc --crate-name wiaa_directory_properties --edition=2021 crates/census-service/tests/wiaa_directory_properties.rs --error-format=json --json=diagnostic-rendered-ansi,artifacts,future-incompat --emit=dep-info,link -C embed-bitcode=no -C debuginfo=2 --deny=unused_must_use --forbid=unsafe_code '--deny=clippy::unimplemented' --warn=unexpected_cfgs '--deny=clippy::todo' '--deny=clippy::panic_in_result_fn' '--deny=clippy::dbg_macro' --check-cfg 'cfg(kani)' --check-cfg 'cfg(tokio_unstable)' --test --check-cfg 'cfg(docsrs,test)' --check-cfg 'cfg(feature, values("loom"))' -C metadata=7880fbd64247f75b -C extra-filename=-a413b0c433fa99f0 --out-dir /home/lewis/src/ad-law-scrape/athletic-rust-pipeline/target/debug/deps -C incremental=/home/lewis/src/ad-law-scrape/athletic-rust-pipeline/target/debug/incremental -L dependency=/home/lewis/src/ad-law-scrape/athletic-rust-pipeline/target/debug/deps --extern anyhow=/home/lewis/src/ad-law-scrape/athletic-rust-pipeline/target/debug/deps/libanyhow-2889f2bfb7da9aa2.rlib --extern athleticnet_browser=/home/lewis/src/ad-law-scrape/athletic-rust-pipeline/target/debug/deps/libathleticnet_browser-bda8f2721813b351.rlib --extern calamine=/home/lewis/src/ad-law-scrape/athletic-rust-pipeline/target/debug/deps/libcalamine-1e43699899949caa.rlib --extern census_crawl=/home/lewis/src/ad-law-scrape/athletic-rust-pipeline/target/debug/deps/libcensus_crawl-2db6656636bfbe35.rlib --extern census_domain=/home/lewis/src/ad-law-scrape/athletic-rust-pipeline/target/debug/deps/libcensus_domain-b50239c3a21a213d.rlib --extern census_reconcile=/home/lewis/src/ad-law-scrape/athletic-rust-pipeline/target/debug/deps/libcensus_reconcile-9016cd207d19f056.rlib --extern census_report=/home/lewis/src/ad-law-scrape/athletic-rust-pipeline/target/debug/deps/libcensus_report-f00748804e3574f7.rlib --extern census_review=/home/lewis/src/ad-law-scrape/athletic-rust-pipeline/target/debug/deps/libcensus_review-e8047dadcfe2e798.rlib --extern census_service=/home/lewis/src/ad-law-scrape/athletic-rust-pipeline/target/debug/deps/libcensus_service-a2c832ed4f4a7b74.rlib --extern census_store=/home/lewis/src/ad-law-scrape/athletic-rust-pipeline/target/debug/deps/libcensus_store-4b3ab36e5e10e2d6.rlib --extern chrono=/home/lewis/src/ad-law-scrape/athletic-rust-pipeline/target/debug/deps/libchrono-3cfdd5a6cfad533c.rlib --extern clap=/home/lewis/src/ad-law-scrape/athletic-rust-pipeline/target/debug/deps/libclap-15fb2c4871ae48dc.rlib --extern criterion=/home/lewis/src/ad-law-scrape/athletic-rust-pipeline/target/debug/deps/libcriterion-76b120103f8671f9.rlib --extern csv=/home/lewis/src/ad-law-scrape/athletic-rust-pipeline/target/debug/deps/libcsv-17bdf72ebda1dc06.rlib --extern fjall=/home/lewis/src/ad-law-scrape/athletic-rust-pipeline/target/debug/deps/libfjall-9c34df85f83c860b.rlib --extern futures=/home/lewis/src/ad-law-scrape/athletic-rust-pipeline/target/debug/deps/libfutures-e201c81fd8cd99ce.rlib --extern loom=/home/lewis/src/ad-law-scrape/athletic-rust-pipeline/target/debug/deps/libloom-77973b48c26c59ea.rlib --extern proptest=/home/lewis/src/ad-law-scrape/athletic-rust-pipeline/target/debug/deps/libproptest-b467e86f02d360a5.rlib --extern regex=/home/lewis/src/ad-law-scrape/athletic-rust-pipeline/target/debug/deps/libregex-9df6b0e5286f169d.rlib --extern reqwest=/home/lewis/src/ad-law-scrape/athletic-rust-pipeline/target/debug/deps/libreqwest-fdc91a4de5a1c963.rlib --extern restate_sdk=/home/lewis/src/ad-law-scrape/athletic-rust-pipeline/target/debug/deps/librestate_sdk-b8e1324a257ad713.rlib --extern serde=/home/lewis/src/ad-law-scrape/athletic-rust-pipeline/target/debug/deps/libserde-986bafa530b5bae4.rlib --extern serde_json=/home/lewis/src/ad-law-scrape/athletic-rust-pipeline/target/debug/deps/libserde_json-089accd2b59d2a69.rlib --extern sha2=/home/lewis/src/ad-law-scrape/athletic-rust-pipeline/target/debug/deps/libsha2-9bff55c82a06cc2d.rlib --extern tempfile=/home/lewis/src/ad-law-scrape/athletic-rust-pipeline/target/debug/deps/libtempfile-a4df9dd1458cfb0b.rlib --extern thiserror=/home/lewis/src/ad-law-scrape/athletic-rust-pipeline/target/debug/deps/libthiserror-1bc0d12be9ec7558.rlib --extern tokio=/home/lewis/src/ad-law-scrape/athletic-rust-pipeline/target/debug/deps/libtokio-176180b45f60ab71.rlib --extern tracing=/home/lewis/src/ad-law-scrape/athletic-rust-pipeline/target/debug/deps/libtracing-71dadc955179d0b7.rlib --extern tracing_subscriber=/home/lewis/src/ad-law-scrape/athletic-rust-pipeline/target/debug/deps/libtracing_subscriber-9c895a655669e740.rlib --extern url=/home/lewis/src/ad-law-scrape/athletic-rust-pipeline/target/debug/deps/liburl-0f547cf413905183.rlib -L native=/home/lewis/src/ad-law-scrape/athletic-rust-pipeline/target/debug/build/aws-lc-sys-fe6f7cfce21015b1/out -L native=/home/lewis/src/ad-law-scrape/athletic-rust-pipeline/target/debug/build/alloca-6f4ce09a0d12da82/out`
     Running `sccache /home/lewis/.rustup/toolchains/nightly-2026-04-27-x86_64-unknown-linux-gnu/bin/rustc --crate-name review_configuration --edition=2021 crates/census-service/tests/review_configuration.rs --error-format=json --json=diagnostic-rendered-ansi,artifacts,future-incompat --emit=dep-info,link -C embed-bitcode=no -C debuginfo=2 --deny=unused_must_use --forbid=unsafe_code '--deny=clippy::unimplemented' --warn=unexpected_cfgs '--deny=clippy::todo' '--deny=clippy::panic_in_result_fn' '--deny=clippy::dbg_macro' --check-cfg 'cfg(kani)' --check-cfg 'cfg(tokio_unstable)' --test --check-cfg 'cfg(docsrs,test)' --check-cfg 'cfg(feature, values("loom"))' -C metadata=a4ef0d0e9571a23b -C extra-filename=-d1a369e98216950f --out-dir /home/lewis/src/ad-law-scrape/athletic-rust-pipeline/target/debug/deps -C incremental=/home/lewis/src/ad-law-scrape/athletic-rust-pipeline/target/debug/incremental -L dependency=/home/lewis/src/ad-law-scrape/athletic-rust-pipeline/target/debug/deps --extern anyhow=/home/lewis/src/ad-law-scrape/athletic-rust-pipeline/target/debug/deps/libanyhow-2889f2bfb7da9aa2.rlib --extern athleticnet_browser=/home/lewis/src/ad-law-scrape/athletic-rust-pipeline/target/debug/deps/libathleticnet_browser-bda8f2721813b351.rlib --extern calamine=/home/lewis/src/ad-law-scrape/athletic-rust-pipeline/target/debug/deps/libcalamine-1e43699899949caa.rlib --extern census_crawl=/home/lewis/src/ad-law-scrape/athletic-rust-pipeline/target/debug/deps/libcensus_crawl-2db6656636bfbe35.rlib --extern census_domain=/home/lewis/src/ad-law-scrape/athletic-rust-pipeline/target/debug/deps/libcensus_domain-b50239c3a21a213d.rlib --extern census_reconcile=/home/lewis/src/ad-law-scrape/athletic-rust-pipeline/target/debug/deps/libcensus_reconcile-9016cd207d19f056.rlib --extern census_report=/home/lewis/src/ad-law-scrape/athletic-rust-pipeline/target/debug/deps/libcensus_report-f00748804e3574f7.rlib --extern census_review=/home/lewis/src/ad-law-scrape/athletic-rust-pipeline/target/debug/deps/libcensus_review-e8047dadcfe2e798.rlib --extern census_service=/home/lewis/src/ad-law-scrape/athletic-rust-pipeline/target/debug/deps/libcensus_service-a2c832ed4f4a7b74.rlib --extern census_store=/home/lewis/src/ad-law-scrape/athletic-rust-pipeline/target/debug/deps/libcensus_store-4b3ab36e5e10e2d6.rlib --extern chrono=/home/lewis/src/ad-law-scrape/athletic-rust-pipeline/target/debug/deps/libchrono-3cfdd5a6cfad533c.rlib --extern clap=/home/lewis/src/ad-law-scrape/athletic-rust-pipeline/target/debug/deps/libclap-15fb2c4871ae48dc.rlib --extern criterion=/home/lewis/src/ad-law-scrape/athletic-rust-pipeline/target/debug/deps/libcriterion-76b120103f8671f9.rlib --extern csv=/home/lewis/src/ad-law-scrape/athletic-rust-pipeline/target/debug/deps/libcsv-17bdf72ebda1dc06.rlib --extern fjall=/home/lewis/src/ad-law-scrape/athletic-rust-pipeline/target/debug/deps/libfjall-9c34df85f83c860b.rlib --extern futures=/home/lewis/src/ad-law-scrape/athletic-rust-pipeline/target/debug/deps/libfutures-e201c81fd8cd99ce.rlib --extern loom=/home/lewis/src/ad-law-scrape/athletic-rust-pipeline/target/debug/deps/libloom-77973b48c26c59ea.rlib --extern proptest=/home/lewis/src/ad-law-scrape/athletic-rust-pipeline/target/debug/deps/libproptest-b467e86f02d360a5.rlib --extern regex=/home/lewis/src/ad-law-scrape/athletic-rust-pipeline/target/debug/deps/libregex-9df6b0e5286f169d.rlib --extern reqwest=/home/lewis/src/ad-law-scrape/athletic-rust-pipeline/target/debug/deps/libreqwest-fdc91a4de5a1c963.rlib --extern restate_sdk=/home/lewis/src/ad-law-scrape/athletic-rust-pipeline/target/debug/deps/librestate_sdk-b8e1324a257ad713.rlib --extern serde=/home/lewis/src/ad-law-scrape/athletic-rust-pipeline/target/debug/deps/libserde-986bafa530b5bae4.rlib --extern serde_json=/home/lewis/src/ad-law-scrape/athletic-rust-pipeline/target/debug/deps/libserde_json-089accd2b59d2a69.rlib --extern sha2=/home/lewis/src/ad-law-scrape/athletic-rust-pipeline/target/debug/deps/libsha2-9bff55c82a06cc2d.rlib --extern tempfile=/home/lewis/src/ad-law-scrape/athletic-rust-pipeline/target/debug/deps/libtempfile-a4df9dd1458cfb0b.rlib --extern thiserror=/home/lewis/src/ad-law-scrape/athletic-rust-pipeline/target/debug/deps/libthiserror-1bc0d12be9ec7558.rlib --extern tokio=/home/lewis/src/ad-law-scrape/athletic-rust-pipeline/target/debug/deps/libtokio-176180b45f60ab71.rlib --extern tracing=/home/lewis/src/ad-law-scrape/athletic-rust-pipeline/target/debug/deps/libtracing-71dadc955179d0b7.rlib --extern tracing_subscriber=/home/lewis/src/ad-law-scrape/athletic-rust-pipeline/target/debug/deps/libtracing_subscriber-9c895a655669e740.rlib --extern url=/home/lewis/src/ad-law-scrape/athletic-rust-pipeline/target/debug/deps/liburl-0f547cf413905183.rlib -L native=/home/lewis/src/ad-law-scrape/athletic-rust-pipeline/target/debug/build/aws-lc-sys-fe6f7cfce21015b1/out -L native=/home/lewis/src/ad-law-scrape/athletic-rust-pipeline/target/debug/build/alloca-6f4ce09a0d12da82/out`
     Running `sccache /home/lewis/.rustup/toolchains/nightly-2026-04-27-x86_64-unknown-linux-gnu/bin/rustc --crate-name raceday_parser_properties --edition=2021 crates/census-service/tests/raceday_parser_properties.rs --error-format=json --json=diagnostic-rendered-ansi,artifacts,future-incompat --emit=dep-info,link -C embed-bitcode=no -C debuginfo=2 --deny=unused_must_use --forbid=unsafe_code '--deny=clippy::unimplemented' --warn=unexpected_cfgs '--deny=clippy::todo' '--deny=clippy::panic_in_result_fn' '--deny=clippy::dbg_macro' --check-cfg 'cfg(kani)' --check-cfg 'cfg(tokio_unstable)' --test --check-cfg 'cfg(docsrs,test)' --check-cfg 'cfg(feature, values("loom"))' -C metadata=8822b2ebf0ba9a06 -C extra-filename=-f1ff4e1424012ffd --out-dir /home/lewis/src/ad-law-scrape/athletic-rust-pipeline/target/debug/deps -C incremental=/home/lewis/src/ad-law-scrape/athletic-rust-pipeline/target/debug/incremental -L dependency=/home/lewis/src/ad-law-scrape/athletic-rust-pipeline/target/debug/deps --extern anyhow=/home/lewis/src/ad-law-scrape/athletic-rust-pipeline/target/debug/deps/libanyhow-2889f2bfb7da9aa2.rlib --extern athleticnet_browser=/home/lewis/src/ad-law-scrape/athletic-rust-pipeline/target/debug/deps/libathleticnet_browser-bda8f2721813b351.rlib --extern calamine=/home/lewis/src/ad-law-scrape/athletic-rust-pipeline/target/debug/deps/libcalamine-1e43699899949caa.rlib --extern census_crawl=/home/lewis/src/ad-law-scrape/athletic-rust-pipeline/target/debug/deps/libcensus_crawl-2db6656636bfbe35.rlib --extern census_domain=/home/lewis/src/ad-law-scrape/athletic-rust-pipeline/target/debug/deps/libcensus_domain-b50239c3a21a213d.rlib --extern census_reconcile=/home/lewis/src/ad-law-scrape/athletic-rust-pipeline/target/debug/deps/libcensus_reconcile-9016cd207d19f056.rlib --extern census_report=/home/lewis/src/ad-law-scrape/athletic-rust-pipeline/target/debug/deps/libcensus_report-f00748804e3574f7.rlib --extern census_review=/home/lewis/src/ad-law-scrape/athletic-rust-pipeline/target/debug/deps/libcensus_review-e8047dadcfe2e798.rlib --extern census_service=/home/lewis/src/ad-law-scrape/athletic-rust-pipeline/target/debug/deps/libcensus_service-a2c832ed4f4a7b74.rlib --extern census_store=/home/lewis/src/ad-law-scrape/athletic-rust-pipeline/target/debug/deps/libcensus_store-4b3ab36e5e10e2d6.rlib --extern chrono=/home/lewis/src/ad-law-scrape/athletic-rust-pipeline/target/debug/deps/libchrono-3cfdd5a6cfad533c.rlib --extern clap=/home/lewis/src/ad-law-scrape/athletic-rust-pipeline/target/debug/deps/libclap-15fb2c4871ae48dc.rlib --extern criterion=/home/lewis/src/ad-law-scrape/athletic-rust-pipeline/target/debug/deps/libcriterion-76b120103f8671f9.rlib --extern csv=/home/lewis/src/ad-law-scrape/athletic-rust-pipeline/target/debug/deps/libcsv-17bdf72ebda1dc06.rlib --extern fjall=/home/lewis/src/ad-law-scrape/athletic-rust-pipeline/target/debug/deps/libfjall-9c34df85f83c860b.rlib --extern futures=/home/lewis/src/ad-law-scrape/athletic-rust-pipeline/target/debug/deps/libfutures-e201c81fd8cd99ce.rlib --extern loom=/home/lewis/src/ad-law-scrape/athletic-rust-pipeline/target/debug/deps/libloom-77973b48c26c59ea.rlib --extern proptest=/home/lewis/src/ad-law-scrape/athletic-rust-pipeline/target/debug/deps/libproptest-b467e86f02d360a5.rlib --extern regex=/home/lewis/src/ad-law-scrape/athletic-rust-pipeline/target/debug/deps/libregex-9df6b0e5286f169d.rlib --extern reqwest=/home/lewis/src/ad-law-scrape/athletic-rust-pipeline/target/debug/deps/libreqwest-fdc91a4de5a1c963.rlib --extern restate_sdk=/home/lewis/src/ad-law-scrape/athletic-rust-pipeline/target/debug/deps/librestate_sdk-b8e1324a257ad713.rlib --extern serde=/home/lewis/src/ad-law-scrape/athletic-rust-pipeline/target/debug/deps/libserde-986bafa530b5bae4.rlib --extern serde_json=/home/lewis/src/ad-law-scrape/athletic-rust-pipeline/target/debug/deps/libserde_json-089accd2b59d2a69.rlib --extern sha2=/home/lewis/src/ad-law-scrape/athletic-rust-pipeline/target/debug/deps/libsha2-9bff55c82a06cc2d.rlib --extern tempfile=/home/lewis/src/ad-law-scrape/athletic-rust-pipeline/target/debug/deps/libtempfile-a4df9dd1458cfb0b.rlib --extern thiserror=/home/lewis/src/ad-law-scrape/athletic-rust-pipeline/target/debug/deps/libthiserror-1bc0d12be9ec7558.rlib --extern tokio=/home/lewis/src/ad-law-scrape/athletic-rust-pipeline/target/debug/deps/libtokio-176180b45f60ab71.rlib --extern tracing=/home/lewis/src/ad-law-scrape/athletic-rust-pipeline/target/debug/deps/libtracing-71dadc955179d0b7.rlib --extern tracing_subscriber=/home/lewis/src/ad-law-scrape/athletic-rust-pipeline/target/debug/deps/libtracing_subscriber-9c895a655669e740.rlib --extern url=/home/lewis/src/ad-law-scrape/athletic-rust-pipeline/target/debug/deps/liburl-0f547cf413905183.rlib -L native=/home/lewis/src/ad-law-scrape/athletic-rust-pipeline/target/debug/build/aws-lc-sys-fe6f7cfce21015b1/out -L native=/home/lewis/src/ad-law-scrape/athletic-rust-pipeline/target/debug/build/alloca-6f4ce09a0d12da82/out`
     Running `sccache /home/lewis/.rustup/toolchains/nightly-2026-04-27-x86_64-unknown-linux-gnu/bin/rustc --crate-name milesplit_parser_properties --edition=2021 crates/census-service/tests/milesplit_parser_properties.rs --error-format=json --json=diagnostic-rendered-ansi,artifacts,future-incompat --emit=dep-info,link -C embed-bitcode=no -C debuginfo=2 --deny=unused_must_use --forbid=unsafe_code '--deny=clippy::unimplemented' --warn=unexpected_cfgs '--deny=clippy::todo' '--deny=clippy::panic_in_result_fn' '--deny=clippy::dbg_macro' --check-cfg 'cfg(kani)' --check-cfg 'cfg(tokio_unstable)' --test --check-cfg 'cfg(docsrs,test)' --check-cfg 'cfg(feature, values("loom"))' -C metadata=14ffb26e74255dd3 -C extra-filename=-689163a1095f36dc --out-dir /home/lewis/src/ad-law-scrape/athletic-rust-pipeline/target/debug/deps -C incremental=/home/lewis/src/ad-law-scrape/athletic-rust-pipeline/target/debug/incremental -L dependency=/home/lewis/src/ad-law-scrape/athletic-rust-pipeline/target/debug/deps --extern anyhow=/home/lewis/src/ad-law-scrape/athletic-rust-pipeline/target/debug/deps/libanyhow-2889f2bfb7da9aa2.rlib --extern athleticnet_browser=/home/lewis/src/ad-law-scrape/athletic-rust-pipeline/target/debug/deps/libathleticnet_browser-bda8f2721813b351.rlib --extern calamine=/home/lewis/src/ad-law-scrape/athletic-rust-pipeline/target/debug/deps/libcalamine-1e43699899949caa.rlib --extern census_crawl=/home/lewis/src/ad-law-scrape/athletic-rust-pipeline/target/debug/deps/libcensus_crawl-2db6656636bfbe35.rlib --extern census_domain=/home/lewis/src/ad-law-scrape/athletic-rust-pipeline/target/debug/deps/libcensus_domain-b50239c3a21a213d.rlib --extern census_reconcile=/home/lewis/src/ad-law-scrape/athletic-rust-pipeline/target/debug/deps/libcensus_reconcile-9016cd207d19f056.rlib --extern census_report=/home/lewis/src/ad-law-scrape/athletic-rust-pipeline/target/debug/deps/libcensus_report-f00748804e3574f7.rlib --extern census_review=/home/lewis/src/ad-law-scrape/athletic-rust-pipeline/target/debug/deps/libcensus_review-e8047dadcfe2e798.rlib --extern census_service=/home/lewis/src/ad-law-scrape/athletic-rust-pipeline/target/debug/deps/libcensus_service-a2c832ed4f4a7b74.rlib --extern census_store=/home/lewis/src/ad-law-scrape/athletic-rust-pipeline/target/debug/deps/libcensus_store-4b3ab36e5e10e2d6.rlib --extern chrono=/home/lewis/src/ad-law-scrape/athletic-rust-pipeline/target/debug/deps/libchrono-3cfdd5a6cfad533c.rlib --extern clap=/home/lewis/src/ad-law-scrape/athletic-rust-pipeline/target/debug/deps/libclap-15fb2c4871ae48dc.rlib --extern criterion=/home/lewis/src/ad-law-scrape/athletic-rust-pipeline/target/debug/deps/libcriterion-76b120103f8671f9.rlib --extern csv=/home/lewis/src/ad-law-scrape/athletic-rust-pipeline/target/debug/deps/libcsv-17bdf72ebda1dc06.rlib --extern fjall=/home/lewis/src/ad-law-scrape/athletic-rust-pipeline/target/debug/deps/libfjall-9c34df85f83c860b.rlib --extern futures=/home/lewis/src/ad-law-scrape/athletic-rust-pipeline/target/debug/deps/libfutures-e201c81fd8cd99ce.rlib --extern loom=/home/lewis/src/ad-law-scrape/athletic-rust-pipeline/target/debug/deps/libloom-77973b48c26c59ea.rlib --extern proptest=/home/lewis/src/ad-law-scrape/athletic-rust-pipeline/target/debug/deps/libproptest-b467e86f02d360a5.rlib --extern regex=/home/lewis/src/ad-law-scrape/athletic-rust-pipeline/target/debug/deps/libregex-9df6b0e5286f169d.rlib --extern reqwest=/home/lewis/src/ad-law-scrape/athletic-rust-pipeline/target/debug/deps/libreqwest-fdc91a4de5a1c963.rlib --extern restate_sdk=/home/lewis/src/ad-law-scrape/athletic-rust-pipeline/target/debug/deps/librestate_sdk-b8e1324a257ad713.rlib --extern serde=/home/lewis/src/ad-law-scrape/athletic-rust-pipeline/target/debug/deps/libserde-986bafa530b5bae4.rlib --extern serde_json=/home/lewis/src/ad-law-scrape/athletic-rust-pipeline/target/debug/deps/libserde_json-089accd2b59d2a69.rlib --extern sha2=/home/lewis/src/ad-law-scrape/athletic-rust-pipeline/target/debug/deps/libsha2-9bff55c82a06cc2d.rlib --extern tempfile=/home/lewis/src/ad-law-scrape/athletic-rust-pipeline/target/debug/deps/libtempfile-a4df9dd1458cfb0b.rlib --extern thiserror=/home/lewis/src/ad-law-scrape/athletic-rust-pipeline/target/debug/deps/libthiserror-1bc0d12be9ec7558.rlib --extern tokio=/home/lewis/src/ad-law-scrape/athletic-rust-pipeline/target/debug/deps/libtokio-176180b45f60ab71.rlib --extern tracing=/home/lewis/src/ad-law-scrape/athletic-rust-pipeline/target/debug/deps/libtracing-71dadc955179d0b7.rlib --extern tracing_subscriber=/home/lewis/src/ad-law-scrape/athletic-rust-pipeline/target/debug/deps/libtracing_subscriber-9c895a655669e740.rlib --extern url=/home/lewis/src/ad-law-scrape/athletic-rust-pipeline/target/debug/deps/liburl-0f547cf413905183.rlib -L native=/home/lewis/src/ad-law-scrape/athletic-rust-pipeline/target/debug/build/aws-lc-sys-fe6f7cfce21015b1/out -L native=/home/lewis/src/ad-law-scrape/athletic-rust-pipeline/target/debug/build/alloca-6f4ce09a0d12da82/out`
     Running `sccache /home/lewis/.rustup/toolchains/nightly-2026-04-27-x86_64-unknown-linux-gnu/bin/rustc --crate-name state_ed_directory_properties --edition=2021 crates/census-service/tests/state_ed_directory_properties.rs --error-format=json --json=diagnostic-rendered-ansi,artifacts,future-incompat --emit=dep-info,link -C embed-bitcode=no -C debuginfo=2 --deny=unused_must_use --forbid=unsafe_code '--deny=clippy::unimplemented' --warn=unexpected_cfgs '--deny=clippy::todo' '--deny=clippy::panic_in_result_fn' '--deny=clippy::dbg_macro' --check-cfg 'cfg(kani)' --check-cfg 'cfg(tokio_unstable)' --test --check-cfg 'cfg(docsrs,test)' --check-cfg 'cfg(feature, values("loom"))' -C metadata=3b78d746fd85eb6a -C extra-filename=-640960d05889df4d --out-dir /home/lewis/src/ad-law-scrape/athletic-rust-pipeline/target/debug/deps -C incremental=/home/lewis/src/ad-law-scrape/athletic-rust-pipeline/target/debug/incremental -L dependency=/home/lewis/src/ad-law-scrape/athletic-rust-pipeline/target/debug/deps --extern anyhow=/home/lewis/src/ad-law-scrape/athletic-rust-pipeline/target/debug/deps/libanyhow-2889f2bfb7da9aa2.rlib --extern athleticnet_browser=/home/lewis/src/ad-law-scrape/athletic-rust-pipeline/target/debug/deps/libathleticnet_browser-bda8f2721813b351.rlib --extern calamine=/home/lewis/src/ad-law-scrape/athletic-rust-pipeline/target/debug/deps/libcalamine-1e43699899949caa.rlib --extern census_crawl=/home/lewis/src/ad-law-scrape/athletic-rust-pipeline/target/debug/deps/libcensus_crawl-2db6656636bfbe35.rlib --extern census_domain=/home/lewis/src/ad-law-scrape/athletic-rust-pipeline/target/debug/deps/libcensus_domain-b50239c3a21a213d.rlib --extern census_reconcile=/home/lewis/src/ad-law-scrape/athletic-rust-pipeline/target/debug/deps/libcensus_reconcile-9016cd207d19f056.rlib --extern census_report=/home/lewis/src/ad-law-scrape/athletic-rust-pipeline/target/debug/deps/libcensus_report-f00748804e3574f7.rlib --extern census_review=/home/lewis/src/ad-law-scrape/athletic-rust-pipeline/target/debug/deps/libcensus_review-e8047dadcfe2e798.rlib --extern census_service=/home/lewis/src/ad-law-scrape/athletic-rust-pipeline/target/debug/deps/libcensus_service-a2c832ed4f4a7b74.rlib --extern census_store=/home/lewis/src/ad-law-scrape/athletic-rust-pipeline/target/debug/deps/libcensus_store-4b3ab36e5e10e2d6.rlib --extern chrono=/home/lewis/src/ad-law-scrape/athletic-rust-pipeline/target/debug/deps/libchrono-3cfdd5a6cfad533c.rlib --extern clap=/home/lewis/src/ad-law-scrape/athletic-rust-pipeline/target/debug/deps/libclap-15fb2c4871ae48dc.rlib --extern criterion=/home/lewis/src/ad-law-scrape/athletic-rust-pipeline/target/debug/deps/libcriterion-76b120103f8671f9.rlib --extern csv=/home/lewis/src/ad-law-scrape/athletic-rust-pipeline/target/debug/deps/libcsv-17bdf72ebda1dc06.rlib --extern fjall=/home/lewis/src/ad-law-scrape/athletic-rust-pipeline/target/debug/deps/libfjall-9c34df85f83c860b.rlib --extern futures=/home/lewis/src/ad-law-scrape/athletic-rust-pipeline/target/debug/deps/libfutures-e201c81fd8cd99ce.rlib --extern loom=/home/lewis/src/ad-law-scrape/athletic-rust-pipeline/target/debug/deps/libloom-77973b48c26c59ea.rlib --extern proptest=/home/lewis/src/ad-law-scrape/athletic-rust-pipeline/target/debug/deps/libproptest-b467e86f02d360a5.rlib --extern regex=/home/lewis/src/ad-law-scrape/athletic-rust-pipeline/target/debug/deps/libregex-9df6b0e5286f169d.rlib --extern reqwest=/home/lewis/src/ad-law-scrape/athletic-rust-pipeline/target/debug/deps/libreqwest-fdc91a4de5a1c963.rlib --extern restate_sdk=/home/lewis/src/ad-law-scrape/athletic-rust-pipeline/target/debug/deps/librestate_sdk-b8e1324a257ad713.rlib --extern serde=/home/lewis/src/ad-law-scrape/athletic-rust-pipeline/target/debug/deps/libserde-986bafa530b5bae4.rlib --extern serde_json=/home/lewis/src/ad-law-scrape/athletic-rust-pipeline/target/debug/deps/libserde_json-089accd2b59d2a69.rlib --extern sha2=/home/lewis/src/ad-law-scrape/athletic-rust-pipeline/target/debug/deps/libsha2-9bff55c82a06cc2d.rlib --extern tempfile=/home/lewis/src/ad-law-scrape/athletic-rust-pipeline/target/debug/deps/libtempfile-a4df9dd1458cfb0b.rlib --extern thiserror=/home/lewis/src/ad-law-scrape/athletic-rust-pipeline/target/debug/deps/libthiserror-1bc0d12be9ec7558.rlib --extern tokio=/home/lewis/src/ad-law-scrape/athletic-rust-pipeline/target/debug/deps/libtokio-176180b45f60ab71.rlib --extern tracing=/home/lewis/src/ad-law-scrape/athletic-rust-pipeline/target/debug/deps/libtracing-71dadc955179d0b7.rlib --extern tracing_subscriber=/home/lewis/src/ad-law-scrape/athletic-rust-pipeline/target/debug/deps/libtracing_subscriber-9c895a655669e740.rlib --extern url=/home/lewis/src/ad-law-scrape/athletic-rust-pipeline/target/debug/deps/liburl-0f547cf413905183.rlib -L native=/home/lewis/src/ad-law-scrape/athletic-rust-pipeline/target/debug/build/aws-lc-sys-fe6f7cfce21015b1/out -L native=/home/lewis/src/ad-law-scrape/athletic-rust-pipeline/target/debug/build/alloca-6f4ce09a0d12da82/out`
     Running `sccache /home/lewis/.rustup/toolchains/nightly-2026-04-27-x86_64-unknown-linux-gnu/bin/rustc --crate-name backup_restore --edition=2021 crates/census-service/tests/backup_restore.rs --error-format=json --json=diagnostic-rendered-ansi,artifacts,future-incompat --emit=dep-info,link -C embed-bitcode=no -C debuginfo=2 --deny=unused_must_use --forbid=unsafe_code '--deny=clippy::unimplemented' --warn=unexpected_cfgs '--deny=clippy::todo' '--deny=clippy::panic_in_result_fn' '--deny=clippy::dbg_macro' --check-cfg 'cfg(kani)' --check-cfg 'cfg(tokio_unstable)' --test --check-cfg 'cfg(docsrs,test)' --check-cfg 'cfg(feature, values("loom"))' -C metadata=1c0010d352278f36 -C extra-filename=-1a1013ea04c5aeb9 --out-dir /home/lewis/src/ad-law-scrape/athletic-rust-pipeline/target/debug/deps -C incremental=/home/lewis/src/ad-law-scrape/athletic-rust-pipeline/target/debug/incremental -L dependency=/home/lewis/src/ad-law-scrape/athletic-rust-pipeline/target/debug/deps --extern anyhow=/home/lewis/src/ad-law-scrape/athletic-rust-pipeline/target/debug/deps/libanyhow-2889f2bfb7da9aa2.rlib --extern athleticnet_browser=/home/lewis/src/ad-law-scrape/athletic-rust-pipeline/target/debug/deps/libathleticnet_browser-bda8f2721813b351.rlib --extern calamine=/home/lewis/src/ad-law-scrape/athletic-rust-pipeline/target/debug/deps/libcalamine-1e43699899949caa.rlib --extern census_crawl=/home/lewis/src/ad-law-scrape/athletic-rust-pipeline/target/debug/deps/libcensus_crawl-2db6656636bfbe35.rlib --extern census_domain=/home/lewis/src/ad-law-scrape/athletic-rust-pipeline/target/debug/deps/libcensus_domain-b50239c3a21a213d.rlib --extern census_reconcile=/home/lewis/src/ad-law-scrape/athletic-rust-pipeline/target/debug/deps/libcensus_reconcile-9016cd207d19f056.rlib --extern census_report=/home/lewis/src/ad-law-scrape/athletic-rust-pipeline/target/debug/deps/libcensus_report-f00748804e3574f7.rlib --extern census_review=/home/lewis/src/ad-law-scrape/athletic-rust-pipeline/target/debug/deps/libcensus_review-e8047dadcfe2e798.rlib --extern census_service=/home/lewis/src/ad-law-scrape/athletic-rust-pipeline/target/debug/deps/libcensus_service-a2c832ed4f4a7b74.rlib --extern census_store=/home/lewis/src/ad-law-scrape/athletic-rust-pipeline/target/debug/deps/libcensus_store-4b3ab36e5e10e2d6.rlib --extern chrono=/home/lewis/src/ad-law-scrape/athletic-rust-pipeline/target/debug/deps/libchrono-3cfdd5a6cfad533c.rlib --extern clap=/home/lewis/src/ad-law-scrape/athletic-rust-pipeline/target/debug/deps/libclap-15fb2c4871ae48dc.rlib --extern criterion=/home/lewis/src/ad-law-scrape/athletic-rust-pipeline/target/debug/deps/libcriterion-76b120103f8671f9.rlib --extern csv=/home/lewis/src/ad-law-scrape/athletic-rust-pipeline/target/debug/deps/libcsv-17bdf72ebda1dc06.rlib --extern fjall=/home/lewis/src/ad-law-scrape/athletic-rust-pipeline/target/debug/deps/libfjall-9c34df85f83c860b.rlib --extern futures=/home/lewis/src/ad-law-scrape/athletic-rust-pipeline/target/debug/deps/libfutures-e201c81fd8cd99ce.rlib --extern loom=/home/lewis/src/ad-law-scrape/athletic-rust-pipeline/target/debug/deps/libloom-77973b48c26c59ea.rlib --extern proptest=/home/lewis/src/ad-law-scrape/athletic-rust-pipeline/target/debug/deps/libproptest-b467e86f02d360a5.rlib --extern regex=/home/lewis/src/ad-law-scrape/athletic-rust-pipeline/target/debug/deps/libregex-9df6b0e5286f169d.rlib --extern reqwest=/home/lewis/src/ad-law-scrape/athletic-rust-pipeline/target/debug/deps/libreqwest-fdc91a4de5a1c963.rlib --extern restate_sdk=/home/lewis/src/ad-law-scrape/athletic-rust-pipeline/target/debug/deps/librestate_sdk-b8e1324a257ad713.rlib --extern serde=/home/lewis/src/ad-law-scrape/athletic-rust-pipeline/target/debug/deps/libserde-986bafa530b5bae4.rlib --extern serde_json=/home/lewis/src/ad-law-scrape/athletic-rust-pipeline/target/debug/deps/libserde_json-089accd2b59d2a69.rlib --extern sha2=/home/lewis/src/ad-law-scrape/athletic-rust-pipeline/target/debug/deps/libsha2-9bff55c82a06cc2d.rlib --extern tempfile=/home/lewis/src/ad-law-scrape/athletic-rust-pipeline/target/debug/deps/libtempfile-a4df9dd1458cfb0b.rlib --extern thiserror=/home/lewis/src/ad-law-scrape/athletic-rust-pipeline/target/debug/deps/libthiserror-1bc0d12be9ec7558.rlib --extern tokio=/home/lewis/src/ad-law-scrape/athletic-rust-pipeline/target/debug/deps/libtokio-176180b45f60ab71.rlib --extern tracing=/home/lewis/src/ad-law-scrape/athletic-rust-pipeline/target/debug/deps/libtracing-71dadc955179d0b7.rlib --extern tracing_subscriber=/home/lewis/src/ad-law-scrape/athletic-rust-pipeline/target/debug/deps/libtracing_subscriber-9c895a655669e740.rlib --extern url=/home/lewis/src/ad-law-scrape/athletic-rust-pipeline/target/debug/deps/liburl-0f547cf413905183.rlib -L native=/home/lewis/src/ad-law-scrape/athletic-rust-pipeline/target/debug/build/aws-lc-sys-fe6f7cfce21015b1/out -L native=/home/lewis/src/ad-law-scrape/athletic-rust-pipeline/target/debug/build/alloca-6f4ce09a0d12da82/out`
     Running `sccache /home/lewis/.rustup/toolchains/nightly-2026-04-27-x86_64-unknown-linux-gnu/bin/rustc --crate-name mshsl_directory_properties --edition=2021 crates/census-service/tests/mshsl_directory_properties.rs --error-format=json --json=diagnostic-rendered-ansi,artifacts,future-incompat --emit=dep-info,link -C embed-bitcode=no -C debuginfo=2 --deny=unused_must_use --forbid=unsafe_code '--deny=clippy::unimplemented' --warn=unexpected_cfgs '--deny=clippy::todo' '--deny=clippy::panic_in_result_fn' '--deny=clippy::dbg_macro' --check-cfg 'cfg(kani)' --check-cfg 'cfg(tokio_unstable)' --test --check-cfg 'cfg(docsrs,test)' --check-cfg 'cfg(feature, values("loom"))' -C metadata=c805ba5c8875d0cf -C extra-filename=-19de57714682f9ca --out-dir /home/lewis/src/ad-law-scrape/athletic-rust-pipeline/target/debug/deps -C incremental=/home/lewis/src/ad-law-scrape/athletic-rust-pipeline/target/debug/incremental -L dependency=/home/lewis/src/ad-law-scrape/athletic-rust-pipeline/target/debug/deps --extern anyhow=/home/lewis/src/ad-law-scrape/athletic-rust-pipeline/target/debug/deps/libanyhow-2889f2bfb7da9aa2.rlib --extern athleticnet_browser=/home/lewis/src/ad-law-scrape/athletic-rust-pipeline/target/debug/deps/libathleticnet_browser-bda8f2721813b351.rlib --extern calamine=/home/lewis/src/ad-law-scrape/athletic-rust-pipeline/target/debug/deps/libcalamine-1e43699899949caa.rlib --extern census_crawl=/home/lewis/src/ad-law-scrape/athletic-rust-pipeline/target/debug/deps/libcensus_crawl-2db6656636bfbe35.rlib --extern census_domain=/home/lewis/src/ad-law-scrape/athletic-rust-pipeline/target/debug/deps/libcensus_domain-b50239c3a21a213d.rlib --extern census_reconcile=/home/lewis/src/ad-law-scrape/athletic-rust-pipeline/target/debug/deps/libcensus_reconcile-9016cd207d19f056.rlib --extern census_report=/home/lewis/src/ad-law-scrape/athletic-rust-pipeline/target/debug/deps/libcensus_report-f00748804e3574f7.rlib --extern census_review=/home/lewis/src/ad-law-scrape/athletic-rust-pipeline/target/debug/deps/libcensus_review-e8047dadcfe2e798.rlib --extern census_service=/home/lewis/src/ad-law-scrape/athletic-rust-pipeline/target/debug/deps/libcensus_service-a2c832ed4f4a7b74.rlib --extern census_store=/home/lewis/src/ad-law-scrape/athletic-rust-pipeline/target/debug/deps/libcensus_store-4b3ab36e5e10e2d6.rlib --extern chrono=/home/lewis/src/ad-law-scrape/athletic-rust-pipeline/target/debug/deps/libchrono-3cfdd5a6cfad533c.rlib --extern clap=/home/lewis/src/ad-law-scrape/athletic-rust-pipeline/target/debug/deps/libclap-15fb2c4871ae48dc.rlib --extern criterion=/home/lewis/src/ad-law-scrape/athletic-rust-pipeline/target/debug/deps/libcriterion-76b120103f8671f9.rlib --extern csv=/home/lewis/src/ad-law-scrape/athletic-rust-pipeline/target/debug/deps/libcsv-17bdf72ebda1dc06.rlib --extern fjall=/home/lewis/src/ad-law-scrape/athletic-rust-pipeline/target/debug/deps/libfjall-9c34df85f83c860b.rlib --extern futures=/home/lewis/src/ad-law-scrape/athletic-rust-pipeline/target/debug/deps/libfutures-e201c81fd8cd99ce.rlib --extern loom=/home/lewis/src/ad-law-scrape/athletic-rust-pipeline/target/debug/deps/libloom-77973b48c26c59ea.rlib --extern proptest=/home/lewis/src/ad-law-scrape/athletic-rust-pipeline/target/debug/deps/libproptest-b467e86f02d360a5.rlib --extern regex=/home/lewis/src/ad-law-scrape/athletic-rust-pipeline/target/debug/deps/libregex-9df6b0e5286f169d.rlib --extern reqwest=/home/lewis/src/ad-law-scrape/athletic-rust-pipeline/target/debug/deps/libreqwest-fdc91a4de5a1c963.rlib --extern restate_sdk=/home/lewis/src/ad-law-scrape/athletic-rust-pipeline/target/debug/deps/librestate_sdk-b8e1324a257ad713.rlib --extern serde=/home/lewis/src/ad-law-scrape/athletic-rust-pipeline/target/debug/deps/libserde-986bafa530b5bae4.rlib --extern serde_json=/home/lewis/src/ad-law-scrape/athletic-rust-pipeline/target/debug/deps/libserde_json-089accd2b59d2a69.rlib --extern sha2=/home/lewis/src/ad-law-scrape/athletic-rust-pipeline/target/debug/deps/libsha2-9bff55c82a06cc2d.rlib --extern tempfile=/home/lewis/src/ad-law-scrape/athletic-rust-pipeline/target/debug/deps/libtempfile-a4df9dd1458cfb0b.rlib --extern thiserror=/home/lewis/src/ad-law-scrape/athletic-rust-pipeline/target/debug/deps/libthiserror-1bc0d12be9ec7558.rlib --extern tokio=/home/lewis/src/ad-law-scrape/athletic-rust-pipeline/target/debug/deps/libtokio-176180b45f60ab71.rlib --extern tracing=/home/lewis/src/ad-law-scrape/athletic-rust-pipeline/target/debug/deps/libtracing-71dadc955179d0b7.rlib --extern tracing_subscriber=/home/lewis/src/ad-law-scrape/athletic-rust-pipeline/target/debug/deps/libtracing_subscriber-9c895a655669e740.rlib --extern url=/home/lewis/src/ad-law-scrape/athletic-rust-pipeline/target/debug/deps/liburl-0f547cf413905183.rlib -L native=/home/lewis/src/ad-law-scrape/athletic-rust-pipeline/target/debug/build/aws-lc-sys-fe6f7cfce21015b1/out -L native=/home/lewis/src/ad-law-scrape/athletic-rust-pipeline/target/debug/build/alloca-6f4ce09a0d12da82/out`
     Running `sccache /home/lewis/.rustup/toolchains/nightly-2026-04-27-x86_64-unknown-linux-gnu/bin/rustc --crate-name tssaa_directory_properties --edition=2021 crates/census-service/tests/tssaa_directory_properties.rs --error-format=json --json=diagnostic-rendered-ansi,artifacts,future-incompat --emit=dep-info,link -C embed-bitcode=no -C debuginfo=2 --deny=unused_must_use --forbid=unsafe_code '--deny=clippy::unimplemented' --warn=unexpected_cfgs '--deny=clippy::todo' '--deny=clippy::panic_in_result_fn' '--deny=clippy::dbg_macro' --check-cfg 'cfg(kani)' --check-cfg 'cfg(tokio_unstable)' --test --check-cfg 'cfg(docsrs,test)' --check-cfg 'cfg(feature, values("loom"))' -C metadata=c0f7ae826b77627c -C extra-filename=-db8589a3392e599f --out-dir /home/lewis/src/ad-law-scrape/athletic-rust-pipeline/target/debug/deps -C incremental=/home/lewis/src/ad-law-scrape/athletic-rust-pipeline/target/debug/incremental -L dependency=/home/lewis/src/ad-law-scrape/athletic-rust-pipeline/target/debug/deps --extern anyhow=/home/lewis/src/ad-law-scrape/athletic-rust-pipeline/target/debug/deps/libanyhow-2889f2bfb7da9aa2.rlib --extern athleticnet_browser=/home/lewis/src/ad-law-scrape/athletic-rust-pipeline/target/debug/deps/libathleticnet_browser-bda8f2721813b351.rlib --extern calamine=/home/lewis/src/ad-law-scrape/athletic-rust-pipeline/target/debug/deps/libcalamine-1e43699899949caa.rlib --extern census_crawl=/home/lewis/src/ad-law-scrape/athletic-rust-pipeline/target/debug/deps/libcensus_crawl-2db6656636bfbe35.rlib --extern census_domain=/home/lewis/src/ad-law-scrape/athletic-rust-pipeline/target/debug/deps/libcensus_domain-b50239c3a21a213d.rlib --extern census_reconcile=/home/lewis/src/ad-law-scrape/athletic-rust-pipeline/target/debug/deps/libcensus_reconcile-9016cd207d19f056.rlib --extern census_report=/home/lewis/src/ad-law-scrape/athletic-rust-pipeline/target/debug/deps/libcensus_report-f00748804e3574f7.rlib --extern census_review=/home/lewis/src/ad-law-scrape/athletic-rust-pipeline/target/debug/deps/libcensus_review-e8047dadcfe2e798.rlib --extern census_service=/home/lewis/src/ad-law-scrape/athletic-rust-pipeline/target/debug/deps/libcensus_service-a2c832ed4f4a7b74.rlib --extern census_store=/home/lewis/src/ad-law-scrape/athletic-rust-pipeline/target/debug/deps/libcensus_store-4b3ab36e5e10e2d6.rlib --extern chrono=/home/lewis/src/ad-law-scrape/athletic-rust-pipeline/target/debug/deps/libchrono-3cfdd5a6cfad533c.rlib --extern clap=/home/lewis/src/ad-law-scrape/athletic-rust-pipeline/target/debug/deps/libclap-15fb2c4871ae48dc.rlib --extern criterion=/home/lewis/src/ad-law-scrape/athletic-rust-pipeline/target/debug/deps/libcriterion-76b120103f8671f9.rlib --extern csv=/home/lewis/src/ad-law-scrape/athletic-rust-pipeline/target/debug/deps/libcsv-17bdf72ebda1dc06.rlib --extern fjall=/home/lewis/src/ad-law-scrape/athletic-rust-pipeline/target/debug/deps/libfjall-9c34df85f83c860b.rlib --extern futures=/home/lewis/src/ad-law-scrape/athletic-rust-pipeline/target/debug/deps/libfutures-e201c81fd8cd99ce.rlib --extern loom=/home/lewis/src/ad-law-scrape/athletic-rust-pipeline/target/debug/deps/libloom-77973b48c26c59ea.rlib --extern proptest=/home/lewis/src/ad-law-scrape/athletic-rust-pipeline/target/debug/deps/libproptest-b467e86f02d360a5.rlib --extern regex=/home/lewis/src/ad-law-scrape/athletic-rust-pipeline/target/debug/deps/libregex-9df6b0e5286f169d.rlib --extern reqwest=/home/lewis/src/ad-law-scrape/athletic-rust-pipeline/target/debug/deps/libreqwest-fdc91a4de5a1c963.rlib --extern restate_sdk=/home/lewis/src/ad-law-scrape/athletic-rust-pipeline/target/debug/deps/librestate_sdk-b8e1324a257ad713.rlib --extern serde=/home/lewis/src/ad-law-scrape/athletic-rust-pipeline/target/debug/deps/libserde-986bafa530b5bae4.rlib --extern serde_json=/home/lewis/src/ad-law-scrape/athletic-rust-pipeline/target/debug/deps/libserde_json-089accd2b59d2a69.rlib --extern sha2=/home/lewis/src/ad-law-scrape/athletic-rust-pipeline/target/debug/deps/libsha2-9bff55c82a06cc2d.rlib --extern tempfile=/home/lewis/src/ad-law-scrape/athletic-rust-pipeline/target/debug/deps/libtempfile-a4df9dd1458cfb0b.rlib --extern thiserror=/home/lewis/src/ad-law-scrape/athletic-rust-pipeline/target/debug/deps/libthiserror-1bc0d12be9ec7558.rlib --extern tokio=/home/lewis/src/ad-law-scrape/athletic-rust-pipeline/target/debug/deps/libtokio-176180b45f60ab71.rlib --extern tracing=/home/lewis/src/ad-law-scrape/athletic-rust-pipeline/target/debug/deps/libtracing-71dadc955179d0b7.rlib --extern tracing_subscriber=/home/lewis/src/ad-law-scrape/athletic-rust-pipeline/target/debug/deps/libtracing_subscriber-9c895a655669e740.rlib --extern url=/home/lewis/src/ad-law-scrape/athletic-rust-pipeline/target/debug/deps/liburl-0f547cf413905183.rlib -L native=/home/lewis/src/ad-law-scrape/athletic-rust-pipeline/target/debug/build/aws-lc-sys-fe6f7cfce21015b1/out -L native=/home/lewis/src/ad-law-scrape/athletic-rust-pipeline/target/debug/build/alloca-6f4ce09a0d12da82/out`
     Running `sccache /home/lewis/.rustup/toolchains/nightly-2026-04-27-x86_64-unknown-linux-gnu/bin/rustc --crate-name census_service --edition=2021 crates/census-service/src/main.rs --error-format=json --json=diagnostic-rendered-ansi,artifacts,future-incompat --crate-type bin --emit=dep-info,link -C embed-bitcode=no -C debuginfo=2 --deny=unused_must_use --forbid=unsafe_code '--deny=clippy::unimplemented' --warn=unexpected_cfgs '--deny=clippy::todo' '--deny=clippy::panic_in_result_fn' '--deny=clippy::dbg_macro' --check-cfg 'cfg(kani)' --check-cfg 'cfg(tokio_unstable)' --check-cfg 'cfg(docsrs,test)' --check-cfg 'cfg(feature, values("loom"))' -C metadata=21cb2df001d6647a -C extra-filename=-c9bca16251af6da0 --out-dir /home/lewis/src/ad-law-scrape/athletic-rust-pipeline/target/debug/deps -C incremental=/home/lewis/src/ad-law-scrape/athletic-rust-pipeline/target/debug/incremental -L dependency=/home/lewis/src/ad-law-scrape/athletic-rust-pipeline/target/debug/deps --extern anyhow=/home/lewis/src/ad-law-scrape/athletic-rust-pipeline/target/debug/deps/libanyhow-2889f2bfb7da9aa2.rlib --extern athleticnet_browser=/home/lewis/src/ad-law-scrape/athletic-rust-pipeline/target/debug/deps/libathleticnet_browser-bda8f2721813b351.rlib --extern calamine=/home/lewis/src/ad-law-scrape/athletic-rust-pipeline/target/debug/deps/libcalamine-1e43699899949caa.rlib --extern census_crawl=/home/lewis/src/ad-law-scrape/athletic-rust-pipeline/target/debug/deps/libcensus_crawl-2db6656636bfbe35.rlib --extern census_domain=/home/lewis/src/ad-law-scrape/athletic-rust-pipeline/target/debug/deps/libcensus_domain-b50239c3a21a213d.rlib --extern census_reconcile=/home/lewis/src/ad-law-scrape/athletic-rust-pipeline/target/debug/deps/libcensus_reconcile-9016cd207d19f056.rlib --extern census_report=/home/lewis/src/ad-law-scrape/athletic-rust-pipeline/target/debug/deps/libcensus_report-f00748804e3574f7.rlib --extern census_review=/home/lewis/src/ad-law-scrape/athletic-rust-pipeline/target/debug/deps/libcensus_review-e8047dadcfe2e798.rlib --extern census_service=/home/lewis/src/ad-law-scrape/athletic-rust-pipeline/target/debug/deps/libcensus_service-a2c832ed4f4a7b74.rlib --extern census_store=/home/lewis/src/ad-law-scrape/athletic-rust-pipeline/target/debug/deps/libcensus_store-4b3ab36e5e10e2d6.rlib --extern chrono=/home/lewis/src/ad-law-scrape/athletic-rust-pipeline/target/debug/deps/libchrono-3cfdd5a6cfad533c.rlib --extern clap=/home/lewis/src/ad-law-scrape/athletic-rust-pipeline/target/debug/deps/libclap-15fb2c4871ae48dc.rlib --extern csv=/home/lewis/src/ad-law-scrape/athletic-rust-pipeline/target/debug/deps/libcsv-17bdf72ebda1dc06.rlib --extern futures=/home/lewis/src/ad-law-scrape/athletic-rust-pipeline/target/debug/deps/libfutures-e201c81fd8cd99ce.rlib --extern regex=/home/lewis/src/ad-law-scrape/athletic-rust-pipeline/target/debug/deps/libregex-9df6b0e5286f169d.rlib --extern reqwest=/home/lewis/src/ad-law-scrape/athletic-rust-pipeline/target/debug/deps/libreqwest-fdc91a4de5a1c963.rlib --extern restate_sdk=/home/lewis/src/ad-law-scrape/athletic-rust-pipeline/target/debug/deps/librestate_sdk-b8e1324a257ad713.rlib --extern serde=/home/lewis/src/ad-law-scrape/athletic-rust-pipeline/target/debug/deps/libserde-986bafa530b5bae4.rlib --extern serde_json=/home/lewis/src/ad-law-scrape/athletic-rust-pipeline/target/debug/deps/libserde_json-089accd2b59d2a69.rlib --extern sha2=/home/lewis/src/ad-law-scrape/athletic-rust-pipeline/target/debug/deps/libsha2-9bff55c82a06cc2d.rlib --extern thiserror=/home/lewis/src/ad-law-scrape/athletic-rust-pipeline/target/debug/deps/libthiserror-1bc0d12be9ec7558.rlib --extern tokio=/home/lewis/src/ad-law-scrape/athletic-rust-pipeline/target/debug/deps/libtokio-176180b45f60ab71.rlib --extern tracing=/home/lewis/src/ad-law-scrape/athletic-rust-pipeline/target/debug/deps/libtracing-71dadc955179d0b7.rlib --extern tracing_subscriber=/home/lewis/src/ad-law-scrape/athletic-rust-pipeline/target/debug/deps/libtracing_subscriber-9c895a655669e740.rlib --extern url=/home/lewis/src/ad-law-scrape/athletic-rust-pipeline/target/debug/deps/liburl-0f547cf413905183.rlib -L native=/home/lewis/src/ad-law-scrape/athletic-rust-pipeline/target/debug/build/aws-lc-sys-fe6f7cfce21015b1/out`
     Running `sccache /home/lewis/.rustup/toolchains/nightly-2026-04-27-x86_64-unknown-linux-gnu/bin/rustc --crate-name athleticnet_parser_properties --edition=2021 crates/census-service/tests/athleticnet_parser_properties.rs --error-format=json --json=diagnostic-rendered-ansi,artifacts,future-incompat --emit=dep-info,link -C embed-bitcode=no -C debuginfo=2 --deny=unused_must_use --forbid=unsafe_code '--deny=clippy::unimplemented' --warn=unexpected_cfgs '--deny=clippy::todo' '--deny=clippy::panic_in_result_fn' '--deny=clippy::dbg_macro' --check-cfg 'cfg(kani)' --check-cfg 'cfg(tokio_unstable)' --test --check-cfg 'cfg(docsrs,test)' --check-cfg 'cfg(feature, values("loom"))' -C metadata=f78a90733eeeafca -C extra-filename=-b0e0404eb4bf606c --out-dir /home/lewis/src/ad-law-scrape/athletic-rust-pipeline/target/debug/deps -C incremental=/home/lewis/src/ad-law-scrape/athletic-rust-pipeline/target/debug/incremental -L dependency=/home/lewis/src/ad-law-scrape/athletic-rust-pipeline/target/debug/deps --extern anyhow=/home/lewis/src/ad-law-scrape/athletic-rust-pipeline/target/debug/deps/libanyhow-2889f2bfb7da9aa2.rlib --extern athleticnet_browser=/home/lewis/src/ad-law-scrape/athletic-rust-pipeline/target/debug/deps/libathleticnet_browser-bda8f2721813b351.rlib --extern calamine=/home/lewis/src/ad-law-scrape/athletic-rust-pipeline/target/debug/deps/libcalamine-1e43699899949caa.rlib --extern census_crawl=/home/lewis/src/ad-law-scrape/athletic-rust-pipeline/target/debug/deps/libcensus_crawl-2db6656636bfbe35.rlib --extern census_domain=/home/lewis/src/ad-law-scrape/athletic-rust-pipeline/target/debug/deps/libcensus_domain-b50239c3a21a213d.rlib --extern census_reconcile=/home/lewis/src/ad-law-scrape/athletic-rust-pipeline/target/debug/deps/libcensus_reconcile-9016cd207d19f056.rlib --extern census_report=/home/lewis/src/ad-law-scrape/athletic-rust-pipeline/target/debug/deps/libcensus_report-f00748804e3574f7.rlib --extern census_review=/home/lewis/src/ad-law-scrape/athletic-rust-pipeline/target/debug/deps/libcensus_review-e8047dadcfe2e798.rlib --extern census_service=/home/lewis/src/ad-law-scrape/athletic-rust-pipeline/target/debug/deps/libcensus_service-a2c832ed4f4a7b74.rlib --extern census_store=/home/lewis/src/ad-law-scrape/athletic-rust-pipeline/target/debug/deps/libcensus_store-4b3ab36e5e10e2d6.rlib --extern chrono=/home/lewis/src/ad-law-scrape/athletic-rust-pipeline/target/debug/deps/libchrono-3cfdd5a6cfad533c.rlib --extern clap=/home/lewis/src/ad-law-scrape/athletic-rust-pipeline/target/debug/deps/libclap-15fb2c4871ae48dc.rlib --extern criterion=/home/lewis/src/ad-law-scrape/athletic-rust-pipeline/target/debug/deps/libcriterion-76b120103f8671f9.rlib --extern csv=/home/lewis/src/ad-law-scrape/athletic-rust-pipeline/target/debug/deps/libcsv-17bdf72ebda1dc06.rlib --extern fjall=/home/lewis/src/ad-law-scrape/athletic-rust-pipeline/target/debug/deps/libfjall-9c34df85f83c860b.rlib --extern futures=/home/lewis/src/ad-law-scrape/athletic-rust-pipeline/target/debug/deps/libfutures-e201c81fd8cd99ce.rlib --extern loom=/home/lewis/src/ad-law-scrape/athletic-rust-pipeline/target/debug/deps/libloom-77973b48c26c59ea.rlib --extern proptest=/home/lewis/src/ad-law-scrape/athletic-rust-pipeline/target/debug/deps/libproptest-b467e86f02d360a5.rlib --extern regex=/home/lewis/src/ad-law-scrape/athletic-rust-pipeline/target/debug/deps/libregex-9df6b0e5286f169d.rlib --extern reqwest=/home/lewis/src/ad-law-scrape/athletic-rust-pipeline/target/debug/deps/libreqwest-fdc91a4de5a1c963.rlib --extern restate_sdk=/home/lewis/src/ad-law-scrape/athletic-rust-pipeline/target/debug/deps/librestate_sdk-b8e1324a257ad713.rlib --extern serde=/home/lewis/src/ad-law-scrape/athletic-rust-pipeline/target/debug/deps/libserde-986bafa530b5bae4.rlib --extern serde_json=/home/lewis/src/ad-law-scrape/athletic-rust-pipeline/target/debug/deps/libserde_json-089accd2b59d2a69.rlib --extern sha2=/home/lewis/src/ad-law-scrape/athletic-rust-pipeline/target/debug/deps/libsha2-9bff55c82a06cc2d.rlib --extern tempfile=/home/lewis/src/ad-law-scrape/athletic-rust-pipeline/target/debug/deps/libtempfile-a4df9dd1458cfb0b.rlib --extern thiserror=/home/lewis/src/ad-law-scrape/athletic-rust-pipeline/target/debug/deps/libthiserror-1bc0d12be9ec7558.rlib --extern tokio=/home/lewis/src/ad-law-scrape/athletic-rust-pipeline/target/debug/deps/libtokio-176180b45f60ab71.rlib --extern tracing=/home/lewis/src/ad-law-scrape/athletic-rust-pipeline/target/debug/deps/libtracing-71dadc955179d0b7.rlib --extern tracing_subscriber=/home/lewis/src/ad-law-scrape/athletic-rust-pipeline/target/debug/deps/libtracing_subscriber-9c895a655669e740.rlib --extern url=/home/lewis/src/ad-law-scrape/athletic-rust-pipeline/target/debug/deps/liburl-0f547cf413905183.rlib -L native=/home/lewis/src/ad-law-scrape/athletic-rust-pipeline/target/debug/build/aws-lc-sys-fe6f7cfce21015b1/out -L native=/home/lewis/src/ad-law-scrape/athletic-rust-pipeline/target/debug/build/alloca-6f4ce09a0d12da82/out`
     Running `sccache /home/lewis/.rustup/toolchains/nightly-2026-04-27-x86_64-unknown-linux-gnu/bin/rustc --crate-name qualification_native_teams --edition=2021 crates/census-service/examples/qualification_native_teams.rs --error-format=json --json=diagnostic-rendered-ansi,artifacts,future-incompat --crate-type bin --emit=dep-info,link -C embed-bitcode=no -C debuginfo=2 --deny=unused_must_use --forbid=unsafe_code '--deny=clippy::unimplemented' --warn=unexpected_cfgs '--deny=clippy::todo' '--deny=clippy::panic_in_result_fn' '--deny=clippy::dbg_macro' --check-cfg 'cfg(kani)' --check-cfg 'cfg(tokio_unstable)' --check-cfg 'cfg(docsrs,test)' --check-cfg 'cfg(feature, values("loom"))' -C metadata=a0f156c8259d146a -C extra-filename=-3384e873a58830f6 --out-dir /home/lewis/src/ad-law-scrape/athletic-rust-pipeline/target/debug/examples -C incremental=/home/lewis/src/ad-law-scrape/athletic-rust-pipeline/target/debug/incremental -L dependency=/home/lewis/src/ad-law-scrape/athletic-rust-pipeline/target/debug/deps --extern anyhow=/home/lewis/src/ad-law-scrape/athletic-rust-pipeline/target/debug/deps/libanyhow-2889f2bfb7da9aa2.rlib --extern athleticnet_browser=/home/lewis/src/ad-law-scrape/athletic-rust-pipeline/target/debug/deps/libathleticnet_browser-bda8f2721813b351.rlib --extern calamine=/home/lewis/src/ad-law-scrape/athletic-rust-pipeline/target/debug/deps/libcalamine-1e43699899949caa.rlib --extern census_crawl=/home/lewis/src/ad-law-scrape/athletic-rust-pipeline/target/debug/deps/libcensus_crawl-2db6656636bfbe35.rlib --extern census_domain=/home/lewis/src/ad-law-scrape/athletic-rust-pipeline/target/debug/deps/libcensus_domain-b50239c3a21a213d.rlib --extern census_reconcile=/home/lewis/src/ad-law-scrape/athletic-rust-pipeline/target/debug/deps/libcensus_reconcile-9016cd207d19f056.rlib --extern census_report=/home/lewis/src/ad-law-scrape/athletic-rust-pipeline/target/debug/deps/libcensus_report-f00748804e3574f7.rlib --extern census_review=/home/lewis/src/ad-law-scrape/athletic-rust-pipeline/target/debug/deps/libcensus_review-e8047dadcfe2e798.rlib --extern census_service=/home/lewis/src/ad-law-scrape/athletic-rust-pipeline/target/debug/deps/libcensus_service-a2c832ed4f4a7b74.rlib --extern census_store=/home/lewis/src/ad-law-scrape/athletic-rust-pipeline/target/debug/deps/libcensus_store-4b3ab36e5e10e2d6.rlib --extern chrono=/home/lewis/src/ad-law-scrape/athletic-rust-pipeline/target/debug/deps/libchrono-3cfdd5a6cfad533c.rlib --extern clap=/home/lewis/src/ad-law-scrape/athletic-rust-pipeline/target/debug/deps/libclap-15fb2c4871ae48dc.rlib --extern criterion=/home/lewis/src/ad-law-scrape/athletic-rust-pipeline/target/debug/deps/libcriterion-76b120103f8671f9.rlib --extern csv=/home/lewis/src/ad-law-scrape/athletic-rust-pipeline/target/debug/deps/libcsv-17bdf72ebda1dc06.rlib --extern fjall=/home/lewis/src/ad-law-scrape/athletic-rust-pipeline/target/debug/deps/libfjall-9c34df85f83c860b.rlib --extern futures=/home/lewis/src/ad-law-scrape/athletic-rust-pipeline/target/debug/deps/libfutures-e201c81fd8cd99ce.rlib --extern loom=/home/lewis/src/ad-law-scrape/athletic-rust-pipeline/target/debug/deps/libloom-77973b48c26c59ea.rlib --extern proptest=/home/lewis/src/ad-law-scrape/athletic-rust-pipeline/target/debug/deps/libproptest-b467e86f02d360a5.rlib --extern regex=/home/lewis/src/ad-law-scrape/athletic-rust-pipeline/target/debug/deps/libregex-9df6b0e5286f169d.rlib --extern reqwest=/home/lewis/src/ad-law-scrape/athletic-rust-pipeline/target/debug/deps/libreqwest-fdc91a4de5a1c963.rlib --extern restate_sdk=/home/lewis/src/ad-law-scrape/athletic-rust-pipeline/target/debug/deps/librestate_sdk-b8e1324a257ad713.rlib --extern serde=/home/lewis/src/ad-law-scrape/athletic-rust-pipeline/target/debug/deps/libserde-986bafa530b5bae4.rlib --extern serde_json=/home/lewis/src/ad-law-scrape/athletic-rust-pipeline/target/debug/deps/libserde_json-089accd2b59d2a69.rlib --extern sha2=/home/lewis/src/ad-law-scrape/athletic-rust-pipeline/target/debug/deps/libsha2-9bff55c82a06cc2d.rlib --extern tempfile=/home/lewis/src/ad-law-scrape/athletic-rust-pipeline/target/debug/deps/libtempfile-a4df9dd1458cfb0b.rlib --extern thiserror=/home/lewis/src/ad-law-scrape/athletic-rust-pipeline/target/debug/deps/libthiserror-1bc0d12be9ec7558.rlib --extern tokio=/home/lewis/src/ad-law-scrape/athletic-rust-pipeline/target/debug/deps/libtokio-176180b45f60ab71.rlib --extern tracing=/home/lewis/src/ad-law-scrape/athletic-rust-pipeline/target/debug/deps/libtracing-71dadc955179d0b7.rlib --extern tracing_subscriber=/home/lewis/src/ad-law-scrape/athletic-rust-pipeline/target/debug/deps/libtracing_subscriber-9c895a655669e740.rlib --extern url=/home/lewis/src/ad-law-scrape/athletic-rust-pipeline/target/debug/deps/liburl-0f547cf413905183.rlib -L native=/home/lewis/src/ad-law-scrape/athletic-rust-pipeline/target/debug/build/aws-lc-sys-fe6f7cfce21015b1/out -L native=/home/lewis/src/ad-law-scrape/athletic-rust-pipeline/target/debug/build/alloca-6f4ce09a0d12da82/out`
     Running `sccache /home/lewis/.rustup/toolchains/nightly-2026-04-27-x86_64-unknown-linux-gnu/bin/rustc --crate-name school_address_corpus --edition=2021 crates/census-service/tests/school_address_corpus.rs --error-format=json --json=diagnostic-rendered-ansi,artifacts,future-incompat --emit=dep-info,link -C embed-bitcode=no -C debuginfo=2 --deny=unused_must_use --forbid=unsafe_code '--deny=clippy::unimplemented' --warn=unexpected_cfgs '--deny=clippy::todo' '--deny=clippy::panic_in_result_fn' '--deny=clippy::dbg_macro' --check-cfg 'cfg(kani)' --check-cfg 'cfg(tokio_unstable)' --test --check-cfg 'cfg(docsrs,test)' --check-cfg 'cfg(feature, values("loom"))' -C metadata=3f1b50cae091bc57 -C extra-filename=-7cd04dc5792101fb --out-dir /home/lewis/src/ad-law-scrape/athletic-rust-pipeline/target/debug/deps -C incremental=/home/lewis/src/ad-law-scrape/athletic-rust-pipeline/target/debug/incremental -L dependency=/home/lewis/src/ad-law-scrape/athletic-rust-pipeline/target/debug/deps --extern anyhow=/home/lewis/src/ad-law-scrape/athletic-rust-pipeline/target/debug/deps/libanyhow-2889f2bfb7da9aa2.rlib --extern athleticnet_browser=/home/lewis/src/ad-law-scrape/athletic-rust-pipeline/target/debug/deps/libathleticnet_browser-bda8f2721813b351.rlib --extern calamine=/home/lewis/src/ad-law-scrape/athletic-rust-pipeline/target/debug/deps/libcalamine-1e43699899949caa.rlib --extern census_crawl=/home/lewis/src/ad-law-scrape/athletic-rust-pipeline/target/debug/deps/libcensus_crawl-2db6656636bfbe35.rlib --extern census_domain=/home/lewis/src/ad-law-scrape/athletic-rust-pipeline/target/debug/deps/libcensus_domain-b50239c3a21a213d.rlib --extern census_reconcile=/home/lewis/src/ad-law-scrape/athletic-rust-pipeline/target/debug/deps/libcensus_reconcile-9016cd207d19f056.rlib --extern census_report=/home/lewis/src/ad-law-scrape/athletic-rust-pipeline/target/debug/deps/libcensus_report-f00748804e3574f7.rlib --extern census_review=/home/lewis/src/ad-law-scrape/athletic-rust-pipeline/target/debug/deps/libcensus_review-e8047dadcfe2e798.rlib --extern census_service=/home/lewis/src/ad-law-scrape/athletic-rust-pipeline/target/debug/deps/libcensus_service-a2c832ed4f4a7b74.rlib --extern census_store=/home/lewis/src/ad-law-scrape/athletic-rust-pipeline/target/debug/deps/libcensus_store-4b3ab36e5e10e2d6.rlib --extern chrono=/home/lewis/src/ad-law-scrape/athletic-rust-pipeline/target/debug/deps/libchrono-3cfdd5a6cfad533c.rlib --extern clap=/home/lewis/src/ad-law-scrape/athletic-rust-pipeline/target/debug/deps/libclap-15fb2c4871ae48dc.rlib --extern criterion=/home/lewis/src/ad-law-scrape/athletic-rust-pipeline/target/debug/deps/libcriterion-76b120103f8671f9.rlib --extern csv=/home/lewis/src/ad-law-scrape/athletic-rust-pipeline/target/debug/deps/libcsv-17bdf72ebda1dc06.rlib --extern fjall=/home/lewis/src/ad-law-scrape/athletic-rust-pipeline/target/debug/deps/libfjall-9c34df85f83c860b.rlib --extern futures=/home/lewis/src/ad-law-scrape/athletic-rust-pipeline/target/debug/deps/libfutures-e201c81fd8cd99ce.rlib --extern loom=/home/lewis/src/ad-law-scrape/athletic-rust-pipeline/target/debug/deps/libloom-77973b48c26c59ea.rlib --extern proptest=/home/lewis/src/ad-law-scrape/athletic-rust-pipeline/target/debug/deps/libproptest-b467e86f02d360a5.rlib --extern regex=/home/lewis/src/ad-law-scrape/athletic-rust-pipeline/target/debug/deps/libregex-9df6b0e5286f169d.rlib --extern reqwest=/home/lewis/src/ad-law-scrape/athletic-rust-pipeline/target/debug/deps/libreqwest-fdc91a4de5a1c963.rlib --extern restate_sdk=/home/lewis/src/ad-law-scrape/athletic-rust-pipeline/target/debug/deps/librestate_sdk-b8e1324a257ad713.rlib --extern serde=/home/lewis/src/ad-law-scrape/athletic-rust-pipeline/target/debug/deps/libserde-986bafa530b5bae4.rlib --extern serde_json=/home/lewis/src/ad-law-scrape/athletic-rust-pipeline/target/debug/deps/libserde_json-089accd2b59d2a69.rlib --extern sha2=/home/lewis/src/ad-law-scrape/athletic-rust-pipeline/target/debug/deps/libsha2-9bff55c82a06cc2d.rlib --extern tempfile=/home/lewis/src/ad-law-scrape/athletic-rust-pipeline/target/debug/deps/libtempfile-a4df9dd1458cfb0b.rlib --extern thiserror=/home/lewis/src/ad-law-scrape/athletic-rust-pipeline/target/debug/deps/libthiserror-1bc0d12be9ec7558.rlib --extern tokio=/home/lewis/src/ad-law-scrape/athletic-rust-pipeline/target/debug/deps/libtokio-176180b45f60ab71.rlib --extern tracing=/home/lewis/src/ad-law-scrape/athletic-rust-pipeline/target/debug/deps/libtracing-71dadc955179d0b7.rlib --extern tracing_subscriber=/home/lewis/src/ad-law-scrape/athletic-rust-pipeline/target/debug/deps/libtracing_subscriber-9c895a655669e740.rlib --extern url=/home/lewis/src/ad-law-scrape/athletic-rust-pipeline/target/debug/deps/liburl-0f547cf413905183.rlib -L native=/home/lewis/src/ad-law-scrape/athletic-rust-pipeline/target/debug/build/aws-lc-sys-fe6f7cfce21015b1/out -L native=/home/lewis/src/ad-law-scrape/athletic-rust-pipeline/target/debug/build/alloca-6f4ce09a0d12da82/out`
     Running `sccache /home/lewis/.rustup/toolchains/nightly-2026-04-27-x86_64-unknown-linux-gnu/bin/rustc --crate-name xc_parser_properties --edition=2021 crates/census-service/tests/xc_parser_properties.rs --error-format=json --json=diagnostic-rendered-ansi,artifacts,future-incompat --emit=dep-info,link -C embed-bitcode=no -C debuginfo=2 --deny=unused_must_use --forbid=unsafe_code '--deny=clippy::unimplemented' --warn=unexpected_cfgs '--deny=clippy::todo' '--deny=clippy::panic_in_result_fn' '--deny=clippy::dbg_macro' --check-cfg 'cfg(kani)' --check-cfg 'cfg(tokio_unstable)' --test --check-cfg 'cfg(docsrs,test)' --check-cfg 'cfg(feature, values("loom"))' -C metadata=525e2e4f6a059220 -C extra-filename=-061796d0c510cda4 --out-dir /home/lewis/src/ad-law-scrape/athletic-rust-pipeline/target/debug/deps -C incremental=/home/lewis/src/ad-law-scrape/athletic-rust-pipeline/target/debug/incremental -L dependency=/home/lewis/src/ad-law-scrape/athletic-rust-pipeline/target/debug/deps --extern anyhow=/home/lewis/src/ad-law-scrape/athletic-rust-pipeline/target/debug/deps/libanyhow-2889f2bfb7da9aa2.rlib --extern athleticnet_browser=/home/lewis/src/ad-law-scrape/athletic-rust-pipeline/target/debug/deps/libathleticnet_browser-bda8f2721813b351.rlib --extern calamine=/home/lewis/src/ad-law-scrape/athletic-rust-pipeline/target/debug/deps/libcalamine-1e43699899949caa.rlib --extern census_crawl=/home/lewis/src/ad-law-scrape/athletic-rust-pipeline/target/debug/deps/libcensus_crawl-2db6656636bfbe35.rlib --extern census_domain=/home/lewis/src/ad-law-scrape/athletic-rust-pipeline/target/debug/deps/libcensus_domain-b50239c3a21a213d.rlib --extern census_reconcile=/home/lewis/src/ad-law-scrape/athletic-rust-pipeline/target/debug/deps/libcensus_reconcile-9016cd207d19f056.rlib --extern census_report=/home/lewis/src/ad-law-scrape/athletic-rust-pipeline/target/debug/deps/libcensus_report-f00748804e3574f7.rlib --extern census_review=/home/lewis/src/ad-law-scrape/athletic-rust-pipeline/target/debug/deps/libcensus_review-e8047dadcfe2e798.rlib --extern census_service=/home/lewis/src/ad-law-scrape/athletic-rust-pipeline/target/debug/deps/libcensus_service-a2c832ed4f4a7b74.rlib --extern census_store=/home/lewis/src/ad-law-scrape/athletic-rust-pipeline/target/debug/deps/libcensus_store-4b3ab36e5e10e2d6.rlib --extern chrono=/home/lewis/src/ad-law-scrape/athletic-rust-pipeline/target/debug/deps/libchrono-3cfdd5a6cfad533c.rlib --extern clap=/home/lewis/src/ad-law-scrape/athletic-rust-pipeline/target/debug/deps/libclap-15fb2c4871ae48dc.rlib --extern criterion=/home/lewis/src/ad-law-scrape/athletic-rust-pipeline/target/debug/deps/libcriterion-76b120103f8671f9.rlib --extern csv=/home/lewis/src/ad-law-scrape/athletic-rust-pipeline/target/debug/deps/libcsv-17bdf72ebda1dc06.rlib --extern fjall=/home/lewis/src/ad-law-scrape/athletic-rust-pipeline/target/debug/deps/libfjall-9c34df85f83c860b.rlib --extern futures=/home/lewis/src/ad-law-scrape/athletic-rust-pipeline/target/debug/deps/libfutures-e201c81fd8cd99ce.rlib --extern loom=/home/lewis/src/ad-law-scrape/athletic-rust-pipeline/target/debug/deps/libloom-77973b48c26c59ea.rlib --extern proptest=/home/lewis/src/ad-law-scrape/athletic-rust-pipeline/target/debug/deps/libproptest-b467e86f02d360a5.rlib --extern regex=/home/lewis/src/ad-law-scrape/athletic-rust-pipeline/target/debug/deps/libregex-9df6b0e5286f169d.rlib --extern reqwest=/home/lewis/src/ad-law-scrape/athletic-rust-pipeline/target/debug/deps/libreqwest-fdc91a4de5a1c963.rlib --extern restate_sdk=/home/lewis/src/ad-law-scrape/athletic-rust-pipeline/target/debug/deps/librestate_sdk-b8e1324a257ad713.rlib --extern serde=/home/lewis/src/ad-law-scrape/athletic-rust-pipeline/target/debug/deps/libserde-986bafa530b5bae4.rlib --extern serde_json=/home/lewis/src/ad-law-scrape/athletic-rust-pipeline/target/debug/deps/libserde_json-089accd2b59d2a69.rlib --extern sha2=/home/lewis/src/ad-law-scrape/athletic-rust-pipeline/target/debug/deps/libsha2-9bff55c82a06cc2d.rlib --extern tempfile=/home/lewis/src/ad-law-scrape/athletic-rust-pipeline/target/debug/deps/libtempfile-a4df9dd1458cfb0b.rlib --extern thiserror=/home/lewis/src/ad-law-scrape/athletic-rust-pipeline/target/debug/deps/libthiserror-1bc0d12be9ec7558.rlib --extern tokio=/home/lewis/src/ad-law-scrape/athletic-rust-pipeline/target/debug/deps/libtokio-176180b45f60ab71.rlib --extern tracing=/home/lewis/src/ad-law-scrape/athletic-rust-pipeline/target/debug/deps/libtracing-71dadc955179d0b7.rlib --extern tracing_subscriber=/home/lewis/src/ad-law-scrape/athletic-rust-pipeline/target/debug/deps/libtracing_subscriber-9c895a655669e740.rlib --extern url=/home/lewis/src/ad-law-scrape/athletic-rust-pipeline/target/debug/deps/liburl-0f547cf413905183.rlib -L native=/home/lewis/src/ad-law-scrape/athletic-rust-pipeline/target/debug/build/aws-lc-sys-fe6f7cfce21015b1/out -L native=/home/lewis/src/ad-law-scrape/athletic-rust-pipeline/target/debug/build/alloca-6f4ce09a0d12da82/out`
     Running `sccache /home/lewis/.rustup/toolchains/nightly-2026-04-27-x86_64-unknown-linux-gnu/bin/rustc --crate-name xtask --edition=2021 xtask/src/main.rs --error-format=json --json=diagnostic-rendered-ansi,artifacts,future-incompat --emit=dep-info,link -C embed-bitcode=no -C debuginfo=2 --deny=unused_must_use --forbid=unsafe_code '--deny=clippy::unimplemented' --warn=unexpected_cfgs '--deny=clippy::todo' '--deny=clippy::panic_in_result_fn' '--deny=clippy::dbg_macro' --check-cfg 'cfg(kani)' --check-cfg 'cfg(tokio_unstable)' --test --check-cfg 'cfg(docsrs,test)' --check-cfg 'cfg(feature, values())' -C metadata=ab94c049206245d6 -C extra-filename=-ceaf696cc1c04066 --out-dir /home/lewis/src/ad-law-scrape/athletic-rust-pipeline/target/debug/deps -C incremental=/home/lewis/src/ad-law-scrape/athletic-rust-pipeline/target/debug/incremental -L dependency=/home/lewis/src/ad-law-scrape/athletic-rust-pipeline/target/debug/deps --extern anyhow=/home/lewis/src/ad-law-scrape/athletic-rust-pipeline/target/debug/deps/libanyhow-2889f2bfb7da9aa2.rlib --extern calamine=/home/lewis/src/ad-law-scrape/athletic-rust-pipeline/target/debug/deps/libcalamine-1e43699899949caa.rlib --extern census_crawl=/home/lewis/src/ad-law-scrape/athletic-rust-pipeline/target/debug/deps/libcensus_crawl-2db6656636bfbe35.rlib --extern census_domain=/home/lewis/src/ad-law-scrape/athletic-rust-pipeline/target/debug/deps/libcensus_domain-b50239c3a21a213d.rlib --extern census_report=/home/lewis/src/ad-law-scrape/athletic-rust-pipeline/target/debug/deps/libcensus_report-f00748804e3574f7.rlib --extern census_service=/home/lewis/src/ad-law-scrape/athletic-rust-pipeline/target/debug/deps/libcensus_service-a2c832ed4f4a7b74.rlib --extern census_store=/home/lewis/src/ad-law-scrape/athletic-rust-pipeline/target/debug/deps/libcensus_store-4b3ab36e5e10e2d6.rlib --extern clap=/home/lewis/src/ad-law-scrape/athletic-rust-pipeline/target/debug/deps/libclap-15fb2c4871ae48dc.rlib --extern indexmap=/home/lewis/src/ad-law-scrape/athletic-rust-pipeline/target/debug/deps/libindexmap-1c63c723307638d8.rlib --extern regex=/home/lewis/src/ad-law-scrape/athletic-rust-pipeline/target/debug/deps/libregex-9df6b0e5286f169d.rlib --extern reqwest=/home/lewis/src/ad-law-scrape/athletic-rust-pipeline/target/debug/deps/libreqwest-fdc91a4de5a1c963.rlib --extern restate_sdk=/home/lewis/src/ad-law-scrape/athletic-rust-pipeline/target/debug/deps/librestate_sdk-b8e1324a257ad713.rlib --extern serde=/home/lewis/src/ad-law-scrape/athletic-rust-pipeline/target/debug/deps/libserde-986bafa530b5bae4.rlib --extern serde_json=/home/lewis/src/ad-law-scrape/athletic-rust-pipeline/target/debug/deps/libserde_json-089accd2b59d2a69.rlib --extern sha2=/home/lewis/src/ad-law-scrape/athletic-rust-pipeline/target/debug/deps/libsha2-9bff55c82a06cc2d.rlib --extern tempfile=/home/lewis/src/ad-law-scrape/athletic-rust-pipeline/target/debug/deps/libtempfile-a4df9dd1458cfb0b.rlib --extern tokio=/home/lewis/src/ad-law-scrape/athletic-rust-pipeline/target/debug/deps/libtokio-176180b45f60ab71.rlib --extern url=/home/lewis/src/ad-law-scrape/athletic-rust-pipeline/target/debug/deps/liburl-0f547cf413905183.rlib -L native=/home/lewis/src/ad-law-scrape/athletic-rust-pipeline/target/debug/build/aws-lc-sys-fe6f7cfce21015b1/out`
     Running `sccache /home/lewis/.rustup/toolchains/nightly-2026-04-27-x86_64-unknown-linux-gnu/bin/rustc --crate-name coach_gate --edition=2021 crates/census-service/examples/coach_gate.rs --error-format=json --json=diagnostic-rendered-ansi,artifacts,future-incompat --crate-type bin --emit=dep-info,link -C embed-bitcode=no -C debuginfo=2 --deny=unused_must_use --forbid=unsafe_code '--deny=clippy::unimplemented' --warn=unexpected_cfgs '--deny=clippy::todo' '--deny=clippy::panic_in_result_fn' '--deny=clippy::dbg_macro' --check-cfg 'cfg(kani)' --check-cfg 'cfg(tokio_unstable)' --check-cfg 'cfg(docsrs,test)' --check-cfg 'cfg(feature, values("loom"))' -C metadata=431a94a542c72fd9 -C extra-filename=-1e4543e9030ea9c3 --out-dir /home/lewis/src/ad-law-scrape/athletic-rust-pipeline/target/debug/examples -C incremental=/home/lewis/src/ad-law-scrape/athletic-rust-pipeline/target/debug/incremental -L dependency=/home/lewis/src/ad-law-scrape/athletic-rust-pipeline/target/debug/deps --extern anyhow=/home/lewis/src/ad-law-scrape/athletic-rust-pipeline/target/debug/deps/libanyhow-2889f2bfb7da9aa2.rlib --extern athleticnet_browser=/home/lewis/src/ad-law-scrape/athletic-rust-pipeline/target/debug/deps/libathleticnet_browser-bda8f2721813b351.rlib --extern calamine=/home/lewis/src/ad-law-scrape/athletic-rust-pipeline/target/debug/deps/libcalamine-1e43699899949caa.rlib --extern census_crawl=/home/lewis/src/ad-law-scrape/athletic-rust-pipeline/target/debug/deps/libcensus_crawl-2db6656636bfbe35.rlib --extern census_domain=/home/lewis/src/ad-law-scrape/athletic-rust-pipeline/target/debug/deps/libcensus_domain-b50239c3a21a213d.rlib --extern census_reconcile=/home/lewis/src/ad-law-scrape/athletic-rust-pipeline/target/debug/deps/libcensus_reconcile-9016cd207d19f056.rlib --extern census_report=/home/lewis/src/ad-law-scrape/athletic-rust-pipeline/target/debug/deps/libcensus_report-f00748804e3574f7.rlib --extern census_review=/home/lewis/src/ad-law-scrape/athletic-rust-pipeline/target/debug/deps/libcensus_review-e8047dadcfe2e798.rlib --extern census_service=/home/lewis/src/ad-law-scrape/athletic-rust-pipeline/target/debug/deps/libcensus_service-a2c832ed4f4a7b74.rlib --extern census_store=/home/lewis/src/ad-law-scrape/athletic-rust-pipeline/target/debug/deps/libcensus_store-4b3ab36e5e10e2d6.rlib --extern chrono=/home/lewis/src/ad-law-scrape/athletic-rust-pipeline/target/debug/deps/libchrono-3cfdd5a6cfad533c.rlib --extern clap=/home/lewis/src/ad-law-scrape/athletic-rust-pipeline/target/debug/deps/libclap-15fb2c4871ae48dc.rlib --extern criterion=/home/lewis/src/ad-law-scrape/athletic-rust-pipeline/target/debug/deps/libcriterion-76b120103f8671f9.rlib --extern csv=/home/lewis/src/ad-law-scrape/athletic-rust-pipeline/target/debug/deps/libcsv-17bdf72ebda1dc06.rlib --extern fjall=/home/lewis/src/ad-law-scrape/athletic-rust-pipeline/target/debug/deps/libfjall-9c34df85f83c860b.rlib --extern futures=/home/lewis/src/ad-law-scrape/athletic-rust-pipeline/target/debug/deps/libfutures-e201c81fd8cd99ce.rlib --extern loom=/home/lewis/src/ad-law-scrape/athletic-rust-pipeline/target/debug/deps/libloom-77973b48c26c59ea.rlib --extern proptest=/home/lewis/src/ad-law-scrape/athletic-rust-pipeline/target/debug/deps/libproptest-b467e86f02d360a5.rlib --extern regex=/home/lewis/src/ad-law-scrape/athletic-rust-pipeline/target/debug/deps/libregex-9df6b0e5286f169d.rlib --extern reqwest=/home/lewis/src/ad-law-scrape/athletic-rust-pipeline/target/debug/deps/libreqwest-fdc91a4de5a1c963.rlib --extern restate_sdk=/home/lewis/src/ad-law-scrape/athletic-rust-pipeline/target/debug/deps/librestate_sdk-b8e1324a257ad713.rlib --extern serde=/home/lewis/src/ad-law-scrape/athletic-rust-pipeline/target/debug/deps/libserde-986bafa530b5bae4.rlib --extern serde_json=/home/lewis/src/ad-law-scrape/athletic-rust-pipeline/target/debug/deps/libserde_json-089accd2b59d2a69.rlib --extern sha2=/home/lewis/src/ad-law-scrape/athletic-rust-pipeline/target/debug/deps/libsha2-9bff55c82a06cc2d.rlib --extern tempfile=/home/lewis/src/ad-law-scrape/athletic-rust-pipeline/target/debug/deps/libtempfile-a4df9dd1458cfb0b.rlib --extern thiserror=/home/lewis/src/ad-law-scrape/athletic-rust-pipeline/target/debug/deps/libthiserror-1bc0d12be9ec7558.rlib --extern tokio=/home/lewis/src/ad-law-scrape/athletic-rust-pipeline/target/debug/deps/libtokio-176180b45f60ab71.rlib --extern tracing=/home/lewis/src/ad-law-scrape/athletic-rust-pipeline/target/debug/deps/libtracing-71dadc955179d0b7.rlib --extern tracing_subscriber=/home/lewis/src/ad-law-scrape/athletic-rust-pipeline/target/debug/deps/libtracing_subscriber-9c895a655669e740.rlib --extern url=/home/lewis/src/ad-law-scrape/athletic-rust-pipeline/target/debug/deps/liburl-0f547cf413905183.rlib -L native=/home/lewis/src/ad-law-scrape/athletic-rust-pipeline/target/debug/build/aws-lc-sys-fe6f7cfce21015b1/out -L native=/home/lewis/src/ad-law-scrape/athletic-rust-pipeline/target/debug/build/alloca-6f4ce09a0d12da82/out`
     Running `sccache /home/lewis/.rustup/toolchains/nightly-2026-04-27-x86_64-unknown-linux-gnu/bin/rustc --crate-name parser_roundtrip_properties --edition=2021 crates/census-service/tests/parser_roundtrip_properties.rs --error-format=json --json=diagnostic-rendered-ansi,artifacts,future-incompat --emit=dep-info,link -C embed-bitcode=no -C debuginfo=2 --deny=unused_must_use --forbid=unsafe_code '--deny=clippy::unimplemented' --warn=unexpected_cfgs '--deny=clippy::todo' '--deny=clippy::panic_in_result_fn' '--deny=clippy::dbg_macro' --check-cfg 'cfg(kani)' --check-cfg 'cfg(tokio_unstable)' --test --check-cfg 'cfg(docsrs,test)' --check-cfg 'cfg(feature, values("loom"))' -C metadata=3c2d242d8cc2b908 -C extra-filename=-1f712daace7cc099 --out-dir /home/lewis/src/ad-law-scrape/athletic-rust-pipeline/target/debug/deps -C incremental=/home/lewis/src/ad-law-scrape/athletic-rust-pipeline/target/debug/incremental -L dependency=/home/lewis/src/ad-law-scrape/athletic-rust-pipeline/target/debug/deps --extern anyhow=/home/lewis/src/ad-law-scrape/athletic-rust-pipeline/target/debug/deps/libanyhow-2889f2bfb7da9aa2.rlib --extern athleticnet_browser=/home/lewis/src/ad-law-scrape/athletic-rust-pipeline/target/debug/deps/libathleticnet_browser-bda8f2721813b351.rlib --extern calamine=/home/lewis/src/ad-law-scrape/athletic-rust-pipeline/target/debug/deps/libcalamine-1e43699899949caa.rlib --extern census_crawl=/home/lewis/src/ad-law-scrape/athletic-rust-pipeline/target/debug/deps/libcensus_crawl-2db6656636bfbe35.rlib --extern census_domain=/home/lewis/src/ad-law-scrape/athletic-rust-pipeline/target/debug/deps/libcensus_domain-b50239c3a21a213d.rlib --extern census_reconcile=/home/lewis/src/ad-law-scrape/athletic-rust-pipeline/target/debug/deps/libcensus_reconcile-9016cd207d19f056.rlib --extern census_report=/home/lewis/src/ad-law-scrape/athletic-rust-pipeline/target/debug/deps/libcensus_report-f00748804e3574f7.rlib --extern census_review=/home/lewis/src/ad-law-scrape/athletic-rust-pipeline/target/debug/deps/libcensus_review-e8047dadcfe2e798.rlib --extern census_service=/home/lewis/src/ad-law-scrape/athletic-rust-pipeline/target/debug/deps/libcensus_service-a2c832ed4f4a7b74.rlib --extern census_store=/home/lewis/src/ad-law-scrape/athletic-rust-pipeline/target/debug/deps/libcensus_store-4b3ab36e5e10e2d6.rlib --extern chrono=/home/lewis/src/ad-law-scrape/athletic-rust-pipeline/target/debug/deps/libchrono-3cfdd5a6cfad533c.rlib --extern clap=/home/lewis/src/ad-law-scrape/athletic-rust-pipeline/target/debug/deps/libclap-15fb2c4871ae48dc.rlib --extern criterion=/home/lewis/src/ad-law-scrape/athletic-rust-pipeline/target/debug/deps/libcriterion-76b120103f8671f9.rlib --extern csv=/home/lewis/src/ad-law-scrape/athletic-rust-pipeline/target/debug/deps/libcsv-17bdf72ebda1dc06.rlib --extern fjall=/home/lewis/src/ad-law-scrape/athletic-rust-pipeline/target/debug/deps/libfjall-9c34df85f83c860b.rlib --extern futures=/home/lewis/src/ad-law-scrape/athletic-rust-pipeline/target/debug/deps/libfutures-e201c81fd8cd99ce.rlib --extern loom=/home/lewis/src/ad-law-scrape/athletic-rust-pipeline/target/debug/deps/libloom-77973b48c26c59ea.rlib --extern proptest=/home/lewis/src/ad-law-scrape/athletic-rust-pipeline/target/debug/deps/libproptest-b467e86f02d360a5.rlib --extern regex=/home/lewis/src/ad-law-scrape/athletic-rust-pipeline/target/debug/deps/libregex-9df6b0e5286f169d.rlib --extern reqwest=/home/lewis/src/ad-law-scrape/athletic-rust-pipeline/target/debug/deps/libreqwest-fdc91a4de5a1c963.rlib --extern restate_sdk=/home/lewis/src/ad-law-scrape/athletic-rust-pipeline/target/debug/deps/librestate_sdk-b8e1324a257ad713.rlib --extern serde=/home/lewis/src/ad-law-scrape/athletic-rust-pipeline/target/debug/deps/libserde-986bafa530b5bae4.rlib --extern serde_json=/home/lewis/src/ad-law-scrape/athletic-rust-pipeline/target/debug/deps/libserde_json-089accd2b59d2a69.rlib --extern sha2=/home/lewis/src/ad-law-scrape/athletic-rust-pipeline/target/debug/deps/libsha2-9bff55c82a06cc2d.rlib --extern tempfile=/home/lewis/src/ad-law-scrape/athletic-rust-pipeline/target/debug/deps/libtempfile-a4df9dd1458cfb0b.rlib --extern thiserror=/home/lewis/src/ad-law-scrape/athletic-rust-pipeline/target/debug/deps/libthiserror-1bc0d12be9ec7558.rlib --extern tokio=/home/lewis/src/ad-law-scrape/athletic-rust-pipeline/target/debug/deps/libtokio-176180b45f60ab71.rlib --extern tracing=/home/lewis/src/ad-law-scrape/athletic-rust-pipeline/target/debug/deps/libtracing-71dadc955179d0b7.rlib --extern tracing_subscriber=/home/lewis/src/ad-law-scrape/athletic-rust-pipeline/target/debug/deps/libtracing_subscriber-9c895a655669e740.rlib --extern url=/home/lewis/src/ad-law-scrape/athletic-rust-pipeline/target/debug/deps/liburl-0f547cf413905183.rlib -L native=/home/lewis/src/ad-law-scrape/athletic-rust-pipeline/target/debug/build/aws-lc-sys-fe6f7cfce21015b1/out -L native=/home/lewis/src/ad-law-scrape/athletic-rust-pipeline/target/debug/build/alloca-6f4ce09a0d12da82/out`
     Running `sccache /home/lewis/.rustup/toolchains/nightly-2026-04-27-x86_64-unknown-linux-gnu/bin/rustc --crate-name census_serve --edition=2021 crates/census-service/src/bin/census-serve.rs --error-format=json --json=diagnostic-rendered-ansi,artifacts,future-incompat --emit=dep-info,link -C embed-bitcode=no -C debuginfo=2 --deny=unused_must_use --forbid=unsafe_code '--deny=clippy::unimplemented' --warn=unexpected_cfgs '--deny=clippy::todo' '--deny=clippy::panic_in_result_fn' '--deny=clippy::dbg_macro' --check-cfg 'cfg(kani)' --check-cfg 'cfg(tokio_unstable)' --test --check-cfg 'cfg(docsrs,test)' --check-cfg 'cfg(feature, values("loom"))' -C metadata=69ce8ef5de9e957c -C extra-filename=-4d1b2686ac68f1b8 --out-dir /home/lewis/src/ad-law-scrape/athletic-rust-pipeline/target/debug/deps -C incremental=/home/lewis/src/ad-law-scrape/athletic-rust-pipeline/target/debug/incremental -L dependency=/home/lewis/src/ad-law-scrape/athletic-rust-pipeline/target/debug/deps --extern anyhow=/home/lewis/src/ad-law-scrape/athletic-rust-pipeline/target/debug/deps/libanyhow-2889f2bfb7da9aa2.rlib --extern athleticnet_browser=/home/lewis/src/ad-law-scrape/athletic-rust-pipeline/target/debug/deps/libathleticnet_browser-bda8f2721813b351.rlib --extern calamine=/home/lewis/src/ad-law-scrape/athletic-rust-pipeline/target/debug/deps/libcalamine-1e43699899949caa.rlib --extern census_crawl=/home/lewis/src/ad-law-scrape/athletic-rust-pipeline/target/debug/deps/libcensus_crawl-2db6656636bfbe35.rlib --extern census_domain=/home/lewis/src/ad-law-scrape/athletic-rust-pipeline/target/debug/deps/libcensus_domain-b50239c3a21a213d.rlib --extern census_reconcile=/home/lewis/src/ad-law-scrape/athletic-rust-pipeline/target/debug/deps/libcensus_reconcile-9016cd207d19f056.rlib --extern census_report=/home/lewis/src/ad-law-scrape/athletic-rust-pipeline/target/debug/deps/libcensus_report-f00748804e3574f7.rlib --extern census_review=/home/lewis/src/ad-law-scrape/athletic-rust-pipeline/target/debug/deps/libcensus_review-e8047dadcfe2e798.rlib --extern census_service=/home/lewis/src/ad-law-scrape/athletic-rust-pipeline/target/debug/deps/libcensus_service-a2c832ed4f4a7b74.rlib --extern census_store=/home/lewis/src/ad-law-scrape/athletic-rust-pipeline/target/debug/deps/libcensus_store-4b3ab36e5e10e2d6.rlib --extern chrono=/home/lewis/src/ad-law-scrape/athletic-rust-pipeline/target/debug/deps/libchrono-3cfdd5a6cfad533c.rlib --extern clap=/home/lewis/src/ad-law-scrape/athletic-rust-pipeline/target/debug/deps/libclap-15fb2c4871ae48dc.rlib --extern criterion=/home/lewis/src/ad-law-scrape/athletic-rust-pipeline/target/debug/deps/libcriterion-76b120103f8671f9.rlib --extern csv=/home/lewis/src/ad-law-scrape/athletic-rust-pipeline/target/debug/deps/libcsv-17bdf72ebda1dc06.rlib --extern fjall=/home/lewis/src/ad-law-scrape/athletic-rust-pipeline/target/debug/deps/libfjall-9c34df85f83c860b.rlib --extern futures=/home/lewis/src/ad-law-scrape/athletic-rust-pipeline/target/debug/deps/libfutures-e201c81fd8cd99ce.rlib --extern loom=/home/lewis/src/ad-law-scrape/athletic-rust-pipeline/target/debug/deps/libloom-77973b48c26c59ea.rlib --extern proptest=/home/lewis/src/ad-law-scrape/athletic-rust-pipeline/target/debug/deps/libproptest-b467e86f02d360a5.rlib --extern regex=/home/lewis/src/ad-law-scrape/athletic-rust-pipeline/target/debug/deps/libregex-9df6b0e5286f169d.rlib --extern reqwest=/home/lewis/src/ad-law-scrape/athletic-rust-pipeline/target/debug/deps/libreqwest-fdc91a4de5a1c963.rlib --extern restate_sdk=/home/lewis/src/ad-law-scrape/athletic-rust-pipeline/target/debug/deps/librestate_sdk-b8e1324a257ad713.rlib --extern serde=/home/lewis/src/ad-law-scrape/athletic-rust-pipeline/target/debug/deps/libserde-986bafa530b5bae4.rlib --extern serde_json=/home/lewis/src/ad-law-scrape/athletic-rust-pipeline/target/debug/deps/libserde_json-089accd2b59d2a69.rlib --extern sha2=/home/lewis/src/ad-law-scrape/athletic-rust-pipeline/target/debug/deps/libsha2-9bff55c82a06cc2d.rlib --extern tempfile=/home/lewis/src/ad-law-scrape/athletic-rust-pipeline/target/debug/deps/libtempfile-a4df9dd1458cfb0b.rlib --extern thiserror=/home/lewis/src/ad-law-scrape/athletic-rust-pipeline/target/debug/deps/libthiserror-1bc0d12be9ec7558.rlib --extern tokio=/home/lewis/src/ad-law-scrape/athletic-rust-pipeline/target/debug/deps/libtokio-176180b45f60ab71.rlib --extern tracing=/home/lewis/src/ad-law-scrape/athletic-rust-pipeline/target/debug/deps/libtracing-71dadc955179d0b7.rlib --extern tracing_subscriber=/home/lewis/src/ad-law-scrape/athletic-rust-pipeline/target/debug/deps/libtracing_subscriber-9c895a655669e740.rlib --extern url=/home/lewis/src/ad-law-scrape/athletic-rust-pipeline/target/debug/deps/liburl-0f547cf413905183.rlib -L native=/home/lewis/src/ad-law-scrape/athletic-rust-pipeline/target/debug/build/aws-lc-sys-fe6f7cfce21015b1/out -L native=/home/lewis/src/ad-law-scrape/athletic-rust-pipeline/target/debug/build/alloca-6f4ce09a0d12da82/out`
     Running `sccache /home/lewis/.rustup/toolchains/nightly-2026-04-27-x86_64-unknown-linux-gnu/bin/rustc --crate-name parity_wisconsin --edition=2021 crates/census-service/tests/parity_wisconsin.rs --error-format=json --json=diagnostic-rendered-ansi,artifacts,future-incompat --emit=dep-info,link -C embed-bitcode=no -C debuginfo=2 --deny=unused_must_use --forbid=unsafe_code '--deny=clippy::unimplemented' --warn=unexpected_cfgs '--deny=clippy::todo' '--deny=clippy::panic_in_result_fn' '--deny=clippy::dbg_macro' --check-cfg 'cfg(kani)' --check-cfg 'cfg(tokio_unstable)' --test --check-cfg 'cfg(docsrs,test)' --check-cfg 'cfg(feature, values("loom"))' -C metadata=fce8add81b1526e7 -C extra-filename=-ce06c270c6f2fbdc --out-dir /home/lewis/src/ad-law-scrape/athletic-rust-pipeline/target/debug/deps -C incremental=/home/lewis/src/ad-law-scrape/athletic-rust-pipeline/target/debug/incremental -L dependency=/home/lewis/src/ad-law-scrape/athletic-rust-pipeline/target/debug/deps --extern anyhow=/home/lewis/src/ad-law-scrape/athletic-rust-pipeline/target/debug/deps/libanyhow-2889f2bfb7da9aa2.rlib --extern athleticnet_browser=/home/lewis/src/ad-law-scrape/athletic-rust-pipeline/target/debug/deps/libathleticnet_browser-bda8f2721813b351.rlib --extern calamine=/home/lewis/src/ad-law-scrape/athletic-rust-pipeline/target/debug/deps/libcalamine-1e43699899949caa.rlib --extern census_crawl=/home/lewis/src/ad-law-scrape/athletic-rust-pipeline/target/debug/deps/libcensus_crawl-2db6656636bfbe35.rlib --extern census_domain=/home/lewis/src/ad-law-scrape/athletic-rust-pipeline/target/debug/deps/libcensus_domain-b50239c3a21a213d.rlib --extern census_reconcile=/home/lewis/src/ad-law-scrape/athletic-rust-pipeline/target/debug/deps/libcensus_reconcile-9016cd207d19f056.rlib --extern census_report=/home/lewis/src/ad-law-scrape/athletic-rust-pipeline/target/debug/deps/libcensus_report-f00748804e3574f7.rlib --extern census_review=/home/lewis/src/ad-law-scrape/athletic-rust-pipeline/target/debug/deps/libcensus_review-e8047dadcfe2e798.rlib --extern census_service=/home/lewis/src/ad-law-scrape/athletic-rust-pipeline/target/debug/deps/libcensus_service-a2c832ed4f4a7b74.rlib --extern census_store=/home/lewis/src/ad-law-scrape/athletic-rust-pipeline/target/debug/deps/libcensus_store-4b3ab36e5e10e2d6.rlib --extern chrono=/home/lewis/src/ad-law-scrape/athletic-rust-pipeline/target/debug/deps/libchrono-3cfdd5a6cfad533c.rlib --extern clap=/home/lewis/src/ad-law-scrape/athletic-rust-pipeline/target/debug/deps/libclap-15fb2c4871ae48dc.rlib --extern criterion=/home/lewis/src/ad-law-scrape/athletic-rust-pipeline/target/debug/deps/libcriterion-76b120103f8671f9.rlib --extern csv=/home/lewis/src/ad-law-scrape/athletic-rust-pipeline/target/debug/deps/libcsv-17bdf72ebda1dc06.rlib --extern fjall=/home/lewis/src/ad-law-scrape/athletic-rust-pipeline/target/debug/deps/libfjall-9c34df85f83c860b.rlib --extern futures=/home/lewis/src/ad-law-scrape/athletic-rust-pipeline/target/debug/deps/libfutures-e201c81fd8cd99ce.rlib --extern loom=/home/lewis/src/ad-law-scrape/athletic-rust-pipeline/target/debug/deps/libloom-77973b48c26c59ea.rlib --extern proptest=/home/lewis/src/ad-law-scrape/athletic-rust-pipeline/target/debug/deps/libproptest-b467e86f02d360a5.rlib --extern regex=/home/lewis/src/ad-law-scrape/athletic-rust-pipeline/target/debug/deps/libregex-9df6b0e5286f169d.rlib --extern reqwest=/home/lewis/src/ad-law-scrape/athletic-rust-pipeline/target/debug/deps/libreqwest-fdc91a4de5a1c963.rlib --extern restate_sdk=/home/lewis/src/ad-law-scrape/athletic-rust-pipeline/target/debug/deps/librestate_sdk-b8e1324a257ad713.rlib --extern serde=/home/lewis/src/ad-law-scrape/athletic-rust-pipeline/target/debug/deps/libserde-986bafa530b5bae4.rlib --extern serde_json=/home/lewis/src/ad-law-scrape/athletic-rust-pipeline/target/debug/deps/libserde_json-089accd2b59d2a69.rlib --extern sha2=/home/lewis/src/ad-law-scrape/athletic-rust-pipeline/target/debug/deps/libsha2-9bff55c82a06cc2d.rlib --extern tempfile=/home/lewis/src/ad-law-scrape/athletic-rust-pipeline/target/debug/deps/libtempfile-a4df9dd1458cfb0b.rlib --extern thiserror=/home/lewis/src/ad-law-scrape/athletic-rust-pipeline/target/debug/deps/libthiserror-1bc0d12be9ec7558.rlib --extern tokio=/home/lewis/src/ad-law-scrape/athletic-rust-pipeline/target/debug/deps/libtokio-176180b45f60ab71.rlib --extern tracing=/home/lewis/src/ad-law-scrape/athletic-rust-pipeline/target/debug/deps/libtracing-71dadc955179d0b7.rlib --extern tracing_subscriber=/home/lewis/src/ad-law-scrape/athletic-rust-pipeline/target/debug/deps/libtracing_subscriber-9c895a655669e740.rlib --extern url=/home/lewis/src/ad-law-scrape/athletic-rust-pipeline/target/debug/deps/liburl-0f547cf413905183.rlib -L native=/home/lewis/src/ad-law-scrape/athletic-rust-pipeline/target/debug/build/aws-lc-sys-fe6f7cfce21015b1/out -L native=/home/lewis/src/ad-law-scrape/athletic-rust-pipeline/target/debug/build/alloca-6f4ce09a0d12da82/out`
     Running `sccache /home/lewis/.rustup/toolchains/nightly-2026-04-27-x86_64-unknown-linux-gnu/bin/rustc --crate-name nces_directory_properties --edition=2021 crates/census-service/tests/nces_directory_properties.rs --error-format=json --json=diagnostic-rendered-ansi,artifacts,future-incompat --emit=dep-info,link -C embed-bitcode=no -C debuginfo=2 --deny=unused_must_use --forbid=unsafe_code '--deny=clippy::unimplemented' --warn=unexpected_cfgs '--deny=clippy::todo' '--deny=clippy::panic_in_result_fn' '--deny=clippy::dbg_macro' --check-cfg 'cfg(kani)' --check-cfg 'cfg(tokio_unstable)' --test --check-cfg 'cfg(docsrs,test)' --check-cfg 'cfg(feature, values("loom"))' -C metadata=f3d0cd65d2934999 -C extra-filename=-fc70ffe97fd8f6b3 --out-dir /home/lewis/src/ad-law-scrape/athletic-rust-pipeline/target/debug/deps -C incremental=/home/lewis/src/ad-law-scrape/athletic-rust-pipeline/target/debug/incremental -L dependency=/home/lewis/src/ad-law-scrape/athletic-rust-pipeline/target/debug/deps --extern anyhow=/home/lewis/src/ad-law-scrape/athletic-rust-pipeline/target/debug/deps/libanyhow-2889f2bfb7da9aa2.rlib --extern athleticnet_browser=/home/lewis/src/ad-law-scrape/athletic-rust-pipeline/target/debug/deps/libathleticnet_browser-bda8f2721813b351.rlib --extern calamine=/home/lewis/src/ad-law-scrape/athletic-rust-pipeline/target/debug/deps/libcalamine-1e43699899949caa.rlib --extern census_crawl=/home/lewis/src/ad-law-scrape/athletic-rust-pipeline/target/debug/deps/libcensus_crawl-2db6656636bfbe35.rlib --extern census_domain=/home/lewis/src/ad-law-scrape/athletic-rust-pipeline/target/debug/deps/libcensus_domain-b50239c3a21a213d.rlib --extern census_reconcile=/home/lewis/src/ad-law-scrape/athletic-rust-pipeline/target/debug/deps/libcensus_reconcile-9016cd207d19f056.rlib --extern census_report=/home/lewis/src/ad-law-scrape/athletic-rust-pipeline/target/debug/deps/libcensus_report-f00748804e3574f7.rlib --extern census_review=/home/lewis/src/ad-law-scrape/athletic-rust-pipeline/target/debug/deps/libcensus_review-e8047dadcfe2e798.rlib --extern census_service=/home/lewis/src/ad-law-scrape/athletic-rust-pipeline/target/debug/deps/libcensus_service-a2c832ed4f4a7b74.rlib --extern census_store=/home/lewis/src/ad-law-scrape/athletic-rust-pipeline/target/debug/deps/libcensus_store-4b3ab36e5e10e2d6.rlib --extern chrono=/home/lewis/src/ad-law-scrape/athletic-rust-pipeline/target/debug/deps/libchrono-3cfdd5a6cfad533c.rlib --extern clap=/home/lewis/src/ad-law-scrape/athletic-rust-pipeline/target/debug/deps/libclap-15fb2c4871ae48dc.rlib --extern criterion=/home/lewis/src/ad-law-scrape/athletic-rust-pipeline/target/debug/deps/libcriterion-76b120103f8671f9.rlib --extern csv=/home/lewis/src/ad-law-scrape/athletic-rust-pipeline/target/debug/deps/libcsv-17bdf72ebda1dc06.rlib --extern fjall=/home/lewis/src/ad-law-scrape/athletic-rust-pipeline/target/debug/deps/libfjall-9c34df85f83c860b.rlib --extern futures=/home/lewis/src/ad-law-scrape/athletic-rust-pipeline/target/debug/deps/libfutures-e201c81fd8cd99ce.rlib --extern loom=/home/lewis/src/ad-law-scrape/athletic-rust-pipeline/target/debug/deps/libloom-77973b48c26c59ea.rlib --extern proptest=/home/lewis/src/ad-law-scrape/athletic-rust-pipeline/target/debug/deps/libproptest-b467e86f02d360a5.rlib --extern regex=/home/lewis/src/ad-law-scrape/athletic-rust-pipeline/target/debug/deps/libregex-9df6b0e5286f169d.rlib --extern reqwest=/home/lewis/src/ad-law-scrape/athletic-rust-pipeline/target/debug/deps/libreqwest-fdc91a4de5a1c963.rlib --extern restate_sdk=/home/lewis/src/ad-law-scrape/athletic-rust-pipeline/target/debug/deps/librestate_sdk-b8e1324a257ad713.rlib --extern serde=/home/lewis/src/ad-law-scrape/athletic-rust-pipeline/target/debug/deps/libserde-986bafa530b5bae4.rlib --extern serde_json=/home/lewis/src/ad-law-scrape/athletic-rust-pipeline/target/debug/deps/libserde_json-089accd2b59d2a69.rlib --extern sha2=/home/lewis/src/ad-law-scrape/athletic-rust-pipeline/target/debug/deps/libsha2-9bff55c82a06cc2d.rlib --extern tempfile=/home/lewis/src/ad-law-scrape/athletic-rust-pipeline/target/debug/deps/libtempfile-a4df9dd1458cfb0b.rlib --extern thiserror=/home/lewis/src/ad-law-scrape/athletic-rust-pipeline/target/debug/deps/libthiserror-1bc0d12be9ec7558.rlib --extern tokio=/home/lewis/src/ad-law-scrape/athletic-rust-pipeline/target/debug/deps/libtokio-176180b45f60ab71.rlib --extern tracing=/home/lewis/src/ad-law-scrape/athletic-rust-pipeline/target/debug/deps/libtracing-71dadc955179d0b7.rlib --extern tracing_subscriber=/home/lewis/src/ad-law-scrape/athletic-rust-pipeline/target/debug/deps/libtracing_subscriber-9c895a655669e740.rlib --extern url=/home/lewis/src/ad-law-scrape/athletic-rust-pipeline/target/debug/deps/liburl-0f547cf413905183.rlib -L native=/home/lewis/src/ad-law-scrape/athletic-rust-pipeline/target/debug/build/aws-lc-sys-fe6f7cfce21015b1/out -L native=/home/lewis/src/ad-law-scrape/athletic-rust-pipeline/target/debug/build/alloca-6f4ce09a0d12da82/out`
     Running `sccache /home/lewis/.rustup/toolchains/nightly-2026-04-27-x86_64-unknown-linux-gnu/bin/rustc --crate-name fjall_restate_e2e --edition=2021 crates/census-service/tests/fjall_restate_e2e.rs --error-format=json --json=diagnostic-rendered-ansi,artifacts,future-incompat --emit=dep-info,link -C embed-bitcode=no -C debuginfo=2 --deny=unused_must_use --forbid=unsafe_code '--deny=clippy::unimplemented' --warn=unexpected_cfgs '--deny=clippy::todo' '--deny=clippy::panic_in_result_fn' '--deny=clippy::dbg_macro' --check-cfg 'cfg(kani)' --check-cfg 'cfg(tokio_unstable)' --test --check-cfg 'cfg(docsrs,test)' --check-cfg 'cfg(feature, values("loom"))' -C metadata=d420c6f24ac70184 -C extra-filename=-220105f8d1e50031 --out-dir /home/lewis/src/ad-law-scrape/athletic-rust-pipeline/target/debug/deps -C incremental=/home/lewis/src/ad-law-scrape/athletic-rust-pipeline/target/debug/incremental -L dependency=/home/lewis/src/ad-law-scrape/athletic-rust-pipeline/target/debug/deps --extern anyhow=/home/lewis/src/ad-law-scrape/athletic-rust-pipeline/target/debug/deps/libanyhow-2889f2bfb7da9aa2.rlib --extern athleticnet_browser=/home/lewis/src/ad-law-scrape/athletic-rust-pipeline/target/debug/deps/libathleticnet_browser-bda8f2721813b351.rlib --extern calamine=/home/lewis/src/ad-law-scrape/athletic-rust-pipeline/target/debug/deps/libcalamine-1e43699899949caa.rlib --extern census_crawl=/home/lewis/src/ad-law-scrape/athletic-rust-pipeline/target/debug/deps/libcensus_crawl-2db6656636bfbe35.rlib --extern census_domain=/home/lewis/src/ad-law-scrape/athletic-rust-pipeline/target/debug/deps/libcensus_domain-b50239c3a21a213d.rlib --extern census_reconcile=/home/lewis/src/ad-law-scrape/athletic-rust-pipeline/target/debug/deps/libcensus_reconcile-9016cd207d19f056.rlib --extern census_report=/home/lewis/src/ad-law-scrape/athletic-rust-pipeline/target/debug/deps/libcensus_report-f00748804e3574f7.rlib --extern census_review=/home/lewis/src/ad-law-scrape/athletic-rust-pipeline/target/debug/deps/libcensus_review-e8047dadcfe2e798.rlib --extern census_service=/home/lewis/src/ad-law-scrape/athletic-rust-pipeline/target/debug/deps/libcensus_service-a2c832ed4f4a7b74.rlib --extern census_store=/home/lewis/src/ad-law-scrape/athletic-rust-pipeline/target/debug/deps/libcensus_store-4b3ab36e5e10e2d6.rlib --extern chrono=/home/lewis/src/ad-law-scrape/athletic-rust-pipeline/target/debug/deps/libchrono-3cfdd5a6cfad533c.rlib --extern clap=/home/lewis/src/ad-law-scrape/athletic-rust-pipeline/target/debug/deps/libclap-15fb2c4871ae48dc.rlib --extern criterion=/home/lewis/src/ad-law-scrape/athletic-rust-pipeline/target/debug/deps/libcriterion-76b120103f8671f9.rlib --extern csv=/home/lewis/src/ad-law-scrape/athletic-rust-pipeline/target/debug/deps/libcsv-17bdf72ebda1dc06.rlib --extern fjall=/home/lewis/src/ad-law-scrape/athletic-rust-pipeline/target/debug/deps/libfjall-9c34df85f83c860b.rlib --extern futures=/home/lewis/src/ad-law-scrape/athletic-rust-pipeline/target/debug/deps/libfutures-e201c81fd8cd99ce.rlib --extern loom=/home/lewis/src/ad-law-scrape/athletic-rust-pipeline/target/debug/deps/libloom-77973b48c26c59ea.rlib --extern proptest=/home/lewis/src/ad-law-scrape/athletic-rust-pipeline/target/debug/deps/libproptest-b467e86f02d360a5.rlib --extern regex=/home/lewis/src/ad-law-scrape/athletic-rust-pipeline/target/debug/deps/libregex-9df6b0e5286f169d.rlib --extern reqwest=/home/lewis/src/ad-law-scrape/athletic-rust-pipeline/target/debug/deps/libreqwest-fdc91a4de5a1c963.rlib --extern restate_sdk=/home/lewis/src/ad-law-scrape/athletic-rust-pipeline/target/debug/deps/librestate_sdk-b8e1324a257ad713.rlib --extern serde=/home/lewis/src/ad-law-scrape/athletic-rust-pipeline/target/debug/deps/libserde-986bafa530b5bae4.rlib --extern serde_json=/home/lewis/src/ad-law-scrape/athletic-rust-pipeline/target/debug/deps/libserde_json-089accd2b59d2a69.rlib --extern sha2=/home/lewis/src/ad-law-scrape/athletic-rust-pipeline/target/debug/deps/libsha2-9bff55c82a06cc2d.rlib --extern tempfile=/home/lewis/src/ad-law-scrape/athletic-rust-pipeline/target/debug/deps/libtempfile-a4df9dd1458cfb0b.rlib --extern thiserror=/home/lewis/src/ad-law-scrape/athletic-rust-pipeline/target/debug/deps/libthiserror-1bc0d12be9ec7558.rlib --extern tokio=/home/lewis/src/ad-law-scrape/athletic-rust-pipeline/target/debug/deps/libtokio-176180b45f60ab71.rlib --extern tracing=/home/lewis/src/ad-law-scrape/athletic-rust-pipeline/target/debug/deps/libtracing-71dadc955179d0b7.rlib --extern tracing_subscriber=/home/lewis/src/ad-law-scrape/athletic-rust-pipeline/target/debug/deps/libtracing_subscriber-9c895a655669e740.rlib --extern url=/home/lewis/src/ad-law-scrape/athletic-rust-pipeline/target/debug/deps/liburl-0f547cf413905183.rlib -L native=/home/lewis/src/ad-law-scrape/athletic-rust-pipeline/target/debug/build/aws-lc-sys-fe6f7cfce21015b1/out -L native=/home/lewis/src/ad-law-scrape/athletic-rust-pipeline/target/debug/build/alloca-6f4ce09a0d12da82/out`
     Running `sccache /home/lewis/.rustup/toolchains/nightly-2026-04-27-x86_64-unknown-linux-gnu/bin/rustc --crate-name merge_properties --edition=2021 crates/census-service/tests/merge_properties.rs --error-format=json --json=diagnostic-rendered-ansi,artifacts,future-incompat --emit=dep-info,link -C embed-bitcode=no -C debuginfo=2 --deny=unused_must_use --forbid=unsafe_code '--deny=clippy::unimplemented' --warn=unexpected_cfgs '--deny=clippy::todo' '--deny=clippy::panic_in_result_fn' '--deny=clippy::dbg_macro' --check-cfg 'cfg(kani)' --check-cfg 'cfg(tokio_unstable)' --test --check-cfg 'cfg(docsrs,test)' --check-cfg 'cfg(feature, values("loom"))' -C metadata=dbfde0cf5d41fa8c -C extra-filename=-b5398387ab348fc2 --out-dir /home/lewis/src/ad-law-scrape/athletic-rust-pipeline/target/debug/deps -C incremental=/home/lewis/src/ad-law-scrape/athletic-rust-pipeline/target/debug/incremental -L dependency=/home/lewis/src/ad-law-scrape/athletic-rust-pipeline/target/debug/deps --extern anyhow=/home/lewis/src/ad-law-scrape/athletic-rust-pipeline/target/debug/deps/libanyhow-2889f2bfb7da9aa2.rlib --extern athleticnet_browser=/home/lewis/src/ad-law-scrape/athletic-rust-pipeline/target/debug/deps/libathleticnet_browser-bda8f2721813b351.rlib --extern calamine=/home/lewis/src/ad-law-scrape/athletic-rust-pipeline/target/debug/deps/libcalamine-1e43699899949caa.rlib --extern census_crawl=/home/lewis/src/ad-law-scrape/athletic-rust-pipeline/target/debug/deps/libcensus_crawl-2db6656636bfbe35.rlib --extern census_domain=/home/lewis/src/ad-law-scrape/athletic-rust-pipeline/target/debug/deps/libcensus_domain-b50239c3a21a213d.rlib --extern census_reconcile=/home/lewis/src/ad-law-scrape/athletic-rust-pipeline/target/debug/deps/libcensus_reconcile-9016cd207d19f056.rlib --extern census_report=/home/lewis/src/ad-law-scrape/athletic-rust-pipeline/target/debug/deps/libcensus_report-f00748804e3574f7.rlib --extern census_review=/home/lewis/src/ad-law-scrape/athletic-rust-pipeline/target/debug/deps/libcensus_review-e8047dadcfe2e798.rlib --extern census_service=/home/lewis/src/ad-law-scrape/athletic-rust-pipeline/target/debug/deps/libcensus_service-a2c832ed4f4a7b74.rlib --extern census_store=/home/lewis/src/ad-law-scrape/athletic-rust-pipeline/target/debug/deps/libcensus_store-4b3ab36e5e10e2d6.rlib --extern chrono=/home/lewis/src/ad-law-scrape/athletic-rust-pipeline/target/debug/deps/libchrono-3cfdd5a6cfad533c.rlib --extern clap=/home/lewis/src/ad-law-scrape/athletic-rust-pipeline/target/debug/deps/libclap-15fb2c4871ae48dc.rlib --extern criterion=/home/lewis/src/ad-law-scrape/athletic-rust-pipeline/target/debug/deps/libcriterion-76b120103f8671f9.rlib --extern csv=/home/lewis/src/ad-law-scrape/athletic-rust-pipeline/target/debug/deps/libcsv-17bdf72ebda1dc06.rlib --extern fjall=/home/lewis/src/ad-law-scrape/athletic-rust-pipeline/target/debug/deps/libfjall-9c34df85f83c860b.rlib --extern futures=/home/lewis/src/ad-law-scrape/athletic-rust-pipeline/target/debug/deps/libfutures-e201c81fd8cd99ce.rlib --extern loom=/home/lewis/src/ad-law-scrape/athletic-rust-pipeline/target/debug/deps/libloom-77973b48c26c59ea.rlib --extern proptest=/home/lewis/src/ad-law-scrape/athletic-rust-pipeline/target/debug/deps/libproptest-b467e86f02d360a5.rlib --extern regex=/home/lewis/src/ad-law-scrape/athletic-rust-pipeline/target/debug/deps/libregex-9df6b0e5286f169d.rlib --extern reqwest=/home/lewis/src/ad-law-scrape/athletic-rust-pipeline/target/debug/deps/libreqwest-fdc91a4de5a1c963.rlib --extern restate_sdk=/home/lewis/src/ad-law-scrape/athletic-rust-pipeline/target/debug/deps/librestate_sdk-b8e1324a257ad713.rlib --extern serde=/home/lewis/src/ad-law-scrape/athletic-rust-pipeline/target/debug/deps/libserde-986bafa530b5bae4.rlib --extern serde_json=/home/lewis/src/ad-law-scrape/athletic-rust-pipeline/target/debug/deps/libserde_json-089accd2b59d2a69.rlib --extern sha2=/home/lewis/src/ad-law-scrape/athletic-rust-pipeline/target/debug/deps/libsha2-9bff55c82a06cc2d.rlib --extern tempfile=/home/lewis/src/ad-law-scrape/athletic-rust-pipeline/target/debug/deps/libtempfile-a4df9dd1458cfb0b.rlib --extern thiserror=/home/lewis/src/ad-law-scrape/athletic-rust-pipeline/target/debug/deps/libthiserror-1bc0d12be9ec7558.rlib --extern tokio=/home/lewis/src/ad-law-scrape/athletic-rust-pipeline/target/debug/deps/libtokio-176180b45f60ab71.rlib --extern tracing=/home/lewis/src/ad-law-scrape/athletic-rust-pipeline/target/debug/deps/libtracing-71dadc955179d0b7.rlib --extern tracing_subscriber=/home/lewis/src/ad-law-scrape/athletic-rust-pipeline/target/debug/deps/libtracing_subscriber-9c895a655669e740.rlib --extern url=/home/lewis/src/ad-law-scrape/athletic-rust-pipeline/target/debug/deps/liburl-0f547cf413905183.rlib -L native=/home/lewis/src/ad-law-scrape/athletic-rust-pipeline/target/debug/build/aws-lc-sys-fe6f7cfce21015b1/out -L native=/home/lewis/src/ad-law-scrape/athletic-rust-pipeline/target/debug/build/alloca-6f4ce09a0d12da82/out`
     Running `sccache /home/lewis/.rustup/toolchains/nightly-2026-04-27-x86_64-unknown-linux-gnu/bin/rustc --crate-name census_service --edition=2021 crates/census-service/src/main.rs --error-format=json --json=diagnostic-rendered-ansi,artifacts,future-incompat --emit=dep-info,link -C embed-bitcode=no -C debuginfo=2 --deny=unused_must_use --forbid=unsafe_code '--deny=clippy::unimplemented' --warn=unexpected_cfgs '--deny=clippy::todo' '--deny=clippy::panic_in_result_fn' '--deny=clippy::dbg_macro' --check-cfg 'cfg(kani)' --check-cfg 'cfg(tokio_unstable)' --test --check-cfg 'cfg(docsrs,test)' --check-cfg 'cfg(feature, values("loom"))' -C metadata=1c24a10db6048e91 -C extra-filename=-3a73562b9831eaaa --out-dir /home/lewis/src/ad-law-scrape/athletic-rust-pipeline/target/debug/deps -C incremental=/home/lewis/src/ad-law-scrape/athletic-rust-pipeline/target/debug/incremental -L dependency=/home/lewis/src/ad-law-scrape/athletic-rust-pipeline/target/debug/deps --extern anyhow=/home/lewis/src/ad-law-scrape/athletic-rust-pipeline/target/debug/deps/libanyhow-2889f2bfb7da9aa2.rlib --extern athleticnet_browser=/home/lewis/src/ad-law-scrape/athletic-rust-pipeline/target/debug/deps/libathleticnet_browser-bda8f2721813b351.rlib --extern calamine=/home/lewis/src/ad-law-scrape/athletic-rust-pipeline/target/debug/deps/libcalamine-1e43699899949caa.rlib --extern census_crawl=/home/lewis/src/ad-law-scrape/athletic-rust-pipeline/target/debug/deps/libcensus_crawl-2db6656636bfbe35.rlib --extern census_domain=/home/lewis/src/ad-law-scrape/athletic-rust-pipeline/target/debug/deps/libcensus_domain-b50239c3a21a213d.rlib --extern census_reconcile=/home/lewis/src/ad-law-scrape/athletic-rust-pipeline/target/debug/deps/libcensus_reconcile-9016cd207d19f056.rlib --extern census_report=/home/lewis/src/ad-law-scrape/athletic-rust-pipeline/target/debug/deps/libcensus_report-f00748804e3574f7.rlib --extern census_review=/home/lewis/src/ad-law-scrape/athletic-rust-pipeline/target/debug/deps/libcensus_review-e8047dadcfe2e798.rlib --extern census_service=/home/lewis/src/ad-law-scrape/athletic-rust-pipeline/target/debug/deps/libcensus_service-a2c832ed4f4a7b74.rlib --extern census_store=/home/lewis/src/ad-law-scrape/athletic-rust-pipeline/target/debug/deps/libcensus_store-4b3ab36e5e10e2d6.rlib --extern chrono=/home/lewis/src/ad-law-scrape/athletic-rust-pipeline/target/debug/deps/libchrono-3cfdd5a6cfad533c.rlib --extern clap=/home/lewis/src/ad-law-scrape/athletic-rust-pipeline/target/debug/deps/libclap-15fb2c4871ae48dc.rlib --extern criterion=/home/lewis/src/ad-law-scrape/athletic-rust-pipeline/target/debug/deps/libcriterion-76b120103f8671f9.rlib --extern csv=/home/lewis/src/ad-law-scrape/athletic-rust-pipeline/target/debug/deps/libcsv-17bdf72ebda1dc06.rlib --extern fjall=/home/lewis/src/ad-law-scrape/athletic-rust-pipeline/target/debug/deps/libfjall-9c34df85f83c860b.rlib --extern futures=/home/lewis/src/ad-law-scrape/athletic-rust-pipeline/target/debug/deps/libfutures-e201c81fd8cd99ce.rlib --extern loom=/home/lewis/src/ad-law-scrape/athletic-rust-pipeline/target/debug/deps/libloom-77973b48c26c59ea.rlib --extern proptest=/home/lewis/src/ad-law-scrape/athletic-rust-pipeline/target/debug/deps/libproptest-b467e86f02d360a5.rlib --extern regex=/home/lewis/src/ad-law-scrape/athletic-rust-pipeline/target/debug/deps/libregex-9df6b0e5286f169d.rlib --extern reqwest=/home/lewis/src/ad-law-scrape/athletic-rust-pipeline/target/debug/deps/libreqwest-fdc91a4de5a1c963.rlib --extern restate_sdk=/home/lewis/src/ad-law-scrape/athletic-rust-pipeline/target/debug/deps/librestate_sdk-b8e1324a257ad713.rlib --extern serde=/home/lewis/src/ad-law-scrape/athletic-rust-pipeline/target/debug/deps/libserde-986bafa530b5bae4.rlib --extern serde_json=/home/lewis/src/ad-law-scrape/athletic-rust-pipeline/target/debug/deps/libserde_json-089accd2b59d2a69.rlib --extern sha2=/home/lewis/src/ad-law-scrape/athletic-rust-pipeline/target/debug/deps/libsha2-9bff55c82a06cc2d.rlib --extern tempfile=/home/lewis/src/ad-law-scrape/athletic-rust-pipeline/target/debug/deps/libtempfile-a4df9dd1458cfb0b.rlib --extern thiserror=/home/lewis/src/ad-law-scrape/athletic-rust-pipeline/target/debug/deps/libthiserror-1bc0d12be9ec7558.rlib --extern tokio=/home/lewis/src/ad-law-scrape/athletic-rust-pipeline/target/debug/deps/libtokio-176180b45f60ab71.rlib --extern tracing=/home/lewis/src/ad-law-scrape/athletic-rust-pipeline/target/debug/deps/libtracing-71dadc955179d0b7.rlib --extern tracing_subscriber=/home/lewis/src/ad-law-scrape/athletic-rust-pipeline/target/debug/deps/libtracing_subscriber-9c895a655669e740.rlib --extern url=/home/lewis/src/ad-law-scrape/athletic-rust-pipeline/target/debug/deps/liburl-0f547cf413905183.rlib -L native=/home/lewis/src/ad-law-scrape/athletic-rust-pipeline/target/debug/build/aws-lc-sys-fe6f7cfce21015b1/out -L native=/home/lewis/src/ad-law-scrape/athletic-rust-pipeline/target/debug/build/alloca-6f4ce09a0d12da82/out`
     Running `sccache /home/lewis/.rustup/toolchains/nightly-2026-04-27-x86_64-unknown-linux-gnu/bin/rustc --crate-name exporter_kill_restart --edition=2021 crates/census-service/tests/exporter_kill_restart.rs --error-format=json --json=diagnostic-rendered-ansi,artifacts,future-incompat --emit=dep-info,link -C embed-bitcode=no -C debuginfo=2 --deny=unused_must_use --forbid=unsafe_code '--deny=clippy::unimplemented' --warn=unexpected_cfgs '--deny=clippy::todo' '--deny=clippy::panic_in_result_fn' '--deny=clippy::dbg_macro' --check-cfg 'cfg(kani)' --check-cfg 'cfg(tokio_unstable)' --test --check-cfg 'cfg(docsrs,test)' --check-cfg 'cfg(feature, values("loom"))' -C metadata=a030436e13cd923f -C extra-filename=-65eb3795f0ea88a1 --out-dir /home/lewis/src/ad-law-scrape/athletic-rust-pipeline/target/debug/deps -C incremental=/home/lewis/src/ad-law-scrape/athletic-rust-pipeline/target/debug/incremental -L dependency=/home/lewis/src/ad-law-scrape/athletic-rust-pipeline/target/debug/deps --extern anyhow=/home/lewis/src/ad-law-scrape/athletic-rust-pipeline/target/debug/deps/libanyhow-2889f2bfb7da9aa2.rlib --extern athleticnet_browser=/home/lewis/src/ad-law-scrape/athletic-rust-pipeline/target/debug/deps/libathleticnet_browser-bda8f2721813b351.rlib --extern calamine=/home/lewis/src/ad-law-scrape/athletic-rust-pipeline/target/debug/deps/libcalamine-1e43699899949caa.rlib --extern census_crawl=/home/lewis/src/ad-law-scrape/athletic-rust-pipeline/target/debug/deps/libcensus_crawl-2db6656636bfbe35.rlib --extern census_domain=/home/lewis/src/ad-law-scrape/athletic-rust-pipeline/target/debug/deps/libcensus_domain-b50239c3a21a213d.rlib --extern census_reconcile=/home/lewis/src/ad-law-scrape/athletic-rust-pipeline/target/debug/deps/libcensus_reconcile-9016cd207d19f056.rlib --extern census_report=/home/lewis/src/ad-law-scrape/athletic-rust-pipeline/target/debug/deps/libcensus_report-f00748804e3574f7.rlib --extern census_review=/home/lewis/src/ad-law-scrape/athletic-rust-pipeline/target/debug/deps/libcensus_review-e8047dadcfe2e798.rlib --extern census_service=/home/lewis/src/ad-law-scrape/athletic-rust-pipeline/target/debug/deps/libcensus_service-a2c832ed4f4a7b74.rlib --extern census_store=/home/lewis/src/ad-law-scrape/athletic-rust-pipeline/target/debug/deps/libcensus_store-4b3ab36e5e10e2d6.rlib --extern chrono=/home/lewis/src/ad-law-scrape/athletic-rust-pipeline/target/debug/deps/libchrono-3cfdd5a6cfad533c.rlib --extern clap=/home/lewis/src/ad-law-scrape/athletic-rust-pipeline/target/debug/deps/libclap-15fb2c4871ae48dc.rlib --extern criterion=/home/lewis/src/ad-law-scrape/athletic-rust-pipeline/target/debug/deps/libcriterion-76b120103f8671f9.rlib --extern csv=/home/lewis/src/ad-law-scrape/athletic-rust-pipeline/target/debug/deps/libcsv-17bdf72ebda1dc06.rlib --extern fjall=/home/lewis/src/ad-law-scrape/athletic-rust-pipeline/target/debug/deps/libfjall-9c34df85f83c860b.rlib --extern futures=/home/lewis/src/ad-law-scrape/athletic-rust-pipeline/target/debug/deps/libfutures-e201c81fd8cd99ce.rlib --extern loom=/home/lewis/src/ad-law-scrape/athletic-rust-pipeline/target/debug/deps/libloom-77973b48c26c59ea.rlib --extern proptest=/home/lewis/src/ad-law-scrape/athletic-rust-pipeline/target/debug/deps/libproptest-b467e86f02d360a5.rlib --extern regex=/home/lewis/src/ad-law-scrape/athletic-rust-pipeline/target/debug/deps/libregex-9df6b0e5286f169d.rlib --extern reqwest=/home/lewis/src/ad-law-scrape/athletic-rust-pipeline/target/debug/deps/libreqwest-fdc91a4de5a1c963.rlib --extern restate_sdk=/home/lewis/src/ad-law-scrape/athletic-rust-pipeline/target/debug/deps/librestate_sdk-b8e1324a257ad713.rlib --extern serde=/home/lewis/src/ad-law-scrape/athletic-rust-pipeline/target/debug/deps/libserde-986bafa530b5bae4.rlib --extern serde_json=/home/lewis/src/ad-law-scrape/athletic-rust-pipeline/target/debug/deps/libserde_json-089accd2b59d2a69.rlib --extern sha2=/home/lewis/src/ad-law-scrape/athletic-rust-pipeline/target/debug/deps/libsha2-9bff55c82a06cc2d.rlib --extern tempfile=/home/lewis/src/ad-law-scrape/athletic-rust-pipeline/target/debug/deps/libtempfile-a4df9dd1458cfb0b.rlib --extern thiserror=/home/lewis/src/ad-law-scrape/athletic-rust-pipeline/target/debug/deps/libthiserror-1bc0d12be9ec7558.rlib --extern tokio=/home/lewis/src/ad-law-scrape/athletic-rust-pipeline/target/debug/deps/libtokio-176180b45f60ab71.rlib --extern tracing=/home/lewis/src/ad-law-scrape/athletic-rust-pipeline/target/debug/deps/libtracing-71dadc955179d0b7.rlib --extern tracing_subscriber=/home/lewis/src/ad-law-scrape/athletic-rust-pipeline/target/debug/deps/libtracing_subscriber-9c895a655669e740.rlib --extern url=/home/lewis/src/ad-law-scrape/athletic-rust-pipeline/target/debug/deps/liburl-0f547cf413905183.rlib -L native=/home/lewis/src/ad-law-scrape/athletic-rust-pipeline/target/debug/build/aws-lc-sys-fe6f7cfce21015b1/out -L native=/home/lewis/src/ad-law-scrape/athletic-rust-pipeline/target/debug/build/alloca-6f4ce09a0d12da82/out`
warning: function `tests_dir` is never used
 --> crates/census-service/tests/common/mod.rs:6:4
  |
6 | fn tests_dir() -> Result<PathBuf> {
  |    ^^^^^^^^^
  |
  = note: `#[warn(dead_code)]` (part of `#[warn(unused)]`) on by default

warning: function `golden_dir` is never used
  --> crates/census-service/tests/common/mod.rs:28:8
   |
28 | pub fn golden_dir() -> Result<PathBuf> {
   |        ^^^^^^^^^^

warning: function `assert_golden` is never used
  --> crates/census-service/tests/common/mod.rs:62:8
   |
62 | pub fn assert_golden<T: serde::Serialize>(name: &str, value: &T) -> Result<()> {
   |        ^^^^^^^^^^^^^

warning: function `assert_golden_json` is never used
  --> crates/census-service/tests/common/mod.rs:68:8
   |
68 | pub fn assert_golden_json(name: &str, json: &str) -> Result<()> {
   |        ^^^^^^^^^^^^^^^^^^

warning: function `digest` is never used
   --> crates/census-service/tests/common/mod.rs:103:8
    |
103 | pub fn digest<T: serde::Serialize>(value: &T) -> Result<String> {
    |        ^^^^^^

     Running `sccache /home/lewis/.rustup/toolchains/nightly-2026-04-27-x86_64-unknown-linux-gnu/bin/rustc --crate-name private_assoc_directory_properties --edition=2021 crates/census-service/tests/private_assoc_directory_properties.rs --error-format=json --json=diagnostic-rendered-ansi,artifacts,future-incompat --emit=dep-info,link -C embed-bitcode=no -C debuginfo=2 --deny=unused_must_use --forbid=unsafe_code '--deny=clippy::unimplemented' --warn=unexpected_cfgs '--deny=clippy::todo' '--deny=clippy::panic_in_result_fn' '--deny=clippy::dbg_macro' --check-cfg 'cfg(kani)' --check-cfg 'cfg(tokio_unstable)' --test --check-cfg 'cfg(docsrs,test)' --check-cfg 'cfg(feature, values("loom"))' -C metadata=52d784f7c2ffa736 -C extra-filename=-f1027c670d2f9964 --out-dir /home/lewis/src/ad-law-scrape/athletic-rust-pipeline/target/debug/deps -C incremental=/home/lewis/src/ad-law-scrape/athletic-rust-pipeline/target/debug/incremental -L dependency=/home/lewis/src/ad-law-scrape/athletic-rust-pipeline/target/debug/deps --extern anyhow=/home/lewis/src/ad-law-scrape/athletic-rust-pipeline/target/debug/deps/libanyhow-2889f2bfb7da9aa2.rlib --extern athleticnet_browser=/home/lewis/src/ad-law-scrape/athletic-rust-pipeline/target/debug/deps/libathleticnet_browser-bda8f2721813b351.rlib --extern calamine=/home/lewis/src/ad-law-scrape/athletic-rust-pipeline/target/debug/deps/libcalamine-1e43699899949caa.rlib --extern census_crawl=/home/lewis/src/ad-law-scrape/athletic-rust-pipeline/target/debug/deps/libcensus_crawl-2db6656636bfbe35.rlib --extern census_domain=/home/lewis/src/ad-law-scrape/athletic-rust-pipeline/target/debug/deps/libcensus_domain-b50239c3a21a213d.rlib --extern census_reconcile=/home/lewis/src/ad-law-scrape/athletic-rust-pipeline/target/debug/deps/libcensus_reconcile-9016cd207d19f056.rlib --extern census_report=/home/lewis/src/ad-law-scrape/athletic-rust-pipeline/target/debug/deps/libcensus_report-f00748804e3574f7.rlib --extern census_review=/home/lewis/src/ad-law-scrape/athletic-rust-pipeline/target/debug/deps/libcensus_review-e8047dadcfe2e798.rlib --extern census_service=/home/lewis/src/ad-law-scrape/athletic-rust-pipeline/target/debug/deps/libcensus_service-a2c832ed4f4a7b74.rlib --extern census_store=/home/lewis/src/ad-law-scrape/athletic-rust-pipeline/target/debug/deps/libcensus_store-4b3ab36e5e10e2d6.rlib --extern chrono=/home/lewis/src/ad-law-scrape/athletic-rust-pipeline/target/debug/deps/libchrono-3cfdd5a6cfad533c.rlib --extern clap=/home/lewis/src/ad-law-scrape/athletic-rust-pipeline/target/debug/deps/libclap-15fb2c4871ae48dc.rlib --extern criterion=/home/lewis/src/ad-law-scrape/athletic-rust-pipeline/target/debug/deps/libcriterion-76b120103f8671f9.rlib --extern csv=/home/lewis/src/ad-law-scrape/athletic-rust-pipeline/target/debug/deps/libcsv-17bdf72ebda1dc06.rlib --extern fjall=/home/lewis/src/ad-law-scrape/athletic-rust-pipeline/target/debug/deps/libfjall-9c34df85f83c860b.rlib --extern futures=/home/lewis/src/ad-law-scrape/athletic-rust-pipeline/target/debug/deps/libfutures-e201c81fd8cd99ce.rlib --extern loom=/home/lewis/src/ad-law-scrape/athletic-rust-pipeline/target/debug/deps/libloom-77973b48c26c59ea.rlib --extern proptest=/home/lewis/src/ad-law-scrape/athletic-rust-pipeline/target/debug/deps/libproptest-b467e86f02d360a5.rlib --extern regex=/home/lewis/src/ad-law-scrape/athletic-rust-pipeline/target/debug/deps/libregex-9df6b0e5286f169d.rlib --extern reqwest=/home/lewis/src/ad-law-scrape/athletic-rust-pipeline/target/debug/deps/libreqwest-fdc91a4de5a1c963.rlib --extern restate_sdk=/home/lewis/src/ad-law-scrape/athletic-rust-pipeline/target/debug/deps/librestate_sdk-b8e1324a257ad713.rlib --extern serde=/home/lewis/src/ad-law-scrape/athletic-rust-pipeline/target/debug/deps/libserde-986bafa530b5bae4.rlib --extern serde_json=/home/lewis/src/ad-law-scrape/athletic-rust-pipeline/target/debug/deps/libserde_json-089accd2b59d2a69.rlib --extern sha2=/home/lewis/src/ad-law-scrape/athletic-rust-pipeline/target/debug/deps/libsha2-9bff55c82a06cc2d.rlib --extern tempfile=/home/lewis/src/ad-law-scrape/athletic-rust-pipeline/target/debug/deps/libtempfile-a4df9dd1458cfb0b.rlib --extern thiserror=/home/lewis/src/ad-law-scrape/athletic-rust-pipeline/target/debug/deps/libthiserror-1bc0d12be9ec7558.rlib --extern tokio=/home/lewis/src/ad-law-scrape/athletic-rust-pipeline/target/debug/deps/libtokio-176180b45f60ab71.rlib --extern tracing=/home/lewis/src/ad-law-scrape/athletic-rust-pipeline/target/debug/deps/libtracing-71dadc955179d0b7.rlib --extern tracing_subscriber=/home/lewis/src/ad-law-scrape/athletic-rust-pipeline/target/debug/deps/libtracing_subscriber-9c895a655669e740.rlib --extern url=/home/lewis/src/ad-law-scrape/athletic-rust-pipeline/target/debug/deps/liburl-0f547cf413905183.rlib -L native=/home/lewis/src/ad-law-scrape/athletic-rust-pipeline/target/debug/build/aws-lc-sys-fe6f7cfce21015b1/out -L native=/home/lewis/src/ad-law-scrape/athletic-rust-pipeline/target/debug/build/alloca-6f4ce09a0d12da82/out`
     Running `sccache /home/lewis/.rustup/toolchains/nightly-2026-04-27-x86_64-unknown-linux-gnu/bin/rustc --crate-name athleticnet_bio_replay --edition=2021 crates/census-service/tests/athleticnet_bio_replay.rs --error-format=json --json=diagnostic-rendered-ansi,artifacts,future-incompat --emit=dep-info,link -C embed-bitcode=no -C debuginfo=2 --deny=unused_must_use --forbid=unsafe_code '--deny=clippy::unimplemented' --warn=unexpected_cfgs '--deny=clippy::todo' '--deny=clippy::panic_in_result_fn' '--deny=clippy::dbg_macro' --check-cfg 'cfg(kani)' --check-cfg 'cfg(tokio_unstable)' --test --check-cfg 'cfg(docsrs,test)' --check-cfg 'cfg(feature, values("loom"))' -C metadata=970043f9f2b12ceb -C extra-filename=-f1db8db9ef33ca38 --out-dir /home/lewis/src/ad-law-scrape/athletic-rust-pipeline/target/debug/deps -C incremental=/home/lewis/src/ad-law-scrape/athletic-rust-pipeline/target/debug/incremental -L dependency=/home/lewis/src/ad-law-scrape/athletic-rust-pipeline/target/debug/deps --extern anyhow=/home/lewis/src/ad-law-scrape/athletic-rust-pipeline/target/debug/deps/libanyhow-2889f2bfb7da9aa2.rlib --extern athleticnet_browser=/home/lewis/src/ad-law-scrape/athletic-rust-pipeline/target/debug/deps/libathleticnet_browser-bda8f2721813b351.rlib --extern calamine=/home/lewis/src/ad-law-scrape/athletic-rust-pipeline/target/debug/deps/libcalamine-1e43699899949caa.rlib --extern census_crawl=/home/lewis/src/ad-law-scrape/athletic-rust-pipeline/target/debug/deps/libcensus_crawl-2db6656636bfbe35.rlib --extern census_domain=/home/lewis/src/ad-law-scrape/athletic-rust-pipeline/target/debug/deps/libcensus_domain-b50239c3a21a213d.rlib --extern census_reconcile=/home/lewis/src/ad-law-scrape/athletic-rust-pipeline/target/debug/deps/libcensus_reconcile-9016cd207d19f056.rlib --extern census_report=/home/lewis/src/ad-law-scrape/athletic-rust-pipeline/target/debug/deps/libcensus_report-f00748804e3574f7.rlib --extern census_review=/home/lewis/src/ad-law-scrape/athletic-rust-pipeline/target/debug/deps/libcensus_review-e8047dadcfe2e798.rlib --extern census_service=/home/lewis/src/ad-law-scrape/athletic-rust-pipeline/target/debug/deps/libcensus_service-a2c832ed4f4a7b74.rlib --extern census_store=/home/lewis/src/ad-law-scrape/athletic-rust-pipeline/target/debug/deps/libcensus_store-4b3ab36e5e10e2d6.rlib --extern chrono=/home/lewis/src/ad-law-scrape/athletic-rust-pipeline/target/debug/deps/libchrono-3cfdd5a6cfad533c.rlib --extern clap=/home/lewis/src/ad-law-scrape/athletic-rust-pipeline/target/debug/deps/libclap-15fb2c4871ae48dc.rlib --extern criterion=/home/lewis/src/ad-law-scrape/athletic-rust-pipeline/target/debug/deps/libcriterion-76b120103f8671f9.rlib --extern csv=/home/lewis/src/ad-law-scrape/athletic-rust-pipeline/target/debug/deps/libcsv-17bdf72ebda1dc06.rlib --extern fjall=/home/lewis/src/ad-law-scrape/athletic-rust-pipeline/target/debug/deps/libfjall-9c34df85f83c860b.rlib --extern futures=/home/lewis/src/ad-law-scrape/athletic-rust-pipeline/target/debug/deps/libfutures-e201c81fd8cd99ce.rlib --extern loom=/home/lewis/src/ad-law-scrape/athletic-rust-pipeline/target/debug/deps/libloom-77973b48c26c59ea.rlib --extern proptest=/home/lewis/src/ad-law-scrape/athletic-rust-pipeline/target/debug/deps/libproptest-b467e86f02d360a5.rlib --extern regex=/home/lewis/src/ad-law-scrape/athletic-rust-pipeline/target/debug/deps/libregex-9df6b0e5286f169d.rlib --extern reqwest=/home/lewis/src/ad-law-scrape/athletic-rust-pipeline/target/debug/deps/libreqwest-fdc91a4de5a1c963.rlib --extern restate_sdk=/home/lewis/src/ad-law-scrape/athletic-rust-pipeline/target/debug/deps/librestate_sdk-b8e1324a257ad713.rlib --extern serde=/home/lewis/src/ad-law-scrape/athletic-rust-pipeline/target/debug/deps/libserde-986bafa530b5bae4.rlib --extern serde_json=/home/lewis/src/ad-law-scrape/athletic-rust-pipeline/target/debug/deps/libserde_json-089accd2b59d2a69.rlib --extern sha2=/home/lewis/src/ad-law-scrape/athletic-rust-pipeline/target/debug/deps/libsha2-9bff55c82a06cc2d.rlib --extern tempfile=/home/lewis/src/ad-law-scrape/athletic-rust-pipeline/target/debug/deps/libtempfile-a4df9dd1458cfb0b.rlib --extern thiserror=/home/lewis/src/ad-law-scrape/athletic-rust-pipeline/target/debug/deps/libthiserror-1bc0d12be9ec7558.rlib --extern tokio=/home/lewis/src/ad-law-scrape/athletic-rust-pipeline/target/debug/deps/libtokio-176180b45f60ab71.rlib --extern tracing=/home/lewis/src/ad-law-scrape/athletic-rust-pipeline/target/debug/deps/libtracing-71dadc955179d0b7.rlib --extern tracing_subscriber=/home/lewis/src/ad-law-scrape/athletic-rust-pipeline/target/debug/deps/libtracing_subscriber-9c895a655669e740.rlib --extern url=/home/lewis/src/ad-law-scrape/athletic-rust-pipeline/target/debug/deps/liburl-0f547cf413905183.rlib -L native=/home/lewis/src/ad-law-scrape/athletic-rust-pipeline/target/debug/build/aws-lc-sys-fe6f7cfce21015b1/out -L native=/home/lewis/src/ad-law-scrape/athletic-rust-pipeline/target/debug/build/alloca-6f4ce09a0d12da82/out`
     Running `sccache /home/lewis/.rustup/toolchains/nightly-2026-04-27-x86_64-unknown-linux-gnu/bin/rustc --crate-name recovery --edition=2021 crates/census-service/tests/recovery.rs --error-format=json --json=diagnostic-rendered-ansi,artifacts,future-incompat --emit=dep-info,link -C embed-bitcode=no -C debuginfo=2 --deny=unused_must_use --forbid=unsafe_code '--deny=clippy::unimplemented' --warn=unexpected_cfgs '--deny=clippy::todo' '--deny=clippy::panic_in_result_fn' '--deny=clippy::dbg_macro' --check-cfg 'cfg(kani)' --check-cfg 'cfg(tokio_unstable)' --test --check-cfg 'cfg(docsrs,test)' --check-cfg 'cfg(feature, values("loom"))' -C metadata=8426d7a0b808eda3 -C extra-filename=-5b7620bf2392359f --out-dir /home/lewis/src/ad-law-scrape/athletic-rust-pipeline/target/debug/deps -C incremental=/home/lewis/src/ad-law-scrape/athletic-rust-pipeline/target/debug/incremental -L dependency=/home/lewis/src/ad-law-scrape/athletic-rust-pipeline/target/debug/deps --extern anyhow=/home/lewis/src/ad-law-scrape/athletic-rust-pipeline/target/debug/deps/libanyhow-2889f2bfb7da9aa2.rlib --extern athleticnet_browser=/home/lewis/src/ad-law-scrape/athletic-rust-pipeline/target/debug/deps/libathleticnet_browser-bda8f2721813b351.rlib --extern calamine=/home/lewis/src/ad-law-scrape/athletic-rust-pipeline/target/debug/deps/libcalamine-1e43699899949caa.rlib --extern census_crawl=/home/lewis/src/ad-law-scrape/athletic-rust-pipeline/target/debug/deps/libcensus_crawl-2db6656636bfbe35.rlib --extern census_domain=/home/lewis/src/ad-law-scrape/athletic-rust-pipeline/target/debug/deps/libcensus_domain-b50239c3a21a213d.rlib --extern census_reconcile=/home/lewis/src/ad-law-scrape/athletic-rust-pipeline/target/debug/deps/libcensus_reconcile-9016cd207d19f056.rlib --extern census_report=/home/lewis/src/ad-law-scrape/athletic-rust-pipeline/target/debug/deps/libcensus_report-f00748804e3574f7.rlib --extern census_review=/home/lewis/src/ad-law-scrape/athletic-rust-pipeline/target/debug/deps/libcensus_review-e8047dadcfe2e798.rlib --extern census_service=/home/lewis/src/ad-law-scrape/athletic-rust-pipeline/target/debug/deps/libcensus_service-a2c832ed4f4a7b74.rlib --extern census_store=/home/lewis/src/ad-law-scrape/athletic-rust-pipeline/target/debug/deps/libcensus_store-4b3ab36e5e10e2d6.rlib --extern chrono=/home/lewis/src/ad-law-scrape/athletic-rust-pipeline/target/debug/deps/libchrono-3cfdd5a6cfad533c.rlib --extern clap=/home/lewis/src/ad-law-scrape/athletic-rust-pipeline/target/debug/deps/libclap-15fb2c4871ae48dc.rlib --extern criterion=/home/lewis/src/ad-law-scrape/athletic-rust-pipeline/target/debug/deps/libcriterion-76b120103f8671f9.rlib --extern csv=/home/lewis/src/ad-law-scrape/athletic-rust-pipeline/target/debug/deps/libcsv-17bdf72ebda1dc06.rlib --extern fjall=/home/lewis/src/ad-law-scrape/athletic-rust-pipeline/target/debug/deps/libfjall-9c34df85f83c860b.rlib --extern futures=/home/lewis/src/ad-law-scrape/athletic-rust-pipeline/target/debug/deps/libfutures-e201c81fd8cd99ce.rlib --extern loom=/home/lewis/src/ad-law-scrape/athletic-rust-pipeline/target/debug/deps/libloom-77973b48c26c59ea.rlib --extern proptest=/home/lewis/src/ad-law-scrape/athletic-rust-pipeline/target/debug/deps/libproptest-b467e86f02d360a5.rlib --extern regex=/home/lewis/src/ad-law-scrape/athletic-rust-pipeline/target/debug/deps/libregex-9df6b0e5286f169d.rlib --extern reqwest=/home/lewis/src/ad-law-scrape/athletic-rust-pipeline/target/debug/deps/libreqwest-fdc91a4de5a1c963.rlib --extern restate_sdk=/home/lewis/src/ad-law-scrape/athletic-rust-pipeline/target/debug/deps/librestate_sdk-b8e1324a257ad713.rlib --extern serde=/home/lewis/src/ad-law-scrape/athletic-rust-pipeline/target/debug/deps/libserde-986bafa530b5bae4.rlib --extern serde_json=/home/lewis/src/ad-law-scrape/athletic-rust-pipeline/target/debug/deps/libserde_json-089accd2b59d2a69.rlib --extern sha2=/home/lewis/src/ad-law-scrape/athletic-rust-pipeline/target/debug/deps/libsha2-9bff55c82a06cc2d.rlib --extern tempfile=/home/lewis/src/ad-law-scrape/athletic-rust-pipeline/target/debug/deps/libtempfile-a4df9dd1458cfb0b.rlib --extern thiserror=/home/lewis/src/ad-law-scrape/athletic-rust-pipeline/target/debug/deps/libthiserror-1bc0d12be9ec7558.rlib --extern tokio=/home/lewis/src/ad-law-scrape/athletic-rust-pipeline/target/debug/deps/libtokio-176180b45f60ab71.rlib --extern tracing=/home/lewis/src/ad-law-scrape/athletic-rust-pipeline/target/debug/deps/libtracing-71dadc955179d0b7.rlib --extern tracing_subscriber=/home/lewis/src/ad-law-scrape/athletic-rust-pipeline/target/debug/deps/libtracing_subscriber-9c895a655669e740.rlib --extern url=/home/lewis/src/ad-law-scrape/athletic-rust-pipeline/target/debug/deps/liburl-0f547cf413905183.rlib -L native=/home/lewis/src/ad-law-scrape/athletic-rust-pipeline/target/debug/build/aws-lc-sys-fe6f7cfce21015b1/out -L native=/home/lewis/src/ad-law-scrape/athletic-rust-pipeline/target/debug/build/alloca-6f4ce09a0d12da82/out`
     Running `sccache /home/lewis/.rustup/toolchains/nightly-2026-04-27-x86_64-unknown-linux-gnu/bin/rustc --crate-name parity_national --edition=2021 crates/census-service/tests/parity_national.rs --error-format=json --json=diagnostic-rendered-ansi,artifacts,future-incompat --emit=dep-info,link -C embed-bitcode=no -C debuginfo=2 --deny=unused_must_use --forbid=unsafe_code '--deny=clippy::unimplemented' --warn=unexpected_cfgs '--deny=clippy::todo' '--deny=clippy::panic_in_result_fn' '--deny=clippy::dbg_macro' --check-cfg 'cfg(kani)' --check-cfg 'cfg(tokio_unstable)' --test --check-cfg 'cfg(docsrs,test)' --check-cfg 'cfg(feature, values("loom"))' -C metadata=a648dc85c2acd062 -C extra-filename=-4f9b0bb42b0f0c8f --out-dir /home/lewis/src/ad-law-scrape/athletic-rust-pipeline/target/debug/deps -C incremental=/home/lewis/src/ad-law-scrape/athletic-rust-pipeline/target/debug/incremental -L dependency=/home/lewis/src/ad-law-scrape/athletic-rust-pipeline/target/debug/deps --extern anyhow=/home/lewis/src/ad-law-scrape/athletic-rust-pipeline/target/debug/deps/libanyhow-2889f2bfb7da9aa2.rlib --extern athleticnet_browser=/home/lewis/src/ad-law-scrape/athletic-rust-pipeline/target/debug/deps/libathleticnet_browser-bda8f2721813b351.rlib --extern calamine=/home/lewis/src/ad-law-scrape/athletic-rust-pipeline/target/debug/deps/libcalamine-1e43699899949caa.rlib --extern census_crawl=/home/lewis/src/ad-law-scrape/athletic-rust-pipeline/target/debug/deps/libcensus_crawl-2db6656636bfbe35.rlib --extern census_domain=/home/lewis/src/ad-law-scrape/athletic-rust-pipeline/target/debug/deps/libcensus_domain-b50239c3a21a213d.rlib --extern census_reconcile=/home/lewis/src/ad-law-scrape/athletic-rust-pipeline/target/debug/deps/libcensus_reconcile-9016cd207d19f056.rlib --extern census_report=/home/lewis/src/ad-law-scrape/athletic-rust-pipeline/target/debug/deps/libcensus_report-f00748804e3574f7.rlib --extern census_review=/home/lewis/src/ad-law-scrape/athletic-rust-pipeline/target/debug/deps/libcensus_review-e8047dadcfe2e798.rlib --extern census_service=/home/lewis/src/ad-law-scrape/athletic-rust-pipeline/target/debug/deps/libcensus_service-a2c832ed4f4a7b74.rlib --extern census_store=/home/lewis/src/ad-law-scrape/athletic-rust-pipeline/target/debug/deps/libcensus_store-4b3ab36e5e10e2d6.rlib --extern chrono=/home/lewis/src/ad-law-scrape/athletic-rust-pipeline/target/debug/deps/libchrono-3cfdd5a6cfad533c.rlib --extern clap=/home/lewis/src/ad-law-scrape/athletic-rust-pipeline/target/debug/deps/libclap-15fb2c4871ae48dc.rlib --extern criterion=/home/lewis/src/ad-law-scrape/athletic-rust-pipeline/target/debug/deps/libcriterion-76b120103f8671f9.rlib --extern csv=/home/lewis/src/ad-law-scrape/athletic-rust-pipeline/target/debug/deps/libcsv-17bdf72ebda1dc06.rlib --extern fjall=/home/lewis/src/ad-law-scrape/athletic-rust-pipeline/target/debug/deps/libfjall-9c34df85f83c860b.rlib --extern futures=/home/lewis/src/ad-law-scrape/athletic-rust-pipeline/target/debug/deps/libfutures-e201c81fd8cd99ce.rlib --extern loom=/home/lewis/src/ad-law-scrape/athletic-rust-pipeline/target/debug/deps/libloom-77973b48c26c59ea.rlib --extern proptest=/home/lewis/src/ad-law-scrape/athletic-rust-pipeline/target/debug/deps/libproptest-b467e86f02d360a5.rlib --extern regex=/home/lewis/src/ad-law-scrape/athletic-rust-pipeline/target/debug/deps/libregex-9df6b0e5286f169d.rlib --extern reqwest=/home/lewis/src/ad-law-scrape/athletic-rust-pipeline/target/debug/deps/libreqwest-fdc91a4de5a1c963.rlib --extern restate_sdk=/home/lewis/src/ad-law-scrape/athletic-rust-pipeline/target/debug/deps/librestate_sdk-b8e1324a257ad713.rlib --extern serde=/home/lewis/src/ad-law-scrape/athletic-rust-pipeline/target/debug/deps/libserde-986bafa530b5bae4.rlib --extern serde_json=/home/lewis/src/ad-law-scrape/athletic-rust-pipeline/target/debug/deps/libserde_json-089accd2b59d2a69.rlib --extern sha2=/home/lewis/src/ad-law-scrape/athletic-rust-pipeline/target/debug/deps/libsha2-9bff55c82a06cc2d.rlib --extern tempfile=/home/lewis/src/ad-law-scrape/athletic-rust-pipeline/target/debug/deps/libtempfile-a4df9dd1458cfb0b.rlib --extern thiserror=/home/lewis/src/ad-law-scrape/athletic-rust-pipeline/target/debug/deps/libthiserror-1bc0d12be9ec7558.rlib --extern tokio=/home/lewis/src/ad-law-scrape/athletic-rust-pipeline/target/debug/deps/libtokio-176180b45f60ab71.rlib --extern tracing=/home/lewis/src/ad-law-scrape/athletic-rust-pipeline/target/debug/deps/libtracing-71dadc955179d0b7.rlib --extern tracing_subscriber=/home/lewis/src/ad-law-scrape/athletic-rust-pipeline/target/debug/deps/libtracing_subscriber-9c895a655669e740.rlib --extern url=/home/lewis/src/ad-law-scrape/athletic-rust-pipeline/target/debug/deps/liburl-0f547cf413905183.rlib -L native=/home/lewis/src/ad-law-scrape/athletic-rust-pipeline/target/debug/build/aws-lc-sys-fe6f7cfce21015b1/out -L native=/home/lewis/src/ad-law-scrape/athletic-rust-pipeline/target/debug/build/alloca-6f4ce09a0d12da82/out`
     Running `sccache /home/lewis/.rustup/toolchains/nightly-2026-04-27-x86_64-unknown-linux-gnu/bin/rustc --crate-name milesplit_roster_observations --edition=2021 crates/census-service/tests/milesplit_roster_observations.rs --error-format=json --json=diagnostic-rendered-ansi,artifacts,future-incompat --emit=dep-info,link -C embed-bitcode=no -C debuginfo=2 --deny=unused_must_use --forbid=unsafe_code '--deny=clippy::unimplemented' --warn=unexpected_cfgs '--deny=clippy::todo' '--deny=clippy::panic_in_result_fn' '--deny=clippy::dbg_macro' --check-cfg 'cfg(kani)' --check-cfg 'cfg(tokio_unstable)' --test --check-cfg 'cfg(docsrs,test)' --check-cfg 'cfg(feature, values("loom"))' -C metadata=3218a027cfa299b7 -C extra-filename=-ffcd24db5d7603b2 --out-dir /home/lewis/src/ad-law-scrape/athletic-rust-pipeline/target/debug/deps -C incremental=/home/lewis/src/ad-law-scrape/athletic-rust-pipeline/target/debug/incremental -L dependency=/home/lewis/src/ad-law-scrape/athletic-rust-pipeline/target/debug/deps --extern anyhow=/home/lewis/src/ad-law-scrape/athletic-rust-pipeline/target/debug/deps/libanyhow-2889f2bfb7da9aa2.rlib --extern athleticnet_browser=/home/lewis/src/ad-law-scrape/athletic-rust-pipeline/target/debug/deps/libathleticnet_browser-bda8f2721813b351.rlib --extern calamine=/home/lewis/src/ad-law-scrape/athletic-rust-pipeline/target/debug/deps/libcalamine-1e43699899949caa.rlib --extern census_crawl=/home/lewis/src/ad-law-scrape/athletic-rust-pipeline/target/debug/deps/libcensus_crawl-2db6656636bfbe35.rlib --extern census_domain=/home/lewis/src/ad-law-scrape/athletic-rust-pipeline/target/debug/deps/libcensus_domain-b50239c3a21a213d.rlib --extern census_reconcile=/home/lewis/src/ad-law-scrape/athletic-rust-pipeline/target/debug/deps/libcensus_reconcile-9016cd207d19f056.rlib --extern census_report=/home/lewis/src/ad-law-scrape/athletic-rust-pipeline/target/debug/deps/libcensus_report-f00748804e3574f7.rlib --extern census_review=/home/lewis/src/ad-law-scrape/athletic-rust-pipeline/target/debug/deps/libcensus_review-e8047dadcfe2e798.rlib --extern census_service=/home/lewis/src/ad-law-scrape/athletic-rust-pipeline/target/debug/deps/libcensus_service-a2c832ed4f4a7b74.rlib --extern census_store=/home/lewis/src/ad-law-scrape/athletic-rust-pipeline/target/debug/deps/libcensus_store-4b3ab36e5e10e2d6.rlib --extern chrono=/home/lewis/src/ad-law-scrape/athletic-rust-pipeline/target/debug/deps/libchrono-3cfdd5a6cfad533c.rlib --extern clap=/home/lewis/src/ad-law-scrape/athletic-rust-pipeline/target/debug/deps/libclap-15fb2c4871ae48dc.rlib --extern criterion=/home/lewis/src/ad-law-scrape/athletic-rust-pipeline/target/debug/deps/libcriterion-76b120103f8671f9.rlib --extern csv=/home/lewis/src/ad-law-scrape/athletic-rust-pipeline/target/debug/deps/libcsv-17bdf72ebda1dc06.rlib --extern fjall=/home/lewis/src/ad-law-scrape/athletic-rust-pipeline/target/debug/deps/libfjall-9c34df85f83c860b.rlib --extern futures=/home/lewis/src/ad-law-scrape/athletic-rust-pipeline/target/debug/deps/libfutures-e201c81fd8cd99ce.rlib --extern loom=/home/lewis/src/ad-law-scrape/athletic-rust-pipeline/target/debug/deps/libloom-77973b48c26c59ea.rlib --extern proptest=/home/lewis/src/ad-law-scrape/athletic-rust-pipeline/target/debug/deps/libproptest-b467e86f02d360a5.rlib --extern regex=/home/lewis/src/ad-law-scrape/athletic-rust-pipeline/target/debug/deps/libregex-9df6b0e5286f169d.rlib --extern reqwest=/home/lewis/src/ad-law-scrape/athletic-rust-pipeline/target/debug/deps/libreqwest-fdc91a4de5a1c963.rlib --extern restate_sdk=/home/lewis/src/ad-law-scrape/athletic-rust-pipeline/target/debug/deps/librestate_sdk-b8e1324a257ad713.rlib --extern serde=/home/lewis/src/ad-law-scrape/athletic-rust-pipeline/target/debug/deps/libserde-986bafa530b5bae4.rlib --extern serde_json=/home/lewis/src/ad-law-scrape/athletic-rust-pipeline/target/debug/deps/libserde_json-089accd2b59d2a69.rlib --extern sha2=/home/lewis/src/ad-law-scrape/athletic-rust-pipeline/target/debug/deps/libsha2-9bff55c82a06cc2d.rlib --extern tempfile=/home/lewis/src/ad-law-scrape/athletic-rust-pipeline/target/debug/deps/libtempfile-a4df9dd1458cfb0b.rlib --extern thiserror=/home/lewis/src/ad-law-scrape/athletic-rust-pipeline/target/debug/deps/libthiserror-1bc0d12be9ec7558.rlib --extern tokio=/home/lewis/src/ad-law-scrape/athletic-rust-pipeline/target/debug/deps/libtokio-176180b45f60ab71.rlib --extern tracing=/home/lewis/src/ad-law-scrape/athletic-rust-pipeline/target/debug/deps/libtracing-71dadc955179d0b7.rlib --extern tracing_subscriber=/home/lewis/src/ad-law-scrape/athletic-rust-pipeline/target/debug/deps/libtracing_subscriber-9c895a655669e740.rlib --extern url=/home/lewis/src/ad-law-scrape/athletic-rust-pipeline/target/debug/deps/liburl-0f547cf413905183.rlib -L native=/home/lewis/src/ad-law-scrape/athletic-rust-pipeline/target/debug/build/aws-lc-sys-fe6f7cfce21015b1/out -L native=/home/lewis/src/ad-law-scrape/athletic-rust-pipeline/target/debug/build/alloca-6f4ce09a0d12da82/out`
     Running `sccache /home/lewis/.rustup/toolchains/nightly-2026-04-27-x86_64-unknown-linux-gnu/bin/rustc --crate-name g1_audit --edition=2021 xtask/src/g1/main.rs --error-format=json --json=diagnostic-rendered-ansi,artifacts,future-incompat --emit=dep-info,link -C embed-bitcode=no -C debuginfo=2 --deny=unused_must_use --forbid=unsafe_code '--deny=clippy::unimplemented' --warn=unexpected_cfgs '--deny=clippy::todo' '--deny=clippy::panic_in_result_fn' '--deny=clippy::dbg_macro' --check-cfg 'cfg(kani)' --check-cfg 'cfg(tokio_unstable)' --test --check-cfg 'cfg(docsrs,test)' --check-cfg 'cfg(feature, values())' -C metadata=cb09206247a85104 -C extra-filename=-d86b6a31261af1d1 --out-dir /home/lewis/src/ad-law-scrape/athletic-rust-pipeline/target/debug/deps -C incremental=/home/lewis/src/ad-law-scrape/athletic-rust-pipeline/target/debug/incremental -L dependency=/home/lewis/src/ad-law-scrape/athletic-rust-pipeline/target/debug/deps --extern anyhow=/home/lewis/src/ad-law-scrape/athletic-rust-pipeline/target/debug/deps/libanyhow-2889f2bfb7da9aa2.rlib --extern calamine=/home/lewis/src/ad-law-scrape/athletic-rust-pipeline/target/debug/deps/libcalamine-1e43699899949caa.rlib --extern census_crawl=/home/lewis/src/ad-law-scrape/athletic-rust-pipeline/target/debug/deps/libcensus_crawl-2db6656636bfbe35.rlib --extern census_domain=/home/lewis/src/ad-law-scrape/athletic-rust-pipeline/target/debug/deps/libcensus_domain-b50239c3a21a213d.rlib --extern census_report=/home/lewis/src/ad-law-scrape/athletic-rust-pipeline/target/debug/deps/libcensus_report-f00748804e3574f7.rlib --extern census_service=/home/lewis/src/ad-law-scrape/athletic-rust-pipeline/target/debug/deps/libcensus_service-a2c832ed4f4a7b74.rlib --extern census_store=/home/lewis/src/ad-law-scrape/athletic-rust-pipeline/target/debug/deps/libcensus_store-4b3ab36e5e10e2d6.rlib --extern clap=/home/lewis/src/ad-law-scrape/athletic-rust-pipeline/target/debug/deps/libclap-15fb2c4871ae48dc.rlib --extern indexmap=/home/lewis/src/ad-law-scrape/athletic-rust-pipeline/target/debug/deps/libindexmap-1c63c723307638d8.rlib --extern regex=/home/lewis/src/ad-law-scrape/athletic-rust-pipeline/target/debug/deps/libregex-9df6b0e5286f169d.rlib --extern reqwest=/home/lewis/src/ad-law-scrape/athletic-rust-pipeline/target/debug/deps/libreqwest-fdc91a4de5a1c963.rlib --extern restate_sdk=/home/lewis/src/ad-law-scrape/athletic-rust-pipeline/target/debug/deps/librestate_sdk-b8e1324a257ad713.rlib --extern serde=/home/lewis/src/ad-law-scrape/athletic-rust-pipeline/target/debug/deps/libserde-986bafa530b5bae4.rlib --extern serde_json=/home/lewis/src/ad-law-scrape/athletic-rust-pipeline/target/debug/deps/libserde_json-089accd2b59d2a69.rlib --extern sha2=/home/lewis/src/ad-law-scrape/athletic-rust-pipeline/target/debug/deps/libsha2-9bff55c82a06cc2d.rlib --extern tempfile=/home/lewis/src/ad-law-scrape/athletic-rust-pipeline/target/debug/deps/libtempfile-a4df9dd1458cfb0b.rlib --extern tokio=/home/lewis/src/ad-law-scrape/athletic-rust-pipeline/target/debug/deps/libtokio-176180b45f60ab71.rlib --extern url=/home/lewis/src/ad-law-scrape/athletic-rust-pipeline/target/debug/deps/liburl-0f547cf413905183.rlib -L native=/home/lewis/src/ad-law-scrape/athletic-rust-pipeline/target/debug/build/aws-lc-sys-fe6f7cfce21015b1/out`
     Running `sccache /home/lewis/.rustup/toolchains/nightly-2026-04-27-x86_64-unknown-linux-gnu/bin/rustc --crate-name bench_store --edition=2021 crates/census-service/examples/bench_store.rs --error-format=json --json=diagnostic-rendered-ansi,artifacts,future-incompat --crate-type bin --emit=dep-info,link -C embed-bitcode=no -C debuginfo=2 --deny=unused_must_use --forbid=unsafe_code '--deny=clippy::unimplemented' --warn=unexpected_cfgs '--deny=clippy::todo' '--deny=clippy::panic_in_result_fn' '--deny=clippy::dbg_macro' --check-cfg 'cfg(kani)' --check-cfg 'cfg(tokio_unstable)' --check-cfg 'cfg(docsrs,test)' --check-cfg 'cfg(feature, values("loom"))' -C metadata=305a2eba556fff76 -C extra-filename=-f00b349aafbeb308 --out-dir /home/lewis/src/ad-law-scrape/athletic-rust-pipeline/target/debug/examples -C incremental=/home/lewis/src/ad-law-scrape/athletic-rust-pipeline/target/debug/incremental -L dependency=/home/lewis/src/ad-law-scrape/athletic-rust-pipeline/target/debug/deps --extern anyhow=/home/lewis/src/ad-law-scrape/athletic-rust-pipeline/target/debug/deps/libanyhow-2889f2bfb7da9aa2.rlib --extern athleticnet_browser=/home/lewis/src/ad-law-scrape/athletic-rust-pipeline/target/debug/deps/libathleticnet_browser-bda8f2721813b351.rlib --extern calamine=/home/lewis/src/ad-law-scrape/athletic-rust-pipeline/target/debug/deps/libcalamine-1e43699899949caa.rlib --extern census_crawl=/home/lewis/src/ad-law-scrape/athletic-rust-pipeline/target/debug/deps/libcensus_crawl-2db6656636bfbe35.rlib --extern census_domain=/home/lewis/src/ad-law-scrape/athletic-rust-pipeline/target/debug/deps/libcensus_domain-b50239c3a21a213d.rlib --extern census_reconcile=/home/lewis/src/ad-law-scrape/athletic-rust-pipeline/target/debug/deps/libcensus_reconcile-9016cd207d19f056.rlib --extern census_report=/home/lewis/src/ad-law-scrape/athletic-rust-pipeline/target/debug/deps/libcensus_report-f00748804e3574f7.rlib --extern census_review=/home/lewis/src/ad-law-scrape/athletic-rust-pipeline/target/debug/deps/libcensus_review-e8047dadcfe2e798.rlib --extern census_service=/home/lewis/src/ad-law-scrape/athletic-rust-pipeline/target/debug/deps/libcensus_service-a2c832ed4f4a7b74.rlib --extern census_store=/home/lewis/src/ad-law-scrape/athletic-rust-pipeline/target/debug/deps/libcensus_store-4b3ab36e5e10e2d6.rlib --extern chrono=/home/lewis/src/ad-law-scrape/athletic-rust-pipeline/target/debug/deps/libchrono-3cfdd5a6cfad533c.rlib --extern clap=/home/lewis/src/ad-law-scrape/athletic-rust-pipeline/target/debug/deps/libclap-15fb2c4871ae48dc.rlib --extern criterion=/home/lewis/src/ad-law-scrape/athletic-rust-pipeline/target/debug/deps/libcriterion-76b120103f8671f9.rlib --extern csv=/home/lewis/src/ad-law-scrape/athletic-rust-pipeline/target/debug/deps/libcsv-17bdf72ebda1dc06.rlib --extern fjall=/home/lewis/src/ad-law-scrape/athletic-rust-pipeline/target/debug/deps/libfjall-9c34df85f83c860b.rlib --extern futures=/home/lewis/src/ad-law-scrape/athletic-rust-pipeline/target/debug/deps/libfutures-e201c81fd8cd99ce.rlib --extern loom=/home/lewis/src/ad-law-scrape/athletic-rust-pipeline/target/debug/deps/libloom-77973b48c26c59ea.rlib --extern proptest=/home/lewis/src/ad-law-scrape/athletic-rust-pipeline/target/debug/deps/libproptest-b467e86f02d360a5.rlib --extern regex=/home/lewis/src/ad-law-scrape/athletic-rust-pipeline/target/debug/deps/libregex-9df6b0e5286f169d.rlib --extern reqwest=/home/lewis/src/ad-law-scrape/athletic-rust-pipeline/target/debug/deps/libreqwest-fdc91a4de5a1c963.rlib --extern restate_sdk=/home/lewis/src/ad-law-scrape/athletic-rust-pipeline/target/debug/deps/librestate_sdk-b8e1324a257ad713.rlib --extern serde=/home/lewis/src/ad-law-scrape/athletic-rust-pipeline/target/debug/deps/libserde-986bafa530b5bae4.rlib --extern serde_json=/home/lewis/src/ad-law-scrape/athletic-rust-pipeline/target/debug/deps/libserde_json-089accd2b59d2a69.rlib --extern sha2=/home/lewis/src/ad-law-scrape/athletic-rust-pipeline/target/debug/deps/libsha2-9bff55c82a06cc2d.rlib --extern tempfile=/home/lewis/src/ad-law-scrape/athletic-rust-pipeline/target/debug/deps/libtempfile-a4df9dd1458cfb0b.rlib --extern thiserror=/home/lewis/src/ad-law-scrape/athletic-rust-pipeline/target/debug/deps/libthiserror-1bc0d12be9ec7558.rlib --extern tokio=/home/lewis/src/ad-law-scrape/athletic-rust-pipeline/target/debug/deps/libtokio-176180b45f60ab71.rlib --extern tracing=/home/lewis/src/ad-law-scrape/athletic-rust-pipeline/target/debug/deps/libtracing-71dadc955179d0b7.rlib --extern tracing_subscriber=/home/lewis/src/ad-law-scrape/athletic-rust-pipeline/target/debug/deps/libtracing_subscriber-9c895a655669e740.rlib --extern url=/home/lewis/src/ad-law-scrape/athletic-rust-pipeline/target/debug/deps/liburl-0f547cf413905183.rlib -L native=/home/lewis/src/ad-law-scrape/athletic-rust-pipeline/target/debug/build/aws-lc-sys-fe6f7cfce21015b1/out -L native=/home/lewis/src/ad-law-scrape/athletic-rust-pipeline/target/debug/build/alloca-6f4ce09a0d12da82/out`
     Running `sccache /home/lewis/.rustup/toolchains/nightly-2026-04-27-x86_64-unknown-linux-gnu/bin/rustc --crate-name hytek_parser_properties --edition=2021 crates/census-service/tests/hytek_parser_properties.rs --error-format=json --json=diagnostic-rendered-ansi,artifacts,future-incompat --emit=dep-info,link -C embed-bitcode=no -C debuginfo=2 --deny=unused_must_use --forbid=unsafe_code '--deny=clippy::unimplemented' --warn=unexpected_cfgs '--deny=clippy::todo' '--deny=clippy::panic_in_result_fn' '--deny=clippy::dbg_macro' --check-cfg 'cfg(kani)' --check-cfg 'cfg(tokio_unstable)' --test --check-cfg 'cfg(docsrs,test)' --check-cfg 'cfg(feature, values("loom"))' -C metadata=af0ca6893c39b247 -C extra-filename=-43f1b42c8a5d4d87 --out-dir /home/lewis/src/ad-law-scrape/athletic-rust-pipeline/target/debug/deps -C incremental=/home/lewis/src/ad-law-scrape/athletic-rust-pipeline/target/debug/incremental -L dependency=/home/lewis/src/ad-law-scrape/athletic-rust-pipeline/target/debug/deps --extern anyhow=/home/lewis/src/ad-law-scrape/athletic-rust-pipeline/target/debug/deps/libanyhow-2889f2bfb7da9aa2.rlib --extern athleticnet_browser=/home/lewis/src/ad-law-scrape/athletic-rust-pipeline/target/debug/deps/libathleticnet_browser-bda8f2721813b351.rlib --extern calamine=/home/lewis/src/ad-law-scrape/athletic-rust-pipeline/target/debug/deps/libcalamine-1e43699899949caa.rlib --extern census_crawl=/home/lewis/src/ad-law-scrape/athletic-rust-pipeline/target/debug/deps/libcensus_crawl-2db6656636bfbe35.rlib --extern census_domain=/home/lewis/src/ad-law-scrape/athletic-rust-pipeline/target/debug/deps/libcensus_domain-b50239c3a21a213d.rlib --extern census_reconcile=/home/lewis/src/ad-law-scrape/athletic-rust-pipeline/target/debug/deps/libcensus_reconcile-9016cd207d19f056.rlib --extern census_report=/home/lewis/src/ad-law-scrape/athletic-rust-pipeline/target/debug/deps/libcensus_report-f00748804e3574f7.rlib --extern census_review=/home/lewis/src/ad-law-scrape/athletic-rust-pipeline/target/debug/deps/libcensus_review-e8047dadcfe2e798.rlib --extern census_service=/home/lewis/src/ad-law-scrape/athletic-rust-pipeline/target/debug/deps/libcensus_service-a2c832ed4f4a7b74.rlib --extern census_store=/home/lewis/src/ad-law-scrape/athletic-rust-pipeline/target/debug/deps/libcensus_store-4b3ab36e5e10e2d6.rlib --extern chrono=/home/lewis/src/ad-law-scrape/athletic-rust-pipeline/target/debug/deps/libchrono-3cfdd5a6cfad533c.rlib --extern clap=/home/lewis/src/ad-law-scrape/athletic-rust-pipeline/target/debug/deps/libclap-15fb2c4871ae48dc.rlib --extern criterion=/home/lewis/src/ad-law-scrape/athletic-rust-pipeline/target/debug/deps/libcriterion-76b120103f8671f9.rlib --extern csv=/home/lewis/src/ad-law-scrape/athletic-rust-pipeline/target/debug/deps/libcsv-17bdf72ebda1dc06.rlib --extern fjall=/home/lewis/src/ad-law-scrape/athletic-rust-pipeline/target/debug/deps/libfjall-9c34df85f83c860b.rlib --extern futures=/home/lewis/src/ad-law-scrape/athletic-rust-pipeline/target/debug/deps/libfutures-e201c81fd8cd99ce.rlib --extern loom=/home/lewis/src/ad-law-scrape/athletic-rust-pipeline/target/debug/deps/libloom-77973b48c26c59ea.rlib --extern proptest=/home/lewis/src/ad-law-scrape/athletic-rust-pipeline/target/debug/deps/libproptest-b467e86f02d360a5.rlib --extern regex=/home/lewis/src/ad-law-scrape/athletic-rust-pipeline/target/debug/deps/libregex-9df6b0e5286f169d.rlib --extern reqwest=/home/lewis/src/ad-law-scrape/athletic-rust-pipeline/target/debug/deps/libreqwest-fdc91a4de5a1c963.rlib --extern restate_sdk=/home/lewis/src/ad-law-scrape/athletic-rust-pipeline/target/debug/deps/librestate_sdk-b8e1324a257ad713.rlib --extern serde=/home/lewis/src/ad-law-scrape/athletic-rust-pipeline/target/debug/deps/libserde-986bafa530b5bae4.rlib --extern serde_json=/home/lewis/src/ad-law-scrape/athletic-rust-pipeline/target/debug/deps/libserde_json-089accd2b59d2a69.rlib --extern sha2=/home/lewis/src/ad-law-scrape/athletic-rust-pipeline/target/debug/deps/libsha2-9bff55c82a06cc2d.rlib --extern tempfile=/home/lewis/src/ad-law-scrape/athletic-rust-pipeline/target/debug/deps/libtempfile-a4df9dd1458cfb0b.rlib --extern thiserror=/home/lewis/src/ad-law-scrape/athletic-rust-pipeline/target/debug/deps/libthiserror-1bc0d12be9ec7558.rlib --extern tokio=/home/lewis/src/ad-law-scrape/athletic-rust-pipeline/target/debug/deps/libtokio-176180b45f60ab71.rlib --extern tracing=/home/lewis/src/ad-law-scrape/athletic-rust-pipeline/target/debug/deps/libtracing-71dadc955179d0b7.rlib --extern tracing_subscriber=/home/lewis/src/ad-law-scrape/athletic-rust-pipeline/target/debug/deps/libtracing_subscriber-9c895a655669e740.rlib --extern url=/home/lewis/src/ad-law-scrape/athletic-rust-pipeline/target/debug/deps/liburl-0f547cf413905183.rlib -L native=/home/lewis/src/ad-law-scrape/athletic-rust-pipeline/target/debug/build/aws-lc-sys-fe6f7cfce21015b1/out -L native=/home/lewis/src/ad-law-scrape/athletic-rust-pipeline/target/debug/build/alloca-6f4ce09a0d12da82/out`
     Running `sccache /home/lewis/.rustup/toolchains/nightly-2026-04-27-x86_64-unknown-linux-gnu/bin/rustc --crate-name athleticnet_meet_parity --edition=2021 crates/census-service/tests/athleticnet_meet_parity.rs --error-format=json --json=diagnostic-rendered-ansi,artifacts,future-incompat --emit=dep-info,link -C embed-bitcode=no -C debuginfo=2 --deny=unused_must_use --forbid=unsafe_code '--deny=clippy::unimplemented' --warn=unexpected_cfgs '--deny=clippy::todo' '--deny=clippy::panic_in_result_fn' '--deny=clippy::dbg_macro' --check-cfg 'cfg(kani)' --check-cfg 'cfg(tokio_unstable)' --test --check-cfg 'cfg(docsrs,test)' --check-cfg 'cfg(feature, values("loom"))' -C metadata=2c1c96bcd05fdda8 -C extra-filename=-2b2e6e9cba67cb9a --out-dir /home/lewis/src/ad-law-scrape/athletic-rust-pipeline/target/debug/deps -C incremental=/home/lewis/src/ad-law-scrape/athletic-rust-pipeline/target/debug/incremental -L dependency=/home/lewis/src/ad-law-scrape/athletic-rust-pipeline/target/debug/deps --extern anyhow=/home/lewis/src/ad-law-scrape/athletic-rust-pipeline/target/debug/deps/libanyhow-2889f2bfb7da9aa2.rlib --extern athleticnet_browser=/home/lewis/src/ad-law-scrape/athletic-rust-pipeline/target/debug/deps/libathleticnet_browser-bda8f2721813b351.rlib --extern calamine=/home/lewis/src/ad-law-scrape/athletic-rust-pipeline/target/debug/deps/libcalamine-1e43699899949caa.rlib --extern census_crawl=/home/lewis/src/ad-law-scrape/athletic-rust-pipeline/target/debug/deps/libcensus_crawl-2db6656636bfbe35.rlib --extern census_domain=/home/lewis/src/ad-law-scrape/athletic-rust-pipeline/target/debug/deps/libcensus_domain-b50239c3a21a213d.rlib --extern census_reconcile=/home/lewis/src/ad-law-scrape/athletic-rust-pipeline/target/debug/deps/libcensus_reconcile-9016cd207d19f056.rlib --extern census_report=/home/lewis/src/ad-law-scrape/athletic-rust-pipeline/target/debug/deps/libcensus_report-f00748804e3574f7.rlib --extern census_review=/home/lewis/src/ad-law-scrape/athletic-rust-pipeline/target/debug/deps/libcensus_review-e8047dadcfe2e798.rlib --extern census_service=/home/lewis/src/ad-law-scrape/athletic-rust-pipeline/target/debug/deps/libcensus_service-a2c832ed4f4a7b74.rlib --extern census_store=/home/lewis/src/ad-law-scrape/athletic-rust-pipeline/target/debug/deps/libcensus_store-4b3ab36e5e10e2d6.rlib --extern chrono=/home/lewis/src/ad-law-scrape/athletic-rust-pipeline/target/debug/deps/libchrono-3cfdd5a6cfad533c.rlib --extern clap=/home/lewis/src/ad-law-scrape/athletic-rust-pipeline/target/debug/deps/libclap-15fb2c4871ae48dc.rlib --extern criterion=/home/lewis/src/ad-law-scrape/athletic-rust-pipeline/target/debug/deps/libcriterion-76b120103f8671f9.rlib --extern csv=/home/lewis/src/ad-law-scrape/athletic-rust-pipeline/target/debug/deps/libcsv-17bdf72ebda1dc06.rlib --extern fjall=/home/lewis/src/ad-law-scrape/athletic-rust-pipeline/target/debug/deps/libfjall-9c34df85f83c860b.rlib --extern futures=/home/lewis/src/ad-law-scrape/athletic-rust-pipeline/target/debug/deps/libfutures-e201c81fd8cd99ce.rlib --extern loom=/home/lewis/src/ad-law-scrape/athletic-rust-pipeline/target/debug/deps/libloom-77973b48c26c59ea.rlib --extern proptest=/home/lewis/src/ad-law-scrape/athletic-rust-pipeline/target/debug/deps/libproptest-b467e86f02d360a5.rlib --extern regex=/home/lewis/src/ad-law-scrape/athletic-rust-pipeline/target/debug/deps/libregex-9df6b0e5286f169d.rlib --extern reqwest=/home/lewis/src/ad-law-scrape/athletic-rust-pipeline/target/debug/deps/libreqwest-fdc91a4de5a1c963.rlib --extern restate_sdk=/home/lewis/src/ad-law-scrape/athletic-rust-pipeline/target/debug/deps/librestate_sdk-b8e1324a257ad713.rlib --extern serde=/home/lewis/src/ad-law-scrape/athletic-rust-pipeline/target/debug/deps/libserde-986bafa530b5bae4.rlib --extern serde_json=/home/lewis/src/ad-law-scrape/athletic-rust-pipeline/target/debug/deps/libserde_json-089accd2b59d2a69.rlib --extern sha2=/home/lewis/src/ad-law-scrape/athletic-rust-pipeline/target/debug/deps/libsha2-9bff55c82a06cc2d.rlib --extern tempfile=/home/lewis/src/ad-law-scrape/athletic-rust-pipeline/target/debug/deps/libtempfile-a4df9dd1458cfb0b.rlib --extern thiserror=/home/lewis/src/ad-law-scrape/athletic-rust-pipeline/target/debug/deps/libthiserror-1bc0d12be9ec7558.rlib --extern tokio=/home/lewis/src/ad-law-scrape/athletic-rust-pipeline/target/debug/deps/libtokio-176180b45f60ab71.rlib --extern tracing=/home/lewis/src/ad-law-scrape/athletic-rust-pipeline/target/debug/deps/libtracing-71dadc955179d0b7.rlib --extern tracing_subscriber=/home/lewis/src/ad-law-scrape/athletic-rust-pipeline/target/debug/deps/libtracing_subscriber-9c895a655669e740.rlib --extern url=/home/lewis/src/ad-law-scrape/athletic-rust-pipeline/target/debug/deps/liburl-0f547cf413905183.rlib -L native=/home/lewis/src/ad-law-scrape/athletic-rust-pipeline/target/debug/build/aws-lc-sys-fe6f7cfce21015b1/out -L native=/home/lewis/src/ad-law-scrape/athletic-rust-pipeline/target/debug/build/alloca-6f4ce09a0d12da82/out`
     Running `sccache /home/lewis/.rustup/toolchains/nightly-2026-04-27-x86_64-unknown-linux-gnu/bin/rustc --crate-name bench_census --edition=2021 crates/census-service/examples/bench_census.rs --error-format=json --json=diagnostic-rendered-ansi,artifacts,future-incompat --crate-type bin --emit=dep-info,link -C embed-bitcode=no -C debuginfo=2 --deny=unused_must_use --forbid=unsafe_code '--deny=clippy::unimplemented' --warn=unexpected_cfgs '--deny=clippy::todo' '--deny=clippy::panic_in_result_fn' '--deny=clippy::dbg_macro' --check-cfg 'cfg(kani)' --check-cfg 'cfg(tokio_unstable)' --check-cfg 'cfg(docsrs,test)' --check-cfg 'cfg(feature, values("loom"))' -C metadata=819930766fd94207 -C extra-filename=-8097ffdda2354f17 --out-dir /home/lewis/src/ad-law-scrape/athletic-rust-pipeline/target/debug/examples -C incremental=/home/lewis/src/ad-law-scrape/athletic-rust-pipeline/target/debug/incremental -L dependency=/home/lewis/src/ad-law-scrape/athletic-rust-pipeline/target/debug/deps --extern anyhow=/home/lewis/src/ad-law-scrape/athletic-rust-pipeline/target/debug/deps/libanyhow-2889f2bfb7da9aa2.rlib --extern athleticnet_browser=/home/lewis/src/ad-law-scrape/athletic-rust-pipeline/target/debug/deps/libathleticnet_browser-bda8f2721813b351.rlib --extern calamine=/home/lewis/src/ad-law-scrape/athletic-rust-pipeline/target/debug/deps/libcalamine-1e43699899949caa.rlib --extern census_crawl=/home/lewis/src/ad-law-scrape/athletic-rust-pipeline/target/debug/deps/libcensus_crawl-2db6656636bfbe35.rlib --extern census_domain=/home/lewis/src/ad-law-scrape/athletic-rust-pipeline/target/debug/deps/libcensus_domain-b50239c3a21a213d.rlib --extern census_reconcile=/home/lewis/src/ad-law-scrape/athletic-rust-pipeline/target/debug/deps/libcensus_reconcile-9016cd207d19f056.rlib --extern census_report=/home/lewis/src/ad-law-scrape/athletic-rust-pipeline/target/debug/deps/libcensus_report-f00748804e3574f7.rlib --extern census_review=/home/lewis/src/ad-law-scrape/athletic-rust-pipeline/target/debug/deps/libcensus_review-e8047dadcfe2e798.rlib --extern census_service=/home/lewis/src/ad-law-scrape/athletic-rust-pipeline/target/debug/deps/libcensus_service-a2c832ed4f4a7b74.rlib --extern census_store=/home/lewis/src/ad-law-scrape/athletic-rust-pipeline/target/debug/deps/libcensus_store-4b3ab36e5e10e2d6.rlib --extern chrono=/home/lewis/src/ad-law-scrape/athletic-rust-pipeline/target/debug/deps/libchrono-3cfdd5a6cfad533c.rlib --extern clap=/home/lewis/src/ad-law-scrape/athletic-rust-pipeline/target/debug/deps/libclap-15fb2c4871ae48dc.rlib --extern criterion=/home/lewis/src/ad-law-scrape/athletic-rust-pipeline/target/debug/deps/libcriterion-76b120103f8671f9.rlib --extern csv=/home/lewis/src/ad-law-scrape/athletic-rust-pipeline/target/debug/deps/libcsv-17bdf72ebda1dc06.rlib --extern fjall=/home/lewis/src/ad-law-scrape/athletic-rust-pipeline/target/debug/deps/libfjall-9c34df85f83c860b.rlib --extern futures=/home/lewis/src/ad-law-scrape/athletic-rust-pipeline/target/debug/deps/libfutures-e201c81fd8cd99ce.rlib --extern loom=/home/lewis/src/ad-law-scrape/athletic-rust-pipeline/target/debug/deps/libloom-77973b48c26c59ea.rlib --extern proptest=/home/lewis/src/ad-law-scrape/athletic-rust-pipeline/target/debug/deps/libproptest-b467e86f02d360a5.rlib --extern regex=/home/lewis/src/ad-law-scrape/athletic-rust-pipeline/target/debug/deps/libregex-9df6b0e5286f169d.rlib --extern reqwest=/home/lewis/src/ad-law-scrape/athletic-rust-pipeline/target/debug/deps/libreqwest-fdc91a4de5a1c963.rlib --extern restate_sdk=/home/lewis/src/ad-law-scrape/athletic-rust-pipeline/target/debug/deps/librestate_sdk-b8e1324a257ad713.rlib --extern serde=/home/lewis/src/ad-law-scrape/athletic-rust-pipeline/target/debug/deps/libserde-986bafa530b5bae4.rlib --extern serde_json=/home/lewis/src/ad-law-scrape/athletic-rust-pipeline/target/debug/deps/libserde_json-089accd2b59d2a69.rlib --extern sha2=/home/lewis/src/ad-law-scrape/athletic-rust-pipeline/target/debug/deps/libsha2-9bff55c82a06cc2d.rlib --extern tempfile=/home/lewis/src/ad-law-scrape/athletic-rust-pipeline/target/debug/deps/libtempfile-a4df9dd1458cfb0b.rlib --extern thiserror=/home/lewis/src/ad-law-scrape/athletic-rust-pipeline/target/debug/deps/libthiserror-1bc0d12be9ec7558.rlib --extern tokio=/home/lewis/src/ad-law-scrape/athletic-rust-pipeline/target/debug/deps/libtokio-176180b45f60ab71.rlib --extern tracing=/home/lewis/src/ad-law-scrape/athletic-rust-pipeline/target/debug/deps/libtracing-71dadc955179d0b7.rlib --extern tracing_subscriber=/home/lewis/src/ad-law-scrape/athletic-rust-pipeline/target/debug/deps/libtracing_subscriber-9c895a655669e740.rlib --extern url=/home/lewis/src/ad-law-scrape/athletic-rust-pipeline/target/debug/deps/liburl-0f547cf413905183.rlib -L native=/home/lewis/src/ad-law-scrape/athletic-rust-pipeline/target/debug/build/aws-lc-sys-fe6f7cfce21015b1/out -L native=/home/lewis/src/ad-law-scrape/athletic-rust-pipeline/target/debug/build/alloca-6f4ce09a0d12da82/out`
     Running `sccache /home/lewis/.rustup/toolchains/nightly-2026-04-27-x86_64-unknown-linux-gnu/bin/rustc --crate-name compiled_parser_properties --edition=2021 crates/census-service/tests/compiled_parser_properties.rs --error-format=json --json=diagnostic-rendered-ansi,artifacts,future-incompat --emit=dep-info,link -C embed-bitcode=no -C debuginfo=2 --deny=unused_must_use --forbid=unsafe_code '--deny=clippy::unimplemented' --warn=unexpected_cfgs '--deny=clippy::todo' '--deny=clippy::panic_in_result_fn' '--deny=clippy::dbg_macro' --check-cfg 'cfg(kani)' --check-cfg 'cfg(tokio_unstable)' --test --check-cfg 'cfg(docsrs,test)' --check-cfg 'cfg(feature, values("loom"))' -C metadata=8045191512fe9a65 -C extra-filename=-7feddd2d1e60659b --out-dir /home/lewis/src/ad-law-scrape/athletic-rust-pipeline/target/debug/deps -C incremental=/home/lewis/src/ad-law-scrape/athletic-rust-pipeline/target/debug/incremental -L dependency=/home/lewis/src/ad-law-scrape/athletic-rust-pipeline/target/debug/deps --extern anyhow=/home/lewis/src/ad-law-scrape/athletic-rust-pipeline/target/debug/deps/libanyhow-2889f2bfb7da9aa2.rlib --extern athleticnet_browser=/home/lewis/src/ad-law-scrape/athletic-rust-pipeline/target/debug/deps/libathleticnet_browser-bda8f2721813b351.rlib --extern calamine=/home/lewis/src/ad-law-scrape/athletic-rust-pipeline/target/debug/deps/libcalamine-1e43699899949caa.rlib --extern census_crawl=/home/lewis/src/ad-law-scrape/athletic-rust-pipeline/target/debug/deps/libcensus_crawl-2db6656636bfbe35.rlib --extern census_domain=/home/lewis/src/ad-law-scrape/athletic-rust-pipeline/target/debug/deps/libcensus_domain-b50239c3a21a213d.rlib --extern census_reconcile=/home/lewis/src/ad-law-scrape/athletic-rust-pipeline/target/debug/deps/libcensus_reconcile-9016cd207d19f056.rlib --extern census_report=/home/lewis/src/ad-law-scrape/athletic-rust-pipeline/target/debug/deps/libcensus_report-f00748804e3574f7.rlib --extern census_review=/home/lewis/src/ad-law-scrape/athletic-rust-pipeline/target/debug/deps/libcensus_review-e8047dadcfe2e798.rlib --extern census_service=/home/lewis/src/ad-law-scrape/athletic-rust-pipeline/target/debug/deps/libcensus_service-a2c832ed4f4a7b74.rlib --extern census_store=/home/lewis/src/ad-law-scrape/athletic-rust-pipeline/target/debug/deps/libcensus_store-4b3ab36e5e10e2d6.rlib --extern chrono=/home/lewis/src/ad-law-scrape/athletic-rust-pipeline/target/debug/deps/libchrono-3cfdd5a6cfad533c.rlib --extern clap=/home/lewis/src/ad-law-scrape/athletic-rust-pipeline/target/debug/deps/libclap-15fb2c4871ae48dc.rlib --extern criterion=/home/lewis/src/ad-law-scrape/athletic-rust-pipeline/target/debug/deps/libcriterion-76b120103f8671f9.rlib --extern csv=/home/lewis/src/ad-law-scrape/athletic-rust-pipeline/target/debug/deps/libcsv-17bdf72ebda1dc06.rlib --extern fjall=/home/lewis/src/ad-law-scrape/athletic-rust-pipeline/target/debug/deps/libfjall-9c34df85f83c860b.rlib --extern futures=/home/lewis/src/ad-law-scrape/athletic-rust-pipeline/target/debug/deps/libfutures-e201c81fd8cd99ce.rlib --extern loom=/home/lewis/src/ad-law-scrape/athletic-rust-pipeline/target/debug/deps/libloom-77973b48c26c59ea.rlib --extern proptest=/home/lewis/src/ad-law-scrape/athletic-rust-pipeline/target/debug/deps/libproptest-b467e86f02d360a5.rlib --extern regex=/home/lewis/src/ad-law-scrape/athletic-rust-pipeline/target/debug/deps/libregex-9df6b0e5286f169d.rlib --extern reqwest=/home/lewis/src/ad-law-scrape/athletic-rust-pipeline/target/debug/deps/libreqwest-fdc91a4de5a1c963.rlib --extern restate_sdk=/home/lewis/src/ad-law-scrape/athletic-rust-pipeline/target/debug/deps/librestate_sdk-b8e1324a257ad713.rlib --extern serde=/home/lewis/src/ad-law-scrape/athletic-rust-pipeline/target/debug/deps/libserde-986bafa530b5bae4.rlib --extern serde_json=/home/lewis/src/ad-law-scrape/athletic-rust-pipeline/target/debug/deps/libserde_json-089accd2b59d2a69.rlib --extern sha2=/home/lewis/src/ad-law-scrape/athletic-rust-pipeline/target/debug/deps/libsha2-9bff55c82a06cc2d.rlib --extern tempfile=/home/lewis/src/ad-law-scrape/athletic-rust-pipeline/target/debug/deps/libtempfile-a4df9dd1458cfb0b.rlib --extern thiserror=/home/lewis/src/ad-law-scrape/athletic-rust-pipeline/target/debug/deps/libthiserror-1bc0d12be9ec7558.rlib --extern tokio=/home/lewis/src/ad-law-scrape/athletic-rust-pipeline/target/debug/deps/libtokio-176180b45f60ab71.rlib --extern tracing=/home/lewis/src/ad-law-scrape/athletic-rust-pipeline/target/debug/deps/libtracing-71dadc955179d0b7.rlib --extern tracing_subscriber=/home/lewis/src/ad-law-scrape/athletic-rust-pipeline/target/debug/deps/libtracing_subscriber-9c895a655669e740.rlib --extern url=/home/lewis/src/ad-law-scrape/athletic-rust-pipeline/target/debug/deps/liburl-0f547cf413905183.rlib -L native=/home/lewis/src/ad-law-scrape/athletic-rust-pipeline/target/debug/build/aws-lc-sys-fe6f7cfce21015b1/out -L native=/home/lewis/src/ad-law-scrape/athletic-rust-pipeline/target/debug/build/alloca-6f4ce09a0d12da82/out`
     Running `sccache /home/lewis/.rustup/toolchains/nightly-2026-04-27-x86_64-unknown-linux-gnu/bin/rustc --crate-name ohsaa_directory_properties --edition=2021 crates/census-service/tests/ohsaa_directory_properties.rs --error-format=json --json=diagnostic-rendered-ansi,artifacts,future-incompat --emit=dep-info,link -C embed-bitcode=no -C debuginfo=2 --deny=unused_must_use --forbid=unsafe_code '--deny=clippy::unimplemented' --warn=unexpected_cfgs '--deny=clippy::todo' '--deny=clippy::panic_in_result_fn' '--deny=clippy::dbg_macro' --check-cfg 'cfg(kani)' --check-cfg 'cfg(tokio_unstable)' --test --check-cfg 'cfg(docsrs,test)' --check-cfg 'cfg(feature, values("loom"))' -C metadata=1974c9e44c203046 -C extra-filename=-b8a83f245fcb289c --out-dir /home/lewis/src/ad-law-scrape/athletic-rust-pipeline/target/debug/deps -C incremental=/home/lewis/src/ad-law-scrape/athletic-rust-pipeline/target/debug/incremental -L dependency=/home/lewis/src/ad-law-scrape/athletic-rust-pipeline/target/debug/deps --extern anyhow=/home/lewis/src/ad-law-scrape/athletic-rust-pipeline/target/debug/deps/libanyhow-2889f2bfb7da9aa2.rlib --extern athleticnet_browser=/home/lewis/src/ad-law-scrape/athletic-rust-pipeline/target/debug/deps/libathleticnet_browser-bda8f2721813b351.rlib --extern calamine=/home/lewis/src/ad-law-scrape/athletic-rust-pipeline/target/debug/deps/libcalamine-1e43699899949caa.rlib --extern census_crawl=/home/lewis/src/ad-law-scrape/athletic-rust-pipeline/target/debug/deps/libcensus_crawl-2db6656636bfbe35.rlib --extern census_domain=/home/lewis/src/ad-law-scrape/athletic-rust-pipeline/target/debug/deps/libcensus_domain-b50239c3a21a213d.rlib --extern census_reconcile=/home/lewis/src/ad-law-scrape/athletic-rust-pipeline/target/debug/deps/libcensus_reconcile-9016cd207d19f056.rlib --extern census_report=/home/lewis/src/ad-law-scrape/athletic-rust-pipeline/target/debug/deps/libcensus_report-f00748804e3574f7.rlib --extern census_review=/home/lewis/src/ad-law-scrape/athletic-rust-pipeline/target/debug/deps/libcensus_review-e8047dadcfe2e798.rlib --extern census_service=/home/lewis/src/ad-law-scrape/athletic-rust-pipeline/target/debug/deps/libcensus_service-a2c832ed4f4a7b74.rlib --extern census_store=/home/lewis/src/ad-law-scrape/athletic-rust-pipeline/target/debug/deps/libcensus_store-4b3ab36e5e10e2d6.rlib --extern chrono=/home/lewis/src/ad-law-scrape/athletic-rust-pipeline/target/debug/deps/libchrono-3cfdd5a6cfad533c.rlib --extern clap=/home/lewis/src/ad-law-scrape/athletic-rust-pipeline/target/debug/deps/libclap-15fb2c4871ae48dc.rlib --extern criterion=/home/lewis/src/ad-law-scrape/athletic-rust-pipeline/target/debug/deps/libcriterion-76b120103f8671f9.rlib --extern csv=/home/lewis/src/ad-law-scrape/athletic-rust-pipeline/target/debug/deps/libcsv-17bdf72ebda1dc06.rlib --extern fjall=/home/lewis/src/ad-law-scrape/athletic-rust-pipeline/target/debug/deps/libfjall-9c34df85f83c860b.rlib --extern futures=/home/lewis/src/ad-law-scrape/athletic-rust-pipeline/target/debug/deps/libfutures-e201c81fd8cd99ce.rlib --extern loom=/home/lewis/src/ad-law-scrape/athletic-rust-pipeline/target/debug/deps/libloom-77973b48c26c59ea.rlib --extern proptest=/home/lewis/src/ad-law-scrape/athletic-rust-pipeline/target/debug/deps/libproptest-b467e86f02d360a5.rlib --extern regex=/home/lewis/src/ad-law-scrape/athletic-rust-pipeline/target/debug/deps/libregex-9df6b0e5286f169d.rlib --extern reqwest=/home/lewis/src/ad-law-scrape/athletic-rust-pipeline/target/debug/deps/libreqwest-fdc91a4de5a1c963.rlib --extern restate_sdk=/home/lewis/src/ad-law-scrape/athletic-rust-pipeline/target/debug/deps/librestate_sdk-b8e1324a257ad713.rlib --extern serde=/home/lewis/src/ad-law-scrape/athletic-rust-pipeline/target/debug/deps/libserde-986bafa530b5bae4.rlib --extern serde_json=/home/lewis/src/ad-law-scrape/athletic-rust-pipeline/target/debug/deps/libserde_json-089accd2b59d2a69.rlib --extern sha2=/home/lewis/src/ad-law-scrape/athletic-rust-pipeline/target/debug/deps/libsha2-9bff55c82a06cc2d.rlib --extern tempfile=/home/lewis/src/ad-law-scrape/athletic-rust-pipeline/target/debug/deps/libtempfile-a4df9dd1458cfb0b.rlib --extern thiserror=/home/lewis/src/ad-law-scrape/athletic-rust-pipeline/target/debug/deps/libthiserror-1bc0d12be9ec7558.rlib --extern tokio=/home/lewis/src/ad-law-scrape/athletic-rust-pipeline/target/debug/deps/libtokio-176180b45f60ab71.rlib --extern tracing=/home/lewis/src/ad-law-scrape/athletic-rust-pipeline/target/debug/deps/libtracing-71dadc955179d0b7.rlib --extern tracing_subscriber=/home/lewis/src/ad-law-scrape/athletic-rust-pipeline/target/debug/deps/libtracing_subscriber-9c895a655669e740.rlib --extern url=/home/lewis/src/ad-law-scrape/athletic-rust-pipeline/target/debug/deps/liburl-0f547cf413905183.rlib -L native=/home/lewis/src/ad-law-scrape/athletic-rust-pipeline/target/debug/build/aws-lc-sys-fe6f7cfce21015b1/out -L native=/home/lewis/src/ad-law-scrape/athletic-rust-pipeline/target/debug/build/alloca-6f4ce09a0d12da82/out`
     Running `sccache /home/lewis/.rustup/toolchains/nightly-2026-04-27-x86_64-unknown-linux-gnu/bin/rustc --crate-name wayzata_schedule_properties --edition=2021 crates/census-service/tests/wayzata_schedule_properties.rs --error-format=json --json=diagnostic-rendered-ansi,artifacts,future-incompat --emit=dep-info,link -C embed-bitcode=no -C debuginfo=2 --deny=unused_must_use --forbid=unsafe_code '--deny=clippy::unimplemented' --warn=unexpected_cfgs '--deny=clippy::todo' '--deny=clippy::panic_in_result_fn' '--deny=clippy::dbg_macro' --check-cfg 'cfg(kani)' --check-cfg 'cfg(tokio_unstable)' --test --check-cfg 'cfg(docsrs,test)' --check-cfg 'cfg(feature, values("loom"))' -C metadata=9b7fbe3ec48a5a1b -C extra-filename=-d13d3ab0341dfbec --out-dir /home/lewis/src/ad-law-scrape/athletic-rust-pipeline/target/debug/deps -C incremental=/home/lewis/src/ad-law-scrape/athletic-rust-pipeline/target/debug/incremental -L dependency=/home/lewis/src/ad-law-scrape/athletic-rust-pipeline/target/debug/deps --extern anyhow=/home/lewis/src/ad-law-scrape/athletic-rust-pipeline/target/debug/deps/libanyhow-2889f2bfb7da9aa2.rlib --extern athleticnet_browser=/home/lewis/src/ad-law-scrape/athletic-rust-pipeline/target/debug/deps/libathleticnet_browser-bda8f2721813b351.rlib --extern calamine=/home/lewis/src/ad-law-scrape/athletic-rust-pipeline/target/debug/deps/libcalamine-1e43699899949caa.rlib --extern census_crawl=/home/lewis/src/ad-law-scrape/athletic-rust-pipeline/target/debug/deps/libcensus_crawl-2db6656636bfbe35.rlib --extern census_domain=/home/lewis/src/ad-law-scrape/athletic-rust-pipeline/target/debug/deps/libcensus_domain-b50239c3a21a213d.rlib --extern census_reconcile=/home/lewis/src/ad-law-scrape/athletic-rust-pipeline/target/debug/deps/libcensus_reconcile-9016cd207d19f056.rlib --extern census_report=/home/lewis/src/ad-law-scrape/athletic-rust-pipeline/target/debug/deps/libcensus_report-f00748804e3574f7.rlib --extern census_review=/home/lewis/src/ad-law-scrape/athletic-rust-pipeline/target/debug/deps/libcensus_review-e8047dadcfe2e798.rlib --extern census_service=/home/lewis/src/ad-law-scrape/athletic-rust-pipeline/target/debug/deps/libcensus_service-a2c832ed4f4a7b74.rlib --extern census_store=/home/lewis/src/ad-law-scrape/athletic-rust-pipeline/target/debug/deps/libcensus_store-4b3ab36e5e10e2d6.rlib --extern chrono=/home/lewis/src/ad-law-scrape/athletic-rust-pipeline/target/debug/deps/libchrono-3cfdd5a6cfad533c.rlib --extern clap=/home/lewis/src/ad-law-scrape/athletic-rust-pipeline/target/debug/deps/libclap-15fb2c4871ae48dc.rlib --extern criterion=/home/lewis/src/ad-law-scrape/athletic-rust-pipeline/target/debug/deps/libcriterion-76b120103f8671f9.rlib --extern csv=/home/lewis/src/ad-law-scrape/athletic-rust-pipeline/target/debug/deps/libcsv-17bdf72ebda1dc06.rlib --extern fjall=/home/lewis/src/ad-law-scrape/athletic-rust-pipeline/target/debug/deps/libfjall-9c34df85f83c860b.rlib --extern futures=/home/lewis/src/ad-law-scrape/athletic-rust-pipeline/target/debug/deps/libfutures-e201c81fd8cd99ce.rlib --extern loom=/home/lewis/src/ad-law-scrape/athletic-rust-pipeline/target/debug/deps/libloom-77973b48c26c59ea.rlib --extern proptest=/home/lewis/src/ad-law-scrape/athletic-rust-pipeline/target/debug/deps/libproptest-b467e86f02d360a5.rlib --extern regex=/home/lewis/src/ad-law-scrape/athletic-rust-pipeline/target/debug/deps/libregex-9df6b0e5286f169d.rlib --extern reqwest=/home/lewis/src/ad-law-scrape/athletic-rust-pipeline/target/debug/deps/libreqwest-fdc91a4de5a1c963.rlib --extern restate_sdk=/home/lewis/src/ad-law-scrape/athletic-rust-pipeline/target/debug/deps/librestate_sdk-b8e1324a257ad713.rlib --extern serde=/home/lewis/src/ad-law-scrape/athletic-rust-pipeline/target/debug/deps/libserde-986bafa530b5bae4.rlib --extern serde_json=/home/lewis/src/ad-law-scrape/athletic-rust-pipeline/target/debug/deps/libserde_json-089accd2b59d2a69.rlib --extern sha2=/home/lewis/src/ad-law-scrape/athletic-rust-pipeline/target/debug/deps/libsha2-9bff55c82a06cc2d.rlib --extern tempfile=/home/lewis/src/ad-law-scrape/athletic-rust-pipeline/target/debug/deps/libtempfile-a4df9dd1458cfb0b.rlib --extern thiserror=/home/lewis/src/ad-law-scrape/athletic-rust-pipeline/target/debug/deps/libthiserror-1bc0d12be9ec7558.rlib --extern tokio=/home/lewis/src/ad-law-scrape/athletic-rust-pipeline/target/debug/deps/libtokio-176180b45f60ab71.rlib --extern tracing=/home/lewis/src/ad-law-scrape/athletic-rust-pipeline/target/debug/deps/libtracing-71dadc955179d0b7.rlib --extern tracing_subscriber=/home/lewis/src/ad-law-scrape/athletic-rust-pipeline/target/debug/deps/libtracing_subscriber-9c895a655669e740.rlib --extern url=/home/lewis/src/ad-law-scrape/athletic-rust-pipeline/target/debug/deps/liburl-0f547cf413905183.rlib -L native=/home/lewis/src/ad-law-scrape/athletic-rust-pipeline/target/debug/build/aws-lc-sys-fe6f7cfce21015b1/out -L native=/home/lewis/src/ad-law-scrape/athletic-rust-pipeline/target/debug/build/alloca-6f4ce09a0d12da82/out`
     Running `sccache /home/lewis/.rustup/toolchains/nightly-2026-04-27-x86_64-unknown-linux-gnu/bin/rustc --crate-name qualification_postal --edition=2021 crates/census-service/examples/qualification_postal.rs --error-format=json --json=diagnostic-rendered-ansi,artifacts,future-incompat --crate-type bin --emit=dep-info,link -C embed-bitcode=no -C debuginfo=2 --deny=unused_must_use --forbid=unsafe_code '--deny=clippy::unimplemented' --warn=unexpected_cfgs '--deny=clippy::todo' '--deny=clippy::panic_in_result_fn' '--deny=clippy::dbg_macro' --check-cfg 'cfg(kani)' --check-cfg 'cfg(tokio_unstable)' --check-cfg 'cfg(docsrs,test)' --check-cfg 'cfg(feature, values("loom"))' -C metadata=14d56aa801378db5 -C extra-filename=-e504dcb5ab583b96 --out-dir /home/lewis/src/ad-law-scrape/athletic-rust-pipeline/target/debug/examples -C incremental=/home/lewis/src/ad-law-scrape/athletic-rust-pipeline/target/debug/incremental -L dependency=/home/lewis/src/ad-law-scrape/athletic-rust-pipeline/target/debug/deps --extern anyhow=/home/lewis/src/ad-law-scrape/athletic-rust-pipeline/target/debug/deps/libanyhow-2889f2bfb7da9aa2.rlib --extern athleticnet_browser=/home/lewis/src/ad-law-scrape/athletic-rust-pipeline/target/debug/deps/libathleticnet_browser-bda8f2721813b351.rlib --extern calamine=/home/lewis/src/ad-law-scrape/athletic-rust-pipeline/target/debug/deps/libcalamine-1e43699899949caa.rlib --extern census_crawl=/home/lewis/src/ad-law-scrape/athletic-rust-pipeline/target/debug/deps/libcensus_crawl-2db6656636bfbe35.rlib --extern census_domain=/home/lewis/src/ad-law-scrape/athletic-rust-pipeline/target/debug/deps/libcensus_domain-b50239c3a21a213d.rlib --extern census_reconcile=/home/lewis/src/ad-law-scrape/athletic-rust-pipeline/target/debug/deps/libcensus_reconcile-9016cd207d19f056.rlib --extern census_report=/home/lewis/src/ad-law-scrape/athletic-rust-pipeline/target/debug/deps/libcensus_report-f00748804e3574f7.rlib --extern census_review=/home/lewis/src/ad-law-scrape/athletic-rust-pipeline/target/debug/deps/libcensus_review-e8047dadcfe2e798.rlib --extern census_service=/home/lewis/src/ad-law-scrape/athletic-rust-pipeline/target/debug/deps/libcensus_service-a2c832ed4f4a7b74.rlib --extern census_store=/home/lewis/src/ad-law-scrape/athletic-rust-pipeline/target/debug/deps/libcensus_store-4b3ab36e5e10e2d6.rlib --extern chrono=/home/lewis/src/ad-law-scrape/athletic-rust-pipeline/target/debug/deps/libchrono-3cfdd5a6cfad533c.rlib --extern clap=/home/lewis/src/ad-law-scrape/athletic-rust-pipeline/target/debug/deps/libclap-15fb2c4871ae48dc.rlib --extern criterion=/home/lewis/src/ad-law-scrape/athletic-rust-pipeline/target/debug/deps/libcriterion-76b120103f8671f9.rlib --extern csv=/home/lewis/src/ad-law-scrape/athletic-rust-pipeline/target/debug/deps/libcsv-17bdf72ebda1dc06.rlib --extern fjall=/home/lewis/src/ad-law-scrape/athletic-rust-pipeline/target/debug/deps/libfjall-9c34df85f83c860b.rlib --extern futures=/home/lewis/src/ad-law-scrape/athletic-rust-pipeline/target/debug/deps/libfutures-e201c81fd8cd99ce.rlib --extern loom=/home/lewis/src/ad-law-scrape/athletic-rust-pipeline/target/debug/deps/libloom-77973b48c26c59ea.rlib --extern proptest=/home/lewis/src/ad-law-scrape/athletic-rust-pipeline/target/debug/deps/libproptest-b467e86f02d360a5.rlib --extern regex=/home/lewis/src/ad-law-scrape/athletic-rust-pipeline/target/debug/deps/libregex-9df6b0e5286f169d.rlib --extern reqwest=/home/lewis/src/ad-law-scrape/athletic-rust-pipeline/target/debug/deps/libreqwest-fdc91a4de5a1c963.rlib --extern restate_sdk=/home/lewis/src/ad-law-scrape/athletic-rust-pipeline/target/debug/deps/librestate_sdk-b8e1324a257ad713.rlib --extern serde=/home/lewis/src/ad-law-scrape/athletic-rust-pipeline/target/debug/deps/libserde-986bafa530b5bae4.rlib --extern serde_json=/home/lewis/src/ad-law-scrape/athletic-rust-pipeline/target/debug/deps/libserde_json-089accd2b59d2a69.rlib --extern sha2=/home/lewis/src/ad-law-scrape/athletic-rust-pipeline/target/debug/deps/libsha2-9bff55c82a06cc2d.rlib --extern tempfile=/home/lewis/src/ad-law-scrape/athletic-rust-pipeline/target/debug/deps/libtempfile-a4df9dd1458cfb0b.rlib --extern thiserror=/home/lewis/src/ad-law-scrape/athletic-rust-pipeline/target/debug/deps/libthiserror-1bc0d12be9ec7558.rlib --extern tokio=/home/lewis/src/ad-law-scrape/athletic-rust-pipeline/target/debug/deps/libtokio-176180b45f60ab71.rlib --extern tracing=/home/lewis/src/ad-law-scrape/athletic-rust-pipeline/target/debug/deps/libtracing-71dadc955179d0b7.rlib --extern tracing_subscriber=/home/lewis/src/ad-law-scrape/athletic-rust-pipeline/target/debug/deps/libtracing_subscriber-9c895a655669e740.rlib --extern url=/home/lewis/src/ad-law-scrape/athletic-rust-pipeline/target/debug/deps/liburl-0f547cf413905183.rlib -L native=/home/lewis/src/ad-law-scrape/athletic-rust-pipeline/target/debug/build/aws-lc-sys-fe6f7cfce21015b1/out -L native=/home/lewis/src/ad-law-scrape/athletic-rust-pipeline/target/debug/build/alloca-6f4ce09a0d12da82/out`
warning: `census-service` (test "parity_pipeline") generated 5 warnings
    Finished `test` profile [unoptimized + debuginfo] target(s) in 36.85s
  Executable `/home/lewis/src/ad-law-scrape/athletic-rust-pipeline/target/debug/deps/athleticnet_browser-3a44fd27e1cb1485`
  Executable `/home/lewis/src/ad-law-scrape/athletic-rust-pipeline/target/debug/deps/browser_outcome_fixture-ea62ed2f00e2c345`
  Executable `/home/lewis/src/ad-law-scrape/athletic-rust-pipeline/target/debug/deps/cdp_frame_compat-34b73e67b1703403`
  Executable `/home/lewis/src/ad-law-scrape/athletic-rust-pipeline/target/debug/deps/census_crawl-5ba5aa92c5ce5316`
  Executable `/home/lewis/src/ad-law-scrape/athletic-rust-pipeline/target/debug/deps/census_domain-1a1a6ad6b2f8d1ef`
  Executable `/home/lewis/src/ad-law-scrape/athletic-rust-pipeline/target/debug/deps/census_reconcile-9a5ba5a1de0a8d9e`
  Executable `/home/lewis/src/ad-law-scrape/athletic-rust-pipeline/target/debug/deps/census_report-8e083624d3ce1363`
  Executable `/home/lewis/src/ad-law-scrape/athletic-rust-pipeline/target/debug/deps/census_review-2b2d31695dbf4150`
  Executable `/home/lewis/src/ad-law-scrape/athletic-rust-pipeline/target/debug/deps/census_service-53a6e104ef659ee3`
  Executable `/home/lewis/src/ad-law-scrape/athletic-rust-pipeline/target/debug/deps/census_serve-4d1b2686ac68f1b8`
  Executable `/home/lewis/src/ad-law-scrape/athletic-rust-pipeline/target/debug/deps/census_service-3a73562b9831eaaa`
  Executable `/home/lewis/src/ad-law-scrape/athletic-rust-pipeline/target/debug/deps/athleticnet_bio_replay-f1db8db9ef33ca38`
  Executable `/home/lewis/src/ad-law-scrape/athletic-rust-pipeline/target/debug/deps/athleticnet_meet_parity-2b2e6e9cba67cb9a`
  Executable `/home/lewis/src/ad-law-scrape/athletic-rust-pipeline/target/debug/deps/athleticnet_parser_properties-b0e0404eb4bf606c`
  Executable `/home/lewis/src/ad-law-scrape/athletic-rust-pipeline/target/debug/deps/backup_restore-1a1013ea04c5aeb9`
  Executable `/home/lewis/src/ad-law-scrape/athletic-rust-pipeline/target/debug/deps/compiled_parser_properties-7feddd2d1e60659b`
  Executable `/home/lewis/src/ad-law-scrape/athletic-rust-pipeline/target/debug/deps/corpus_walk-1a2c6a890ac0f91f`
  Executable `/home/lewis/src/ad-law-scrape/athletic-rust-pipeline/target/debug/deps/exporter_kill_restart-65eb3795f0ea88a1`
  Executable `/home/lewis/src/ad-law-scrape/athletic-rust-pipeline/target/debug/deps/fjall_restate_e2e-220105f8d1e50031`
  Executable `/home/lewis/src/ad-law-scrape/athletic-rust-pipeline/target/debug/deps/hytek_parser_properties-43f1b42c8a5d4d87`
  Executable `/home/lewis/src/ad-law-scrape/athletic-rust-pipeline/target/debug/deps/merge_properties-b5398387ab348fc2`
  Executable `/home/lewis/src/ad-law-scrape/athletic-rust-pipeline/target/debug/deps/milesplit_parser_properties-689163a1095f36dc`
  Executable `/home/lewis/src/ad-law-scrape/athletic-rust-pipeline/target/debug/deps/milesplit_roster_observations-ffcd24db5d7603b2`
  Executable `/home/lewis/src/ad-law-scrape/athletic-rust-pipeline/target/debug/deps/mshsl_directory_properties-19de57714682f9ca`
  Executable `/home/lewis/src/ad-law-scrape/athletic-rust-pipeline/target/debug/deps/nces_directory_properties-fc70ffe97fd8f6b3`
  Executable `/home/lewis/src/ad-law-scrape/athletic-rust-pipeline/target/debug/deps/offline_cycle-d1bb8634efe5eb40`
  Executable `/home/lewis/src/ad-law-scrape/athletic-rust-pipeline/target/debug/deps/ohsaa_directory_properties-b8a83f245fcb289c`
  Executable `/home/lewis/src/ad-law-scrape/athletic-rust-pipeline/target/debug/deps/parity_mideast-807bb5e8150b3f64`
  Executable `/home/lewis/src/ad-law-scrape/athletic-rust-pipeline/target/debug/deps/parity_national-4f9b0bb42b0f0c8f`
  Executable `/home/lewis/src/ad-law-scrape/athletic-rust-pipeline/target/debug/deps/parity_north-1919daa56d2adf4f`
  Executable `/home/lewis/src/ad-law-scrape/athletic-rust-pipeline/target/debug/deps/parity_pipeline-8ea65b954a5ebc6d`
  Executable `/home/lewis/src/ad-law-scrape/athletic-rust-pipeline/target/debug/deps/parity_wisconsin-ce06c270c6f2fbdc`
  Executable `/home/lewis/src/ad-law-scrape/athletic-rust-pipeline/target/debug/deps/parser_roundtrip_properties-1f712daace7cc099`
  Executable `/home/lewis/src/ad-law-scrape/athletic-rust-pipeline/target/debug/deps/private_assoc_directory_properties-f1027c670d2f9964`
  Executable `/home/lewis/src/ad-law-scrape/athletic-rust-pipeline/target/debug/deps/raceday_parser_properties-f1ff4e1424012ffd`
  Executable `/home/lewis/src/ad-law-scrape/athletic-rust-pipeline/target/debug/deps/recovery-5b7620bf2392359f`
  Executable `/home/lewis/src/ad-law-scrape/athletic-rust-pipeline/target/debug/deps/restate_kill_restart-03d235de86303aeb`
  Executable `/home/lewis/src/ad-law-scrape/athletic-rust-pipeline/target/debug/deps/review_configuration-d1a369e98216950f`
  Executable `/home/lewis/src/ad-law-scrape/athletic-rust-pipeline/target/debug/deps/school_address_corpus-7cd04dc5792101fb`
  Executable `/home/lewis/src/ad-law-scrape/athletic-rust-pipeline/target/debug/deps/school_address_publication-c7bd90f28654314a`
  Executable `/home/lewis/src/ad-law-scrape/athletic-rust-pipeline/target/debug/deps/state_ed_directory_properties-640960d05889df4d`
  Executable `/home/lewis/src/ad-law-scrape/athletic-rust-pipeline/target/debug/deps/tssaa_directory_properties-db8589a3392e599f`
  Executable `/home/lewis/src/ad-law-scrape/athletic-rust-pipeline/target/debug/deps/wayzata_schedule_properties-d13d3ab0341dfbec`
  Executable `/home/lewis/src/ad-law-scrape/athletic-rust-pipeline/target/debug/deps/wiaa_directory_properties-a413b0c433fa99f0`
  Executable `/home/lewis/src/ad-law-scrape/athletic-rust-pipeline/target/debug/deps/workbook_shape-2a283ea457c04069`
  Executable `/home/lewis/src/ad-law-scrape/athletic-rust-pipeline/target/debug/deps/xc_parser_properties-061796d0c510cda4`
  Executable `/home/lewis/src/ad-law-scrape/athletic-rust-pipeline/target/debug/deps/census_store-7cba90f0f7d2deef`
  Executable `/home/lewis/src/ad-law-scrape/athletic-rust-pipeline/target/debug/deps/backup_paths-5398279e0ef86008`
  Executable `/home/lewis/src/ad-law-scrape/athletic-rust-pipeline/target/debug/deps/bounded_memory-f62c620ed419c942`
  Executable `/home/lewis/src/ad-law-scrape/athletic-rust-pipeline/target/debug/deps/checkpoint_fence-4a2527d992e57f0e`
  Executable `/home/lewis/src/ad-law-scrape/athletic-rust-pipeline/target/debug/deps/g1_audit-d86b6a31261af1d1`
  Executable `/home/lewis/src/ad-law-scrape/athletic-rust-pipeline/target/debug/deps/xtask-ceaf696cc1c04066`

*** result: Success

*** /home/lewis/.rustup/toolchains/nightly-2026-04-27-x86_64-unknown-linux-gnu/bin/cargo test --verbose --package=athleticnet-browser@0.1.0 --package=census-crawl@0.1.0 --package=census-domain@0.1.0 --package=census-reconcile@0.1.0 --package=census-report@0.1.0 --package=census-review@0.1.0 --package=census-service@0.1.0 --package=census-store@0.1.0 --package=xtask@0.1.0
       Fresh unicode-ident v1.0.24
       Fresh cfg-if v1.0.4
       Fresh itoa v1.0.18
       Fresh find-msvc-tools v0.1.11
       Fresh shlex v2.0.1
       Fresh once_cell v1.21.4
       Fresh equivalent v1.0.2
       Fresh pin-project-lite v0.2.17
       Fresh stable_deref_trait v1.2.1
       Fresh smallvec v1.15.2
       Fresh typenum v1.20.1
       Fresh writeable v0.6.4
       Fresh litemap v0.8.3
       Fresh version_check v0.9.5
       Fresh utf8_iter v1.0.4
       Fresh percent-encoding v2.3.2
       Fresh bitflags v2.13.1
       Fresh cpufeatures v0.2.17
       Fresh futures-core v0.3.34
       Fresh pkg-config v0.3.34
       Fresh fs_extra v1.3.0
       Fresh proc-macro2 v1.0.107
       Fresh tracing-core v0.1.36
       Fresh form_urlencoded v1.2.2
       Fresh dunce v1.0.5
       Fresh allocator-api2 v0.2.21
       Fresh foldhash v0.2.0
       Fresh autocfg v1.5.1
       Fresh futures-sink v0.3.34
       Fresh ryu v1.0.23
       Fresh futures-io v0.3.34
       Fresh slab v0.4.12
       Fresh futures-task v0.3.34
       Fresh linux-raw-sys v0.12.1
       Fresh untrusted v0.7.1
       Fresh hashbrown v0.17.1
       Fresh fastrand v2.5.0
       Fresh fnv v1.0.7
       Fresh quote v1.0.47
       Fresh libc v0.2.189
       Fresh zmij v1.0.23
       Fresh icu_properties_data v2.3.0
       Fresh icu_normalizer_data v2.3.0
       Fresh hashbrown v0.16.1
       Fresh futures-channel v0.3.34
       Fresh scopeguard v1.2.0
       Fresh atomic-waker v1.1.2
       Fresh untrusted v0.9.0
       Fresh arrayvec v0.7.6
       Fresh iana-time-zone v0.1.65
       Fresh compare v0.0.6
       Fresh subtle v2.6.1
       Fresh base64 v0.22.1
       Fresh xxhash-rust v0.8.18
       Fresh twox-hash v2.1.4
       Fresh byteorder-lite v0.1.0
       Fresh tower-service v0.3.3
       Fresh try-lock v0.2.5
       Fresh encoding_rs v0.8.35
       Fresh httpdate v1.0.3
       Fresh syn v2.0.119
       Fresh syn v3.0.4
       Fresh jobserver v0.1.35
       Fresh errno v0.3.14
       Fresh mio v1.2.2
       Fresh socket2 v0.6.5
       Fresh generic-array v0.14.7
       Fresh crossbeam-utils v0.8.22
       Fresh rustix v1.1.4
       Fresh indexmap v2.14.0
       Fresh getrandom v0.4.3
       Fresh httparse v1.10.1
       Fresh lock_api v0.4.14
       Fresh quick_cache v0.6.24
       Fresh lz4_flex v0.13.1
       Fresh interval-heap v0.0.5
       Fresh want v0.3.1
       Fresh sfa v1.0.0
       Fresh self_cell v1.3.0
       Fresh regex-syntax v0.8.11
       Fresh rustc-hash v2.1.3
       Fresh byteview v0.10.2
       Fresh hashbrown v0.14.5
       Fresh varint-rs v2.2.1
       Fresh sync_wrapper v1.0.2
       Fresh aho-corasick v1.1.5
       Fresh csv-core v0.1.13
       Fresh ipnet v2.12.1
       Fresh serde_derive v1.0.229
       Fresh cc v1.4.4
       Fresh synstructure v0.13.2
       Fresh zerovec-derive v0.11.6
       Fresh displaydoc v0.2.7
       Fresh thiserror-impl v2.0.20
       Fresh tokio-macros v2.7.2
       Fresh signal-hook-registry v1.4.8
       Fresh tracing-attributes v0.1.31
       Fresh block-buffer v0.10.4
       Fresh crypto-common v0.1.7
       Fresh futures-macro v0.3.34
       Fresh zeroize_derive v1.5.0
       Fresh num-traits v0.2.19
       Fresh crossbeam-epoch v0.9.20
       Fresh tempfile v3.27.0
       Fresh parking_lot_core v0.9.12
       Fresh enum_dispatch v0.3.13
       Fresh spin v0.9.9
       Fresh tower-layer v0.3.3
       Fresh openssl-probe v0.2.1
       Fresh csv v1.4.0
       Fresh regex-automata v0.4.18
       Fresh heck v0.5.0
       Fresh mime v0.3.17
       Fresh memchr v2.8.3
       Fresh either v1.18.0
       Fresh serde_derive_internals v0.29.1
       Fresh zerofrom-derive v0.1.7
       Fresh yoke-derive v0.8.2
       Fresh thiserror v2.0.20
       Fresh tracing v0.1.44
       Fresh digest v0.10.7
       Fresh cmake v0.1.58
       Fresh futures-util v0.3.34
       Fresh zeroize v1.9.0
       Fresh rust_decimal v1.37.0
       Fresh crossbeam-skiplist v0.1.3
       Fresh dashmap v6.2.1
       Fresh flume v0.12.0
       Fresh serde_core v1.0.229
       Fresh schemars_derive v0.8.22
       Fresh zerocopy-derive v0.8.56
       Fresh dyn-clone v1.0.20
       Fresh regress v0.11.1
       Fresh hybrid-array v0.4.15
       Fresh log v0.4.34
       Fresh itertools v0.14.0
       Fresh const-oid v0.10.2
       Fresh strum_macros v0.27.2
       Fresh cpufeatures v0.3.0
       Fresh signature v2.2.0
       Fresh jiff-core v0.1.1
       Fresh zerofrom v0.1.8
       Fresh bytes v1.12.1
       Fresh rustls-pki-types v1.15.1
       Fresh chrono v0.4.45
       Fresh sha2 v0.10.9
       Fresh lsm-tree v3.1.10
       Fresh serde_urlencoded v0.7.1
       Fresh futures-executor v0.3.34
       Fresh serde v1.0.229
       Fresh anyhow v1.0.104
       Fresh rustversion v1.0.23
       Fresh serde_json v1.0.151
       Fresh zerocopy v0.8.56
       Fresh semver v1.0.28
       Fresh block-buffer v0.12.1
       Fresh crypto-common v0.2.2
       Fresh strum v0.27.2
       Fresh jiff v0.2.37
       Fresh pastey v0.2.3
       Fresh bs58 v0.5.1
       Fresh regex v1.13.1
       Fresh regress v0.10.5
       Fresh lazy_static v1.5.0
       Fresh matchers v0.2.0
       Fresh tracing-log v0.2.0
       Fresh thread_local v1.1.10
       Fresh nu-ansi-term v0.50.3
       Fresh bumpalo v3.20.3
       Fresh yoke v0.8.3
       Fresh tokio v1.53.1
       Fresh http v1.5.0
       Fresh fjall v3.1.10
       Fresh rustls-native-certs v0.8.4
       Fresh futures v0.3.34
       Fresh schemars v0.8.22
       Fresh serde_tokenstream v0.2.3
       Fresh prettyplease v0.2.37
       Fresh getrandom v0.3.4
       Fresh digest v0.11.3
       Fresh prost-derive v0.14.4
       Fresh jsonptr v0.7.1
       Fresh bytes-utils v0.1.4
       Fresh ppv-lite86 v0.2.21
       Fresh restate-sdk-macros v0.12.0
       Fresh sharded-slab v0.1.7
       Fresh simd-adler32 v0.3.10
       Fresh zlib-rs v0.6.8
       Fresh typed-path v0.12.3
       Fresh sha1 v0.10.7
       Fresh debug_unsafe v0.1.4
       Fresh data-encoding v2.11.1
       Fresh utf-8 v0.7.6
       Fresh chromiumoxide_types v0.9.1
       Fresh quick-xml v0.41.0
       Fresh codepage v0.1.3
       Fresh byteorder v1.5.0
       Fresh fast-float2 v0.2.4
       Fresh which v8.0.6
       Fresh zerovec v0.11.8
       Fresh zerotrie v0.2.5
       Fresh aws-lc-sys v0.44.0
       Fresh http-body v1.1.0
       Fresh tokio-util v0.7.19
       Fresh tower v0.5.3
       Fresh typify-impl v0.6.2
       Fresh rand_core v0.9.5
       Fresh sha2 v0.11.0
       Fresh prost v0.14.4
       Fresh crc32fast v1.5.1
       Fresh tracing-subscriber v0.3.23
       Fresh flate2 v1.1.9
       Fresh atoi_simd v0.18.1
       Fresh chromiumoxide_cdp v0.9.1 (/home/lewis/src/ad-law-scrape/athletic-rust-pipeline/vendor/chromiumoxide_cdp)
       Fresh futures-timer v3.0.4
       Fresh utf8parse v0.2.2
       Fresh is_terminal_polyfill v1.70.2
       Fresh anstyle v1.0.14
       Fresh anstyle-query v1.1.5
       Fresh scoped-tls v1.0.1
       Fresh colorchoice v1.0.5
       Fresh clap_lex v1.1.0
       Fresh strsim v0.11.1
       Fresh clap_derive v4.6.4
       Fresh wait-timeout v0.2.1
       Fresh quick-error v1.2.3
       Fresh bit-vec v0.8.0
       Fresh half v2.7.1
       Fresh tinystr v0.8.4
       Fresh potential_utf v0.1.6
       Fresh aws-lc-rs v1.18.0
       Fresh h2 v0.4.19
       Fresh http-body-util v0.1.5
       Fresh typify-macro v0.6.2
       Fresh rand_chacha v0.9.0
       Fresh zopfli v0.8.3
       Fresh anstyle-parse v1.0.0
       Fresh generator v0.8.10
       Fresh rand_xorshift v0.4.0
       Fresh rusty-fork v0.3.1
       Fresh bit-set v0.8.0
       Fresh ciborium-io v0.2.2
       Fresh unarray v0.1.4
       Fresh plotters-backend v0.3.7
       Fresh itertools v0.13.0
       Fresh same-file v1.0.6
       Fresh cast v0.3.0
       Fresh tinytemplate v1.2.1
       Fresh page_size v0.6.0
       Fresh anes v0.1.6
       Fresh oorandom v11.1.5
       Fresh icu_locale_core v2.3.0
       Fresh icu_collections v2.3.0
       Fresh rustls-webpki v0.103.15
       Fresh hyper v1.11.0
       Fresh typify v0.6.2
       Fresh jsonwebtoken v10.4.0
       Fresh rand v0.9.5
       Fresh zip v8.6.0
       Fresh loom v0.7.2
       Fresh anstream v1.0.0
       Fresh crossbeam-deque v0.8.8
       Fresh ciborium-ll v0.2.2
       Fresh plotters-svg v0.3.7
       Fresh walkdir v2.5.0
       Fresh criterion-plot v0.8.2
       Fresh icu_provider v2.3.1
       Fresh rustls v0.23.45
       Fresh hyper-util v0.1.20
       Fresh restate-sdk-shared-core v7.0.3
       Fresh tungstenite v0.28.0
       Fresh calamine v0.36.1
       Fresh rust_xlsxwriter v0.99.1
       Fresh clap_builder v4.6.6
       Fresh rayon-core v1.13.0
       Fresh proptest v1.11.0
       Fresh plotters v0.3.7
       Fresh ciborium v0.2.2
       Fresh alloca v0.4.0
       Fresh icu_normalizer v2.3.0
       Fresh icu_properties v2.3.0
       Fresh tokio-rustls v0.26.4
       Fresh rustls-platform-verifier v0.7.0
       Fresh async-tungstenite v0.32.1
       Fresh clap v4.6.6
       Fresh rayon v1.12.0
       Fresh idna_adapter v1.2.2
       Fresh hyper-rustls v0.27.9
       Fresh criterion v0.8.2
       Fresh idna v1.1.0
       Fresh url v2.5.8
       Fresh tower-http v0.6.11
       Fresh reqwest v0.13.4
       Fresh census-domain v0.1.0 (/home/lewis/src/ad-law-scrape/athletic-rust-pipeline/crates/census-domain)
       Fresh restate-sdk v0.12.0
       Fresh chromiumoxide v0.9.1
       Fresh census-store v0.1.0 (/home/lewis/src/ad-law-scrape/athletic-rust-pipeline/crates/census-store)
       Fresh census-review v0.1.0 (/home/lewis/src/ad-law-scrape/athletic-rust-pipeline/crates/census-review)
       Fresh athleticnet-browser v0.1.0 (/home/lewis/src/ad-law-scrape/athletic-rust-pipeline/crates/athleticnet-browser)
       Fresh census-crawl v0.1.0 (/home/lewis/src/ad-law-scrape/athletic-rust-pipeline/crates/census-crawl)
       Fresh census-report v0.1.0 (/home/lewis/src/ad-law-scrape/athletic-rust-pipeline/crates/census-report)
       Fresh census-reconcile v0.1.0 (/home/lewis/src/ad-law-scrape/athletic-rust-pipeline/crates/census-reconcile)
warning: function `tests_dir` is never used
 --> crates/census-service/tests/common/mod.rs:6:4
  |
6 | fn tests_dir() -> Result<PathBuf> {
  |    ^^^^^^^^^
  |
  = note: `#[warn(dead_code)]` (part of `#[warn(unused)]`) on by default

warning: function `golden_dir` is never used
  --> crates/census-service/tests/common/mod.rs:28:8
   |
28 | pub fn golden_dir() -> Result<PathBuf> {
   |        ^^^^^^^^^^

warning: function `assert_golden` is never used
  --> crates/census-service/tests/common/mod.rs:62:8
   |
62 | pub fn assert_golden<T: serde::Serialize>(name: &str, value: &T) -> Result<()> {
   |        ^^^^^^^^^^^^^

warning: function `assert_golden_json` is never used
  --> crates/census-service/tests/common/mod.rs:68:8
   |
68 | pub fn assert_golden_json(name: &str, json: &str) -> Result<()> {
   |        ^^^^^^^^^^^^^^^^^^

warning: function `digest` is never used
   --> crates/census-service/tests/common/mod.rs:103:8
    |
103 | pub fn digest<T: serde::Serialize>(value: &T) -> Result<String> {
    |        ^^^^^^

warning: `census-service` (test "parity_pipeline") generated 5 warnings
       Fresh xtask v0.1.0 (/home/lewis/src/ad-law-scrape/athletic-rust-pipeline/xtask)
       Fresh census-service v0.1.0 (/home/lewis/src/ad-law-scrape/athletic-rust-pipeline/crates/census-service)
    Finished `test` profile [unoptimized + debuginfo] target(s) in 0.09s
     Running `/home/lewis/src/ad-law-scrape/athletic-rust-pipeline/target/debug/deps/athleticnet_browser-3a44fd27e1cb1485`

running 36 tests
test clock::tests::system_clock_reports_a_plausible_epoch ... ok
test drain::tests::an_inner_error_is_completed_while_a_deadline_leaves_units_remaining ... ok
test challenge::tests::cloudflare_header_is_definitive ... ok
test lifecycle::tests::only_a_terminal_stopped_manager_is_rebuilt ... ok
test challenge::tests::passive_platform_script_alone_is_not_a_challenge ... ok
test clock::tests::system_clock_instant_is_monotonic ... ok
test profile::profile_tests::a_relative_executable_is_an_invalid_path ... ok
test navigation::tests::a_challenge_that_outlasts_the_budget_is_reported_as_challenged ... ok
test profile::profile_tests::a_relative_profile_directory_is_an_invalid_path ... ok
test challenge::tests::html_challenge_requires_specific_conjunctive_markers ... ok
test pool::pool_tests::a_dead_browser_leaves_every_queued_request_with_a_terminal_failure ... ok
test navigation::tests::a_budget_the_clock_cannot_hold_is_no_budget ... ok
test drain::counting::tests::a_finished_unit_is_counted_once_and_a_dropped_one_is_cancelled ... ok
test navigation::tests::a_settled_retry_decision_ends_the_wait ... ok
test clock::tests::test_clock_holds_still_until_advanced ... ok
test request::tests::re_encoding_the_fixture_is_byte_identical ... ok
test drain::counting::tests::a_unit_lost_to_unwinding_is_panicked ... ok
test retry::tests::absent_header_allows_retry_but_duplicate_or_signed_headers_fail_closed ... ok
test transport::rankings::tests::lane_smoke::challenge_response_revokes_the_gate_and_ends_pagination ... ignored, requires a fixture origin and a CDP browser
test transport::rankings::tests::lane_smoke::results_capture_costs_one_physical_post ... ignored, requires a fixture origin and a CDP browser
test navigation::tests::a_challenge_that_clears_itself_settles_on_the_page_it_became ... ok
test request::tests::the_census_request_fixture_decodes_into_the_spec ... ok
test retry::tests::parses_delta_and_http_date_with_bound ... ok
test transport::rankings::rankings_helper::tests::navigation_url_is_already_canonical ... ok
test profile::profile_tests::an_absolute_profile_directory_with_between_one_and_eight_tabs_is_valid ... ok
test drain::tests::a_join_failure_classifies_as_panicked_or_cancelled ... ok
test transport::rankings::rankings_helper::tests::terminal_page_null_is_absent_not_protocol_failure ... ok
test transport::rankings::tests::pagination::an_empty_page_terminates_the_chain ... ok
test transport::rankings::tests::pagination::a_page_with_rows_requests_its_successor ... ok
test transport::rankings::tests::pagination::an_unparsable_page_terminates_rather_than_advancing ... ok
test transport::rankings::tests::pagination::a_page_below_its_declared_depth_ends_the_chain ... ok
test transport::rankings::rankings_helper::tests::invalid_page_values_do_not_become_terminal_pages ... ok
test transport::rankings::tests::pagination::a_page_filling_its_declared_depth_requests_its_successor ... ok
test transport::rankings::tests::pagination::a_deep_request_answered_with_the_listing_head_ends_the_chain ... ok
test transport::rankings::tests::pagination::default_settings_supply_the_depth_when_settings_are_absent ... ok
test challenge::tests::challenge_markers_beyond_scan_bound_are_ignored ... ok

test result: ok. 34 passed; 0 failed; 2 ignored; 0 measured; 0 filtered out; finished in 0.08s

     Running `/home/lewis/src/ad-law-scrape/athletic-rust-pipeline/target/debug/deps/browser_outcome_fixture-ea62ed2f00e2c345`

running 5 tests
test every_transport_error_carries_a_verdict ... ok
test the_failure_fixture_is_what_the_transport_classifies ... ok
test the_wire_rejects_what_the_reader_does_not_know ... ok
test a_header_that_is_not_text_fails_closed ... ok
test the_capture_fixture_is_what_the_transport_classifies ... ok

test result: ok. 5 passed; 0 failed; 0 ignored; 0 measured; 0 filtered out; finished in 0.00s

     Running `/home/lewis/src/ad-law-scrape/athletic-rust-pipeline/target/debug/deps/cdp_frame_compat-34b73e67b1703403`

running 1 test
test chromium_151_extra_info_frame_deserializes ... ok

test result: ok. 1 passed; 0 failed; 0 ignored; 0 measured; 0 filtered out; finished in 0.00s

     Running `/home/lewis/src/ad-law-scrape/athletic-rust-pipeline/target/debug/deps/census_crawl-5ba5aa92c5ce5316`

running 746 tests
test applicability::tests::every_listed_jurisdiction_is_in_scope_and_listed_once ... ok
test applicability::tests::every_row_names_a_registered_slug ... ok
test applicability::tests::every_row_states_its_evidence_and_its_refusal ... ok
test applicability::tests::artifact_adapters_are_planned_where_the_platform_is_evidenced ... ok
test applicability::tests::tfrrs_is_planned_only_where_high_school_depth_is_evidenced ... ok
test applicability::tests::every_census_jurisdiction_plans_both_national_platforms ... ok
test applicability::tests::the_table_names_every_registered_source_once ... ok
test applicability::tests::a_plan_holds_no_source_twice_and_follows_bulk_first_order ... ok
test applicability::tests::out_of_scope_jurisdictions_plan_nothing_and_every_jurisdiction_answers ... ok
test applicability::tests::single_state_adapters_are_planned_in_their_own_state_only ... ok
test arbiter::tests::a_state_named_twice_is_walked_once ... ok
test arbiter::tests::a_non_json_body_is_a_completed_error_outcome ... ok
test arbiter::tests::a_coach_row_without_a_name_is_dropped ... ok
test arbiter::tests::an_empty_coach_page_yields_no_rows ... ok
test arbiter::tests::alvirne_coach_rows_match_the_prototype_on_person_sport_and_role ... ok
test arbiter::tests::every_school_row_matches_the_prototype_golden_field_for_field ... ok
test arbiter::tests::every_primary_contact_becomes_an_athletic_director_row ... ok
test arbiter::tests::mapped_schools_carry_the_association_identity_and_evidence ... ok
test arbiter::tests::only_cross_country_and_track_sports_are_mapped ... ok
test arbiter::tests::only_identifiable_coach_roles_are_mapped ... ok
test arbiter::tests::the_descriptor_is_registered_as_a_token_gated_structured_api ... ok
test arbiter::tests::the_lane_covers_the_four_arbiter_association_orgs ... ok
test arbiter::tests::the_prototype_drops_arbiter_track_variants_and_this_lane_keeps_them ... ok
test arbiter::tests::sub_varsity_rows_are_dropped ... ok
test arbiter::tests::the_published_bundle_yields_the_client_credentials ... ok
test arbiter::tests::the_schools_page_carries_all_89_nhiaa_schools ... ok
test arbiter::tests::the_side_of_a_coach_comes_from_the_level_label ... ok
test arbiter::tests::the_token_response_yields_the_access_token ... ok
test athlete_observations::tests::a_result_row_remains_row_owned_despite_a_linked_person_identifier ... ok
test athlete_observations::tests::primary_observations_preserve_provider_homonyms_despite_advisory_links ... ok
test athleticlive::map_rows::identity::tests::shared_names_keep_row_owners_separate_and_reuse_only_the_same_native_owner ... ok
test athleticlive::results::tests::both_mark_channels_agree_on_every_captured_row ... ok
test arbiter::tests::mapped_coaches_carry_parsed_evidence_with_the_source_url ... ok
test athleticlive::results::tests::event_document_rows_carry_the_published_shapes ... ok
test arbiter::collect::run::tests::owner_recovery::recovery_payload_for_another_public_owner_is_rejected_even_when_school_id_aliases ... ok
test arbiter::collect::run::tests::outcomes::short_coach_page_retains_facts_and_later_completes_once ... ok
test arbiter::collect::run::tests::outcomes::later_malformed_coach_page_retains_earlier_facts_and_can_recover ... ok
test arbiter::collect::run::tests::outcomes::malformed_coach_page_retains_school_and_later_completes_once ... ok
test athleticlive::results::tests::integration3::a_manifest_that_places_no_jurisdiction_fails_by_name ... ok
test arbiter::collect::run::tests::outcomes::missing_coach_page_retains_school_and_later_completes_once ... ok
test arbiter::collect::run::tests::outcomes::recording_incomplete_coach_page_cannot_emit_completion_receipt ... ok
test arbiter::collect::run::tests::acquisition_regressions::invalid_utf8_coach_capture_cannot_manufacture_a_replacement_character_person ... ok
test arbiter::collect::run::tests::outcomes::malformed_published_coach_fields_are_not_silently_folded_into_absence ... ok
test arbiter::collect::run::tests::outcomes::malformed_same_page_rows_retain_both_earlier_and_later_coaches_without_completion ... ok
test athleticlive::tests::corrupt_years_are_flagged_not_silently_kept ... ok
test athleticlive::tests::level_inference_only_fires_on_explicit_markers ... ok
test athleticlive::tests::missing_required_column_is_an_error_not_a_panic ... ok
test athleticlive::tests::parses_harvest_rows_and_keeps_only_known_states ... ok
test athleticlive::tests::quoted_fields_do_not_break_column_alignment ... ok
test athleticlive::tests::tenants_publishing_one_meet_merge_into_one_canonical_meet ... ok
test athleticlive_athletes::map::tests::roster_homonyms_keep_distinct_owners_and_missing_subjects_do_not_fall_back_to_names ... ok
test athleticlive_athletes::map::tests::the_same_roster_row_number_from_different_providers_does_not_merge ... ok
test athleticlive_athletes::tests::empty_and_malformed_hits_yield_nothing_instead_of_panicking ... ok
test athleticlive_athletes::tests::grade_is_interpreted_against_the_meet_school_year ... ok
test athleticlive_athletes::tests::grade_tokens_cover_numeric_and_letter_encodings ... ok
test athleticlive_athletes::tests::implausible_meet_dates_are_skipped_and_counted ... ok
test athleticlive_athletes::tests::meet_targets_deduplicate_by_athleticlive_id_and_respect_state_filter ... ok
test athleticlive_athletes::tests::one_athlete_seen_at_two_meets_stays_one_athlete ... ok
test athleticlive_athletes::tests::query_filters_grades_server_side ... ok
test athleticlive_athletes::tests::rows_become_canonical_entities_with_athletic_net_seeds ... ok
test athleticnet::absorb::tests::a_returned_profile_cannot_be_attributed_to_another_requested_subject ... ok
test arbiter::tests::a_journaled_school_is_skipped_and_an_unwritten_one_is_written ... ok
test arbiter::collect::run::tests::outcomes::school_without_coach_lookup_id_keeps_facts_and_owes_completion ... ok
test arbiter::tests::the_token_is_never_replayed_from_the_cache ... ok
test arbiter::collect::run::tests::acquisition_regressions::oversized_coach_page_is_a_bounded_failure_without_owned_completion ... ok
test arbiter::collect::run::tests::acquisition_regressions::same_name_association_owners_collect_distinct_coaches_and_ignore_legacy_name_receipts ... ok
test arbiter::tests::a_coach_walk_stopped_by_the_page_bound_records_a_failure ... ok
test arbiter::collect::run::tests::outcomes::empty_short_coach_page_is_not_completed_as_no_coaches ... ok
test athleticnet::absorb::tests::conflicting_profile_grades_preserve_both_observations_and_sources ... ok
test athleticnet::absorb::tests::admitted_profile_has_positive_parsed_support_for_source_bound_identity ... ok
test athleticnet::absorb::tests::profile_rounds::an_unknown_profile_school_does_not_report_a_missing_target_state ... ok
test athleticnet::absorb::tests::profile_rounds::missing_target_state_counts_each_withheld_result_not_the_profile ... ok
test athleticnet::absorb::tests::profile_rounds::profile_rounds_keep_distinct_event_identities_and_result_references ... ok
test athleticlive::results::tests::integration3::the_results_route_requires_a_manifest ... ok
test athleticnet::absorb::tests::retention::malformed_grade_retains_its_value_and_locator_beside_valid_history ... ok
test athleticnet::absorb::tests::retention::profile_without_results_still_has_parsed_owner_support ... ok
test athleticlive::results::tests::integration2::a_standings_capture_folds_into_the_event_that_published_its_run_key ... ok
test athleticnet::absorb::tests::retention::absent_current_school_keeps_each_published_grade_school_and_locator ... ok
test arbiter::collect::run::tests::outcomes::bounded_coach_walk_retains_facts_without_completing_and_can_recover ... ok
test athleticnet::absorb::tests::unsupported_latest_grade_does_not_discard_earlier_supported_evidence ... ok
test athleticnet::meet::tests::a_jurisdiction_is_read_only_from_a_published_state_code ... ok
test athleticnet::absorb::tests::unknown_gender_keeps_published_grade_and_source_owner_without_canonical_admission ... ok
test athleticnet::absorb::tests::retention::missing_grade_keeps_discovery_and_withholds_canonical_admission ... ok
test athleticnet::absorb::tests::retention::unresolved_state_keeps_grade_facts_without_minting_a_school ... ok
test athleticlive::results::tests::integration2::a_standings_capture_whose_run_key_no_document_published_is_refused ... ok
test athleticlive::results::tests::integration2::a_second_run_resumes_the_capture_the_first_journaled ... ok
test athleticlive::results::tests::integration3::the_event_summary_lists_individual_events_and_excludes_relays ... ok
test athleticlive::results::tests::integration::club_labels_and_an_empty_grade_cell_are_refused_not_invented ... ok
test arbiter::tests::a_short_member_page_below_the_reported_total_is_a_recorded_failure ... ok
test athleticnet::absorb::tests::acquisition::journal::pre_admission_profile_receipts_do_not_hide_owed_owner_validation ... ok
test athleticnet::tests::a_no_mark_row_yields_no_performance ... ok
test athleticnet::tests::a_registry_is_refused_rather_than_guessed_between_states ... ok
test athleticnet::tests::a_registry_line_carries_an_id_and_optionally_a_state ... ok
test athleticnet::absorb::tests::acquisition::journal::explicit_refresh_reopens_journaled_profiles_and_keeps_failed_refresh_owed ... ok
test athleticnet::tests::cross_country_and_track_rows_deserialize_from_their_published_shapes ... ok
test athleticnet::tests::marks_are_read_in_the_form_athleticnet_publishes ... ok
test athleticnet::tests::every_acquisition_endpoint_is_browser_transported ... ok
test athleticnet::tests::the_athleticnet_namespace_is_outside_the_core_scope ... ok
test athleticnet::meet::tests::a_meet_the_payload_does_not_place_is_dropped_whole ... ok
test athleticnet::absorb::tests::acquisition::admitted_empty_history_uses_each_exact_profile_fetch_locator ... ok
test chsaa::tests::descriptor_is_registered_with_the_directory_capabilities ... ok
test athleticnet::absorb::tests::acquisition::malformed_bio_does_not_certify_a_completed_parse ... ok
test chsaa::tests::a_role_outside_the_coaching_titles_is_dropped ... ok
test athleticnet::absorb::tests::acquisition::mismatched_cached_profile_is_durable_rejection_not_a_success_receipt ... ok
test athleticnet::absorb::tests::acquisition::journal::withheld_profile_commits_owner_grade_locators_without_successful_full_keys ... ok
test chsaa::tests::malformed_directory_errors_instead_of_panicking ... ok
test arbiter::tests::a_full_member_page_is_written_before_the_next_page_is_fetched ... ok
test chsaa::tests::malformed_school_page_errors_instead_of_panicking ... ok
test chsaa::tests::robots_allows_the_member_directory_path ... ok
test athleticnet::meet::tests::a_relay_squad_becomes_one_performance_per_leg_and_never_a_person ... ok
test athleticlive::results::tests::integration2::a_capture_whose_rows_never_landed_is_read_again_by_the_next_run ... ok
test athleticnet::meet::tests::every_published_team_id_mints_a_school_and_a_team ... ok
test chsaa::tests::wanted_names_normalise_the_requested_schools ... ok
test athleticnet::meet::tests::every_performance_is_keyed_by_the_published_result_it_came_from ... ok
test chsaa::tests::school_page_names_the_school_from_its_title ... ok
test chsaa::tests::directory_address_coverage_matches_the_recorded_figures ... ok
test chsaa::tests::directory_parses_the_378_member_schools ... ok
test athleticlive::results::tests::integration3::a_manifest_imports_every_meet_it_names_and_lands_on_the_harvest_ids ... ok
test athleticnet::meet::tests::the_meet_row_carries_what_the_document_publishes_and_nothing_it_does_not ... ok
test ciac::tests::parse_gender_returns_boys ... ok
test ciac::tests::parse_gender_returns_girls ... ok
test ciac::tests::parse_gender_returns_mixed_for_coed ... ok
test ciac::tests::parse_sport_label_returns_cross_country ... ok
test ciac::tests::parse_sport_label_returns_none_for_non_xc_tf ... ok
test ciac::tests::parse_sport_label_returns_track ... ok
test athleticlive::results::tests::integration::a_result_pass_files_one_observation_per_athlete_id_the_capture_published ... ok
test athleticnet::meet::tests::grades_are_read_only_where_the_payload_publishes_one ... ok
test ciac::tests::school_entities_captures_non_xc_tf_rows ... ok
test ciac::tests::school_entities_mints_coach_for_track ... ok
test ciac::tests::school_entities_mints_coach_for_xc ... ok
test ciac::tests::school_entities_mints_school ... ok
test ciac::tests::school_entities_skips_placeholder_names ... ok
test coach_contacts::artifact::tests::existing_empty_staging_directory_is_not_reused ... ok
test chsaa::tests::gender_comes_from_the_activity_name ... ok
test ciac::tests::parse_directory_returns_schools ... ok
test chsaa::tests::directory_rows_match_the_prototype_golden_field_for_field ... ok
test ciac::tests::parsed_schools_have_coach_rows ... ok
test athleticnet::absorb::tests::retention::withheld_grade_history_and_rejections_survive_the_same_batch_and_reopen ... ok
test chsaa::tests::sports_outside_track_and_cross_country_are_dropped ... ok
test chsaa::tests::school_page_rows_match_the_prototype_golden_after_mapping ... ok
test ciac::tests::abbott_tech_has_girls_cx_coach ... ok
test athleticnet::meet::tests::the_probe_meet_reads_every_published_row ... ok
test ciac::tests::fixture_has_182_schools_with_xc_tf_rows ... ok
test coach_contacts::artifact::tests::raw_contacts_preserve_fields_and_all_source_urls ... ok
test coach_contacts::artifact::tests::header_only_raw_csv_and_empty_staged_artifact_have_zero_rows ... ok
test ciac::tests::abbott_tech_has_bcx_coach_mario_longo ... ok
test ciac::tests::fixture_has_xc_tf_coach_rows_counting_over_1000 ... ok
test coach_contacts::artifact::tests::limits::oversized_files_and_manifest_counts_are_refused_before_unbounded_allocation ... ok
test ciac::tests::parse_directory_contains_abbott_tech ... ok
test coach_contacts::artifact::tests::raw_eleven_column_csv_cannot_be_read_as_verified ... ok
test chsaa::tests::mapped_coaches_are_never_athletic_directors ... ok
test athleticlive::results::tests::integration::collect_maps_a_captured_state_final_into_the_canonical_tables ... ok
test coach_contacts::artifact::tests::missing_short_and_incorrect_headers_are_rejected ... ok
test coach_directories::admission_regressions::absent_provider_ids_do_not_collapse_unrelated_published_people ... ok
test coach_contacts::artifact::tests_edge::edge_cases::extra_jsonl_record_is_not_ignored ... ok
test coach_directories::admission_regressions::admitted_team_placement_takes_priority_over_conflicting_staff_fallback ... ok
test coach_contacts::artifact::tests_edge::edge_cases::an_extra_csv_row_cannot_borrow_another_rows_evidence ... ok
test coach_directories::admission_regressions::duplicate_provider_records_apply_admission_before_contact_precedence ... ok
test coach_directories::admission_regressions::indoor_and_outdoor_roles_survive_in_either_source_order ... ok
test coach_directories::admission_regressions::rejected_team_placement_cannot_hide_an_eligible_staff_fallback ... ok
test coach_directories::admission_regressions::unidentified_same_name_staff_retain_their_separate_contacts_in_either_order ... ok
test coach_contacts::artifact::tests_edge::edge_cases::missing_envelopes_report_the_actual_csv_population ... ok
test coach_contacts::artifact::tests::refusing_replacement_preserves_the_prior_artifact ... ok
test coach_contacts::artifact::tests_edge::edge_cases::changing_csv_proof_and_rehashing_does_not_change_the_evidence_proof ... ok
test coach_contacts::artifact::tests_edge::edge_cases::changing_evidence_and_rehashing_does_not_verify_the_original_row ... ok
test coach_contacts::artifact::tests_edge::email_school_and_role_changes_cannot_reuse_prior_claims ... ok
test coach_contacts::artifact::tests_edge::edge_cases::changed_file_bytes_fail_manifest_integrity_before_semantic_acceptance ... ok
test athleticnet::meet::tests::published_row_tokens_are_read_in_the_forms_this_capture_uses ... ok
test coach_contacts::artifact::tests_edge::edge_cases::incorrect_manifest_version_row_count_and_json_are_rejected ... ok
test athleticnet::meet::tests::the_third_request_settles_the_marks_the_labels_already_settle ... ok
test coach_contacts::artifact::tests::quoted_unicode_and_url_fields_roundtrip_without_normalization ... ok
test arbiter::collect::run::tests::http_recovery::zero_coach_total_completes_only_with_an_admitted_response_schema ... ok
test chsaa::tests::collect_stores_the_requested_school_and_its_coach_rows_from_the_cache ... ok
test chsaa::tests::a_journalled_school_is_skipped_on_the_next_run ... ok
test coach_contacts::artifact::tests::limits::encoded_record_limit_includes_delimiters_and_line_endings ... ok
test coach_contacts::artifact::tests::limits::an_oversized_csv_record_cannot_publish_a_readable_artifact ... ok
test coach_directories::map::postal_regressions::cases::partial_street_claims_never_borrow_missing_components_from_another_capture ... ok
test coach_directories::map::postal_regressions::cases::a_null_summary_address_is_absence_not_a_fabricated_claim_or_source_failure ... ok
test coach_directories::map::postal_regressions::alternate_published_streets_are_not_ranked_or_discarded ... ok
test coach_directories::survey_tests::a_summary_failure_records_only_the_failure_like_the_prototype ... ok
test coach_directories::survey_tests::associations_table_has_51_entries ... ok
test coach_directories::map::postal_regressions::captured_zcum49_keeps_both_source_owned_addresses_and_raw_capture_provenance ... ok
test coach_directories::survey_tests::classified_subset_is_preferred_for_sampling ... ok
test coach_directories::map::postal_regressions::pagination::a_directory_or_summary_above_the_row_budget_is_an_explicit_refusal ... ok
test coach_directories::survey_tests::every_verified_note_restates_the_committed_probe_artifact ... ok
test coach_directories::survey_tests::captured_varsity_cross_country_contact_survives_earlier_jv_team ... ok
test coach_directories::survey_tests::access_denied_xml_body_surfaces_json_error ... ok
test coach_directories::map::postal_regressions::cases::malformed_zip_without_a_street_is_still_an_explicit_retained_review ... ok
test coach_directories::map::postal_regressions::ownership::a_foreign_directory_jurisdiction_cannot_attach_school_or_postal_claims ... ok
test coach_directories::map::postal_regressions::ownership::a_missing_directory_owner_is_reported_instead_of_disappearing ... ok
test coach_directories::map::postal_regressions::foreign_summary_never_attaches_coaches_aliases_or_address_and_remains_unfinished ... ok
test coach_directories::survey_tests::rejected_jv_claim_does_not_hide_later_varsity_contact ... ok
test coach_directories::survey_tests::report_json_sorts_by_state ... ok
test coach_directories::survey_tests::rows_without_short_code_are_skipped_in_summary_pass ... ok
test coach_directories::survey_tests::sample_rows_empty ... ok
test coach_directories::survey_tests::sample_rows_five_step_one_take_four ... ok
test coach_directories::survey_tests::rejected_vendor_claim_does_not_hide_later_public_contact ... ok
test coach_directories::survey_tests::sample_rows_forty_step_ten ... ok
test coach_directories::survey_tests::sample_rows_single ... ok
test coach_directories::survey_tests::staff_per_school_rounds_half_even ... ok
test coach_directories::survey_tests::the_probe_report_is_byte_identical_to_the_prototype_artifact ... ok
test coach_directories::survey_tests::the_prototype_table_lines_are_reproduced ... ok
test coach_directories::survey_tests::the_state_filter_selects_the_named_associations ... ok
test coach_directories::survey_tests::verified_table_has_15_entries ... ok
test coach_directories::tests::a_body_that_is_not_json_is_a_failed_fetch ... ok
test coach_directories::tests::a_coach_missing_from_the_team_index_is_placed_from_their_own_team ... ok
test coach_directories::tests::a_director_who_also_coaches_keeps_both_rows_and_duplicates_collapse ... ok
test coach_directories::tests::a_live_middle_school_page_keeps_only_its_director_and_counts_each_level ... ok
test coach_directories::map::postal_regressions::cases::published_directory_second_line_and_leading_zero_zip_survive_as_their_own_claim ... ok
test coach_directories::tests::a_nameless_team_member_counts_for_the_probe_and_is_dropped_from_the_census ... ok
test coach_directories::tests::a_directory_page_reads_every_association_row ... ok
test coach_directories::tests::a_post_only_or_unnamed_staff_string_never_mints_a_person ... ok
test coach_directories::tests::a_request_outside_the_registered_jurisdictions_fetches_nothing ... ok
test coach_directories::map::postal_regressions::ownership::legacy_completion_is_preserved_but_cannot_suppress_newly_qualified_postal_facts ... ok
test coach_directories::tests::a_sub_varsity_team_row_is_dropped_and_counted_per_level ... ok
test coach_directories::tests::a_vendor_fixture_contact_drops_the_coach_row ... ok
test coach_directories::tests::claim_order::rejected_vendor_contact_cannot_claim_a_valid_persons_row ... ok
test coach_directories::tests::claim_order::varsity_output_survives_rejected_duplicates_in_either_order ... ok
test coach_contacts::artifact::tests::limits::oversized_evidence_envelopes_are_refused_on_write_and_read ... ok
test coach_directories::tests::every_label_in_the_prototypes_measured_table_maps ... ok
test coach_directories::tests::only_the_measured_associations_are_selectable ... ok
test coach_directories::tests::a_summary_without_staff_is_school_identity_only ... ok
test coach_directories::tests::the_classification_rule_reads_the_associations_own_key ... ok
test coach_directories::tests::a_page_without_association_levels_still_reads ... ok
test coach_directories::tests::a_live_vendor_fixture_school_row_is_dropped_before_it_mints ... ok
test coach_directories::tests::the_possessive_and_genderless_labels_all_map ... ok
test coach_directories::tests::summary_parity::captured_summary_keeps_four_varsity_contexts_and_counts_four_jv_rejections ... ok
test coach_directories::map::postal_regressions::cases::malformed_directory_street_does_not_discard_valid_summary_coaches_or_address ... ok
test coach_directories::survey_tests::offline_uncached_association_records_offline ... ok
test coach_directories::tests::the_summary_maps_every_published_row ... ok
test coach_directories::tests::the_directory_row_mints_the_school_with_its_association_and_level ... ok
test compiled::tests::print_artifacts_do_not_become_part_of_the_meet_name ... ok
test compiled::tests::a_file_without_a_header_is_not_claimed ... ok
test directory::tests::a_row_shorter_than_the_header_is_counted_as_a_note ... ok
test directory::tests::census_states_are_the_forty_nine_planned_jurisdictions ... ok
test directory::tests::coordinates_parse_only_when_both_axes_arrive ... ok
test directory::tests::field_failures_carry_the_field_and_the_domain_detail ... ok
test directory::tests::grade_spans_map_the_published_codes ... ok
test directory::tests::outcomes_absorb_each_other_without_losing_an_issue ... ok
test directory::tests::outcomes_count_entries_skips_and_notes ... ok
test directory::tests::postal_addresses_carry_the_parts_the_row_has ... ok
test directory::tests::postal_addresses_refuse_malformed_parts_and_out_of_scope_states ... ok
test directory::tests::row_mapping_helpers_split_skips_from_notes ... ok
test geocode::tests::documented_google_statuses_map_to_distinct_outcomes ... ok
test geocode::tests::documented_ok_status_yields_typed_coordinates ... ok
test geocode::tests::documented_usps_address_body_yields_typed_fields ... ok
test geocode::tests::documented_usps_error_body_yields_a_rejection ... ok
test geocode::tests::empty_usps_address_fields_are_unparsed_not_validated ... ok
test geocode::tests::google_request_carries_the_composed_address_and_the_key ... ok
test coach_directories::tests::the_summary_fills_what_a_levels_less_directory_row_lacked ... ok
test geocode::tests::missing_credential_refusal_names_the_variable_once ... ok
test geocode::tests::google_transport_failure_never_echoes_the_key ... ok
test geocode::tests::secret_key_debug_is_redacted ... ok
test geocode::tests::ok_without_a_geometry_location_is_unusable ... ok
test geocode::tests::usps_body_without_address_or_error_is_unparsed ... ok
test geocode::tests::unrecognized_google_status_is_reported_not_fabricated ... ok
test geocode::tests::usps_request_carries_the_bearer_token_and_the_address_query ... ok
test geocode::tests::usps_transport_failure_never_echoes_the_token ... ok
test compiled::tests::regional_export_parses_both_blocks_of_a_page ... ok
test coach_directories::tests::the_live_directory_pages_reproduce_the_prototypes_rows ... ok
test coach_directories::map::postal_regressions::cases::a_nonobject_summary_address_is_reviewed_without_losing_legitimate_coaches ... ok
test hytek::identity::tests::a_school_label_that_is_not_an_identity_is_left_alone ... ok
test coach_directories::map::postal_regressions::cases::blank_or_missing_streets_never_become_addresses_from_city_state_or_zip ... ok
test hytek::identity::tests::the_individual_shape_reads_back_as_athlete_grade_and_school ... ok
test context::observation_tests::abandoned_page_leaves_no_school_athlete_observation_or_journal ... ok
test hytek::tests::a_file_without_a_meet_header_is_skipped_rather_than_guessed ... ok
test context::observation_tests::recording_retains_observations_with_the_page_and_never_writes_the_store ... ok
test hytek::tests::event_labels_map_onto_the_ontology ... ok
test hytek::identity::tests::an_individual_row_under_a_relay_header_keeps_its_athlete_grade_and_school ... ok
test hytek::identity::tests::the_relay_rows_around_it_stay_school_labels ... ok
test hytek::tests::a_seed_column_does_not_bleed_into_the_school_label_or_the_mark ... ok
test hytek::tests::marks_parse_from_published_notation ... ok
test hytek::tests::pdf_page_breaks_do_not_glue_pages_together ... ok
test coach_directories::survey_tests::offline_probe_ak_zero_staff ... ok
test coach_directories::map::postal_regressions::pagination::a_truncated_final_directory_page_keeps_valid_contacts_but_reports_the_missing_population ... ok
test geocode::transport_tests::a_refused_connection_reports_without_the_url_or_credential ... ok
test geocode::transport_tests::a_vendor_error_status_becomes_a_failure_without_the_url_or_credential ... ok
test hytek::tests::uppercase_pre_blocks_parse_like_plain_text ... ok
test hytek::tests::header_lines_yield_the_meet_name_date_and_timer ... ok
test ihsa::tests::coach_title_maps_sport_and_gender ... ok
test ihsa::tests::coach_title_returns_none_for_non_coaching ... ok
test ihsa::tests::coach_entity_from_rich_fixture ... ok
test ihsa::tests::email_reveal_parses_only_real_addresses ... ok
test ihsa::tests::empty_json_object_parses_empty_lists ... ok
test hytek::tests::field_rows_keep_the_imperial_mark_and_the_flight ... ok
test ihsa::tests::honorifics_stripped_from_names ... ok
test ihsa::tests::malformed_json_errors_out ... ok
test ihsa::tests::email_reveal_covers_every_retained_row_that_advertises_one ... ok
test hytek::tests::relay_rows_name_the_school_and_list_their_legs_with_grades ... ok
test ihsa::tests::parses_school_into_canonical ... ok
test ihsa::tests::office_roles_excluded_from_coaches ... ok
test ihsa::tests::parses_school_name_city_id ... ok
test ihsa::tests::parses_schools_fixture ... ok
test hytek::tests::plain_text_reports_parse_the_same_way_as_html_ones ... ok
test ihsa::tests::parses_staff_fixture_office_only ... ok
test ihsa::tests::kept_staff_rows_advertise_an_email ... ok
test ihsa::tests::role_parsed_for_coaching_and_ad ... ok
test ihsa::tests::role_returns_none_for_office_roles ... ok
test ihsa::tests::school_with_blank_name_is_skipped ... ok
test ihsa::tests::school_url_becomes_school_website ... ok
test ihsa::tournament::tests::date_and_class_helpers_read_what_the_index_publishes ... ok
test ihsa::tests::parses_staff_fixture_rich ... ok
test ihsa::tournament::tests::grade_parser_rejects_what_is_not_a_high_school_grade ... ok
test ihsa::tests::no_cell_phones_or_personal_data_in_entities ... ok
test ihsa::tournament::tests::mark_forms_seen_in_the_corpus_parse_to_canonical_marks ... ok
test ihsa::tournament::tests::meets_index_pins_both_state_finals_and_their_athletic_net_live_ids ... ok
test hytek::tests::the_trackside_template_parses_place_grade_school_and_field_marks ... ok
test ihsa::tests::track_and_cross_country_roles_are_kept ... ok
test geocode::transport_tests::http_transport_sends_the_recorded_request_and_returns_the_body ... ok
test hytek::tests::individual_rows_carry_place_grade_school_mark_and_wind ... ok
test hytek::tests::team_score_lines_are_not_mistaken_for_results ... ok
test ihsa::tournament::tests::unplaceable_dates_fall_back_to_the_runs_school_year ... ok
test ihsa::tournament::tests::terms_pin_the_newest_completed_school_year ... ok
test ihsa::tournament::tests::xc_empty_archive_decodes_to_an_empty_envelope ... ok
test ihsa::tournament::tests::hj_summary_pins_net_and_live_ids_on_every_finisher ... ok
test ihsa::tournament::tests::xc_missing_archive_is_an_error_envelope_not_a_qualifier_payload ... ok
test ihsa::tournament::tests::summary_round_label_is_derived_from_the_published_code ... ok
test ihsa::tournament::tests::captain_summaries_are_distinct_events ... ok
test ihsa::tournament::tests::events_index_pins_97_event_rows_with_round_and_class_splits ... ok
test ihsa::tournament::tests::relay_summary_pins_four_legs_per_team_with_ids_and_grades ... ok
test ingress::tests::keeps_query_and_authority ... ok
test ingress::tests::leaves_unserved_routes_untouched ... ok
test ingress::tests::rewrites_legacy_invoke_route ... ok
test ingress::tests::rewrites_send_route_to_the_served_suffix_form ... ok
test ingress::tests::rewrites_sync_call_route_to_served_path ... ok
test ks::tests::empty_ad_name_yields_none ... ok
test ks::tests::empty_json_array_returns_zero_rows ... ok
test ks::tests::fixture_ad_email_fill_rate ... ok
test ks::tests::honorific_stripped_from_ad_name ... ok
test ks::tests::malformed_json_errors_out ... ok
test ihsa::tournament::tests::xc_girls_list_publishes_the_same_shape ... ok
test ks::tests::no_cell_phones_or_principal_data_in_entities ... ok
test ihsa::tournament::tests::xc_boys_1a_pins_ids_grades_and_sector_equality ... ok
test ks::tests::parses_ad_coach_from_record ... ok
test ks::tests::parses_fixture_records ... ok
test ks::tests::parses_school_from_record ... ok
test ks::tests::school_with_no_class_or_enrollment_parses ... ok
test ks::tests::school_with_no_website_parses ... ok
test milesplit::map::owned::tests::binding::foreign_owned_meet_or_result_set_indices_are_refused_before_any_projection_mutation ... ok
test milesplit::map::owned::tests::absent_sport_metadata_preserves_source_athlete_without_inventing_a_team_or_comparable_mark ... ok
test milesplit::map::owned::tests::spann_long_and_triple_jump_survive_with_original_provider_owner_and_acquisition_evidence ... ok
test coach_directories::map::postal_regressions::pagination::a_repeated_directory_page_cannot_certify_the_unread_page ... ok
test milesplit::map::owned::tests::unresolved::missing_or_invalid_published_cohort_retains_the_mark_without_reusing_other_row_cohort ... ok
test milesplit::map::owned::tests::unresolved::same_name_school_and_cohort_never_merge_different_positive_provider_owners ... ok
test milesplit::mark::tests::parse_published_fat_timing ... ok
test ihsa::tournament::tests::xc_boys_three_classes_total_the_measured_1214_athletes_and_358_juniors ... ok
test milesplit::mark::tests::parse_published_hand_timing ... ok
test milesplit::mark::tests::parse_published_plain_numeric ... ok
test milesplit::mark::tests::parse_published_rejects_empty_string ... ok
test milesplit::mark::tests::parse_published_rejects_malformed_minute_field ... ok
test milesplit::mark::tests::parse_published_rejects_multiple_suffixes ... ok
test milesplit::mark::tests::parse_published_rejects_negative_and_non_finite ... ok
test milesplit::mark::tests::parse_published_rejects_unknown_suffix ... ok
test milesplit::mark::tests::parse_published_rejects_non_result_tokens ... ok
test milesplit::mark::tests::parse_published_trims_whitespace ... ok
test milesplit::mark::tests::source_declared_metric_marks_preserve_exact_centimetres ... ok
test milesplit::map::owned::tests::unresolved::missing_ambiguous_noncanonical_and_wrong_namespace_team_ids_remain_unresolved ... ok
test milesplit::mark::tests::captured_class_of_2027_result_keeps_its_numeric_mark_and_timing ... ok
test ihsa::tournament::tests::summaries_contain_no_unhandled_mark_form ... ok
test coach_directories::survey_tests::collect::failed_summary_does_not_hide_recovered_public_contact ... ok
test coach_directories::map::postal_regressions::pagination::the_directory_page_budget_is_disclosed_without_discarding_collected_school_facts ... ok
test milesplit::owned::effect::tests::empty_success_is_capture_parse_success_with_unknown_population ... ok
test milesplit::owned::tests::an_owned_result_without_a_published_person_name_is_rejected_at_its_locator ... ok
test milesplit::owned::tests::captured_provider_time_uses_the_existing_mark_conversion ... ok
test milesplit::owned::effect::tests::successful_receipt_returns_current_owner_and_marks_for_downstream_replay ... ok
test milesplit::owned::effect::tests::recording_route_retains_all_capture_chunks_before_source_receipts_are_applied ... ok
test coach_directories::survey_tests::offline_probe_ga_multi_page ... ok
test milesplit::owned::tests::malformed_document_and_foreign_empty_envelope_are_not_parsed_success ... ok
test milesplit::owned::tests::malformed_and_duplicate_rows_keep_their_capture_locators ... ok
test milesplit::owned::tests::missing_or_invalid_cohort_does_not_manufacture_a_graduation_year ... ok
test milesplit::owned::tests::provider_result_ids_own_distinct_adelyn_field_performances ... ok
test milesplit::owned::tests::relay_tests::accounted_relays_do_not_supply_a_missing_total_or_hide_accounting_mismatch ... ok
test milesplit::owned::tests::relay_tests::captured_team_relays_are_accounted_without_individual_marks_or_total_claims ... ok
test milesplit::owned::tests::relay_tests::missing_individual_owner_and_null_nonrelay_names_are_not_relay_dispositions ... ok
test ihsa::tournament::walk_tests::identity::out_of_scope_states_spend_no_request ... ok
test milesplit::owned::tests::relay_tests::all_existing_relay_event_kinds_remain_team_results_for_published_time_or_no_mark ... ok
test milesplit::owned::tests::relay_tests::missing_relay_structural_fields_cannot_be_counted_as_team_results ... ok
test milesplit::owned::tests::relay_tests::named_nonrelay_small_positive_owners_remain_individuals_with_unknown_cohort ... ok
test milesplit::raw_rows::edge_tests::a_blank_declared_mark_cell_never_promotes_school_digits ... ok
test milesplit::raw_rows::edge_tests::a_college_grade_token_is_a_located_field_exclusion ... ok
test milesplit::raw_rows::edge_tests::a_header_derived_mark_column_does_not_hide_a_named_row ... ok
test milesplit::owned::tests::foreign_meet_and_conflicting_profile_are_located_without_dropping_other_rows ... ok
test milesplit::raw_rows::edge_tests::a_located_grade_eight_row_is_preserved_not_skipped ... ok
test milesplit::raw_rows::edge_tests::a_mark_wider_than_the_published_cell_keeps_its_school ... ok
test milesplit::raw_rows::edge_tests::a_missing_grade_is_not_a_located_issue ... ok
test milesplit::owned::tests::relay_tests::relay_subject_does_not_depend_on_person_names_owner_tokens_or_profile_urls ... ok
test milesplit::raw_rows::edge_tests::a_malformed_grade_token_owes_a_partial_result_set ... ok
test milesplit::raw_rows::edge_tests::a_wrapped_round_does_not_relabel_the_earlier_results ... ok
test milesplit::raw_rows::edge_tests::an_unqualified_document_is_not_a_successful_empty_result_set ... ok
test milesplit::raw_rows::edge_tests::escaped_section_labels_decode_before_publication ... ok
test milesplit::raw_rows::edge_tests::located_byte_offsets_resolve_the_original_document ... ok
test milesplit::raw_rows::edge_tests::numeric_school_labels_keep_the_published_mark ... ok
test milesplit::raw_rows::edge_tests::a_row_without_a_column_map_is_rejected_with_its_bytes ... ok
test milesplit::raw_rows::edge_tests::published_metric_field_row_keeps_event_grade_and_numeric_distance ... ok
test milesplit::raw_rows::tests::escaped_entities_decode_in_labels ... ok
test milesplit::raw_rows::tests::malformed_references_stay_verbatim ... ok
test milesplit::raw_rows::tests::apostrophe_prefixes_carry_gender ... ok
test milesplit::raw_rows::tests::numeric_references_decode_decimal_and_hex_forms ... ok
test milesplit::raw_rows::tests::qualified_field_labels_map_to_their_kind ... ok
test milesplit::owned::effect::tests::malformed_partial_and_refused_captures_never_receive_parse_success_receipts ... ok
test milesplit::results::pages::tests::only_a_milesplit_results_page_belongs_to_this_reader ... ok
test milesplit::owned::tests::excessive_body_and_row_counts_are_explicit_document_refusals ... ok
test milesplit::owned::tests::relay_tests::relay_context_errors_are_real_rejections_not_individuals_or_accounted_relays ... ok
test milesplit::results::run::owned_tests::binding::foreign_captured_or_requested_raw_urls_cannot_bind_a_matching_published_troy_document ... ok
test milesplit::results::run::owned_tests::binding::both_authentic_troy_raw_documents_publish_march_outdoor_metadata_for_school_year_2025 ... ok
test milesplit::owned::effect::tests::replay::individual_owner_failure_remains_partial_without_attributing_relay_splits ... ok
test milesplit::owned::effect::tests::replay::relay_interpretation_replays_beside_unchanged_v1_history_and_capture_archive ... ok
test milesplit::owned::effect::tests::uncaptured_transport_failure_is_explicit_and_does_not_seal_the_meet ... ok
test milesplit::owned::effect::tests::uncaptured_access_refusal_is_not_a_transport_failure_or_fabricated_capture ... ok
test coach_directories::tests::collect_stores_the_requested_school_and_its_coach_rows_from_the_cache ... ok
test milesplit::results::pages::tests::an_unreadable_page_is_quarantined_and_the_walk_goes_on ... ok
test milesplit::results::run::owned_tests::a_signed_meet_identifier_cannot_rebind_a_public_owned_capture ... ok
test milesplit::results::run::owned_tests::legacy_raw_receipts_do_not_authorize_synthetic_owners_or_suppress_owned_projection ... ok
test milesplit::results::pages::tests::mismatches_without_readable_pages_stop_the_walk ... ok
test milesplit::results::run::owned_tests::mixed_replay::completed_result_set_rebuilds_beside_new_set_without_reappending_its_marks_or_observations ... ok
test coach_directories::map::postal_regressions::ownership::malformed_summary_postal_review_can_reacquire_corrected_captured_facts ... ok
test coach_directories::map::postal_regressions::cases::missing_or_blank_directory_organization_id_cannot_attach_a_summary ... ok
test milesplit::tests::an_empty_known_roster_is_a_named_gap_not_negative_identity_evidence ... ok
test milesplit::tests::malformed_html_fails_loudly ... ok
test milesplit::tests::a_missing_name_does_not_erase_a_readable_provider_identity ... ok
test milesplit::results::run::owned_tests::partial_replay::partial_cohort_projection_reopens_without_duplicating_retained_or_projected_rows ... ok
test milesplit::tests::parses_team_index_rows ... ok
test milesplit::tests::parsing::an_inline_results_page_is_its_own_one_result_set ... ok
test milesplit::tests::parsing::captured_nc_wrapped_round_keeps_its_event_and_finisher ... ok
test milesplit::results::run::owned_tests::result_sets::shared_owned_capture_projects_only_matching_result_sets_without_duplicate_subject_effects ... ok
test milesplit::results::run::owned_tests::replay::recorded_collect_entities_and_v3_receipt_become_visible_only_at_one_batch_commit ... ok
test milesplit::tests::parsing::neither_template_is_a_schema_error ... ok
test milesplit::tests::parsing::legacy_select_with_only_all_is_empty ... ok
test milesplit::tests::parsing::a_meet_row_without_an_id_is_not_a_meet ... ok
test milesplit::tests::parsing::the_results_index_url_is_the_published_query_shape ... ok
test milesplit::tests::parsing::unknown_host_is_rejected_by_both_parse_methods ... ok
test milesplit::tests::parsing::www_host_is_rejected_by_parse_but_accepted_by_parse_with_jurisdiction ... ok
test milesplit::tests::raw_result_set_body_pins_80_rows_in_two_sections ... ok
test milesplit::tests::roster::a_page_without_a_file_list_is_a_schema_mismatch ... ok
test milesplit::tests::roster::a_results_page_lists_the_result_files_the_raw_route_serves ... ok
test milesplit::results::run::owned_tests::partial_replay::a_genuine_new_school_binding_resumes_partial_projection_without_reappending_prior_facts ... ok
test milesplit::tests::roster::an_empty_file_list_is_a_state_not_a_failure ... ok
test milesplit::tests::roster::result_set_urls_are_checked_and_disallowed_routes_are_never_built ... ok
test milesplit::tests::parsing::dc_legacy_fixture_parses_result_file_entries ... ok
test milesplit::tests::roster::raw_row_that_does_not_fit_the_column_map_is_reported ... ok
test milesplit::tests::roster_entities::lookalike_hosts_cannot_supply_roster_identity ... ok
test milesplit::tests::roster_entities::provider_owned_athlete_hosts_preserve_profile_urls_and_roster_identity ... ok
test milesplit::tests::roster_entities::roster_names_decode_numeric_entities_without_recursively_decoding_escaped_text ... ok
test milesplit::results::run::owned_tests::unresolved::missing_cohort_retains_original_result_without_completing_its_projection_effect ... ok
test mpa::tests::parse_directory_malformed_yields_empty ... ok
test mpa::tests::parse_directory_no_empty_names ... ok
test mpa::tests::parse_directory_parses_many_schools ... ok
test mpa::tests::parse_directory_returns_schools ... ok
test mpa::tests::parse_sport_label_maps_track ... ok
test mpa::tests::parse_sport_label_maps_xc ... ok
test mpa::tests::parse_sport_label_skips_other_sports ... ok
test mpa::tests::parse_staff_malformed_yields_empty ... ok
test mpa::tests::parse_staff_table_captures_non_xc_sport ... ok
test mpa::tests::parse_staff_table_extracts_track_coaches ... ok
test mpa::tests::parse_staff_table_extracts_xc_coaches ... ok
test milesplit::results::run::owned_tests::relay_source_rows_are_retained_without_individual_membership_or_split_materialization ... ok
test mpa::tests::school_entities_deduplicates_duplicate_sport_rows ... ok
test mpa::tests::parse_staff_table_skips_non_head_coaches ... ok
test mpa::tests::school_entities_no_email_invented ... ok
test mpa::tests::school_entities_parses_xc_coaches ... ok
test mpa::tests::school_entities_strips_the_coach_honorific ... ok
test mpa::tests::sides::school_entities_preserve_explicit_sides_for_each_supported_sport ... ok
test milesplit::tests::parses_roster_rows_with_grad_year_and_seasons ... ok
test milesplit::tests::parsing::parses_a_state_results_index_into_requestable_meets ... ok
test mshsl::tests::coach_levels_map_to_roles_and_published_addresses_survive ... ok
test mshsl::tests::cfemail_decodes_to_the_published_addresses ... ok
test mshsl::tests::honorifics_are_stripped_before_minting ... ok
test mshsl::tests::listing_rows_carry_slug_name_and_city ... ok
test mshsl::tests::malformed_payloads_yield_zero_rows_instead_of_panicking ... ok
test milesplit::results::run::owned_tests::unresolved::partial_owned_capture_keeps_valid_triple_jump_and_reports_original_individual_failure ... ok
test milesplit::tests::roster_entities_are_canonical_and_source_independent ... ok
test mshsl::tests::pagination_follows_the_real_pager ... ok
test milesplit::results::run::owned_tests::replay::collect_interruption_after_owned_capture_reopens_without_a_half_visible_projection ... ok
test mshsl::tests::team_nodes_filter_to_track_and_cross_country ... ok
test net::bridge::tests::a_non_admitted_origin_is_refused_with_policy_error ... ok
test milesplit::tests::rejected_rows_keep_their_provider_identity_and_exact_utf8_span ... ok
test net::bridge::tests::admitted_browser_origins_contains_athletic_net ... ok
test net::bridge::tests::an_admitted_origin_passes_validation ... ok
test net::bridge::tests::every_reason_renders_as_its_wire_name ... ok
test net::bridge::tests::session_key_is_profile_zero ... ok
test net::bridge::tests::the_census_mirror_decodes_the_failure_fixture ... ok
test net::bridge::tests::the_census_mirror_decodes_the_capture_fixture ... ok
test net::bridge::tests::the_census_mirror_decodes_the_fixture ... ok
test net::bridge::tests::the_census_mirror_re_encodes_the_fixture_byte_for_byte ... ok
test net::cache::archive_tests::body_storage_is_shared_read_only_and_replacement_never_mutates_the_old_inode ... ok
test net::cache::archive_tests::failures::archive_io_failure_keeps_the_verified_old_mutable_cache_unreplaced ... ok
test net::cache::archive_tests::failures::body_only_archive_publication_resumes_but_another_runs_stage_is_never_removed ... ok
test net::cache::archive_tests::failures::corrupt_existing_archive_body_and_metadata_each_refuse_false_success ... ok
test net::cache::archive_tests::failures::incomplete_old_capture_recovers_without_claiming_false_preservation ... ok
test net::cache::archive_tests::failures::invalid_new_digest_length_and_oversized_metadata_do_not_publish_any_capture ... ok
test net::cache::archive_tests::failures::metadata_publication_io_failure_leaves_no_complete_archive_or_cache ... ok
test net::cache::archive_tests::failures::mismatched_old_body_is_never_archived_under_its_declared_hash ... ok
test net::cache::archive_tests::identical_bodies_retain_distinct_source_method_status_and_capture_time ... ok
test net::cache::archive_tests::identical_replay_preserves_the_original_audit_files_without_duplicates ... ok
test mshsl::tests::school_page_yields_canonical_school_with_identity_and_evidence ... ok
test net::cache::archive_tests::migrating_an_identical_compact_capture_does_not_manufacture_an_audit_record ... ok
test net::cache::archive_tests::migration_preserves_verified_old_non_success_capture_and_unknown_metadata ... ok
test net::cache::archive_tests::quarantine_crashes::crash_before_reason_publication_does_not_block_recovery_or_remove_orphan_evidence ... ok
test mshsl::tests::athletic_directors_are_the_only_admin_rows_emitted ... ok
test net::cache::archive_tests::quarantine_crashes::occupied_quarantine_destination_is_an_error_and_never_replaced ... ok
test mshsl::tests::ad_email_fill_rate_on_the_fixtures ... ok
test net::cache::archive_tests::races::an_in_progress_cache_writer_retains_the_response_without_retry_or_partial_replacement ... ok
test net::cache::archive_tests::quarantine_crashes::interrupted_mutable_metadata_rename_does_not_hide_immutable_archive_corruption ... ok
test net::cache::archive_tests::races::same_cache_races_never_bind_one_writers_body_to_another_writers_metadata ... ok
test net::cache::archive_tests::quarantine_crashes::every_durable_quarantine_boundary_allows_fresh_publication_without_evidence_loss ... ok
test net::cache::archive_tests::races::simultaneous_identical_and_different_bodies_keep_each_metadata_binding_exact ... ok
test net::cache::archive_tests::recovery::interrupted_body_replacement_recovers_and_retains_all_three_verified_captures ... ok
test net::cache::archive_tests::recovery::quarantine_io_failure_preserves_damaged_mutable_evidence_and_refuses_publication ... ok
test net::cache::archive_tests::recovery::oversized_sparse_mutable_body_is_renamed_without_copying_or_false_archival ... ok
test net::cache::tests::a_file_changing_after_preflight_is_refused_with_at_most_one_probe_byte ... ok
test net::cache::tests::an_eligible_body_io_failure_remains_a_typed_cache_error ... ok
test net::cache::archive_tests::refresh_retains_both_raw_captures_and_serves_the_replacement ... ok
test mshsl::tests::office_roles_never_become_coaches_or_athletic_directors ... ok
test mshsl::tests::published_phones_are_withheld_and_consumer_mailboxes_land_personal ... ok
test net::cache::archive_tests::recovery::malformed_and_invalid_integrity_metadata_recovers_with_exact_untrusted_evidence ... ok
test net::destination_guard::tests::authorized_domains_do_not_authorize_private_dns_answers ... ok
test net::cache::archive_tests::recovery::repeated_damage_creates_distinct_evidence_without_replacing_prior_quarantine ... ok
test net::destination_guard::tests::public_ipv4_neighbors_are_not_reserved_networks ... ok
test net::destination_guard::tests::literal_destinations_reject_special_use_addresses_and_credentials ... ok
test net::cache::tests::exact_limit_metadata_is_admitted_and_oversized_metadata_recovers_with_evidence ... ok
test milesplit::tests::team_index_row_count_pins_a_whole_state_in_one_body ... ok
test mshsl::tests::collect_fetches_parses_appends_journals_and_reports_from_a_warm_cache ... ok
test mpa::tests::acquisition::collect_retains_cached_acquisition_when_execution_and_options_are_later ... ok
test net::destination_guard::wiring_tests::a_cached_body_does_not_bypass_an_unauthorized_destination ... ok
test net::destination_guard::wiring_tests::non_http_schemes_and_credential_bearing_urls_are_refused ... ok
test milesplit::results::run::owned_tests::binding::foreign_meet_result_set_or_canonical_document_metadata_never_projects_owned_troy_rows ... ok
test coach_directories::survey_tests::offline_probe_wy_half_even_ratio ... ok
test coach_directories::map::postal_regressions::cases::summary_short_code_and_jurisdiction_mismatches_refuse_all_foreign_facts ... ok
test net::destination_guard::tests::denied_local_request_issues_neither_robots_nor_payload ... ok
test net::destination_guard::redirect_tests::same_host_redirect_reaches_payload_but_unlisted_host_is_never_contacted ... ok
test net::execute::browser::tests::a_capture_mints_the_evidence_an_http_body_would ... ok
test net::execute::browser::tests::a_challenge_capture_leaves_a_human_required_row_and_no_evidence ... ok
test net::execute::cache_writer::tests::captured_refusal_retains_headers_and_bytes_without_replacing_a_success ... ok
test net::execute::browser::tests::a_host_with_no_lane_is_refused_by_name ... ok
test net::execute::browser::tests::cache::a_disallowed_404_capture_returns_err ... ok
test net::execute::browser::tests::a_non_get_is_an_invariant_not_a_source_observation ... ok
test net::execute::browser::tests::cache::a_failure_is_graded_as_the_transport_graded_it ... ok
test coach_directories::survey_tests::offline_probe_al_classified_path ... ok
test net::destination_guard::wiring_tests::a_localhost_domain_without_a_grant_never_opens_a_connection ... ok
test net::execute::browser::tests::cache::an_allowed_404_capture_is_observed_but_not_cached ... ok
test net::destination_guard::wiring_tests::an_unauthorized_loopback_literal_never_opens_a_connection ... ok
test net::execute::tests::a_family_above_one_parallelism_gives_each_host_its_own_turn ... ok
test net::execute::tests::a_family_admits_exactly_its_parallelism_in_flight ... ok
test net::execute::tests::a_host_outside_every_family_keeps_its_own_budget ... ok
test milesplit::tests::oh_roster_pins_319_graded_rows_and_96_class_of_2027 ... ok
test ihsa::tournament::walk_tests::identity::second_run_resumes_on_the_published_change_signal ... ok
test net::execute::tests::a_host_with_a_recorded_cooldown_is_refused_before_dispatch ... ok
test net::execute::tests::a_host_outside_every_family_takes_no_family_slot ... ok
test net::execute::tests::a_partial_advance_leaves_the_next_turn_gated ... ok
test net::execute::tests::a_retry_after_becomes_the_cooldown_and_blocks_only_its_own_host ... ok
test net::execute::tests::a_registered_host_is_never_paced_faster_than_its_declared_rate ... ok
test net::robots::tests::tests_inner::a_hostile_crawl_delay_is_refused_or_clamped ... ok
test net::robots::tests::tests_inner::a_named_agent_group_does_not_pace_us ... ok
test net::robots::tests::tests_inner::a_star_group_crawl_delay_becomes_pacing ... ok
test net::robots::tests::tests_inner::comments_and_unknown_fields_publish_only_the_delay ... ok
test net::robots::tests::tests_inner::disallow_lines_publish_no_refusal_and_no_pacing_of_their_own ... ok
test net::robots::tests::tests_inner::rules_outside_a_group_publish_nothing ... ok
test ihsa::tournament::walk_tests::walk_reads_the_captured_meet_and_the_six_lists ... ok
test net::tests::a_cache_hit_is_not_a_physical_request ... ok
test net::execute::tests::an_authorized_host_is_never_paced_faster_than_the_policy_ceiling ... ok
test net::execute::tests::one_blocking_status_mints_one_condition_for_the_host ... ok
test net::tests::a_percentile_of_no_samples_is_absent ... ok
test net::tests::a_source_row_is_the_origin_not_the_page ... ok
test net::execute::tests::the_default_parallelism_keeps_the_single_family_slot ... ok
test net::tests::cache_key_pins_the_on_disk_cache_layout ... ok
test net::tests::latency_percentiles_are_bucket_upper_bounds ... ok
test net::tests::the_efficiency_ratio_is_absent_without_physical_requests ... ok
test ohsaa::tests::malformed_ad_does_not_panic ... ok
test ohsaa::tests::malformed_search_does_not_panic ... ok
test ohsaa::tests::malformed_sports_does_not_panic ... ok
test ohsaa::tests::office_roles_never_imported_as_coaches ... ok
test ohsaa::tests::parse_ad_page_excludes_office_roles_from_director ... ok
test ohsaa::tests::parse_ad_page_extracts_director ... ok
test ohsaa::tests::parse_ad_page_malformed_yields_empty ... ok
test ohsaa::tests::parse_coach_cell_parses_mailto ... ok
test ohsaa::tests::parse_coach_cell_skips_na ... ok
test ohsaa::tests::parse_search_deduplicates_rows ... ok
test ohsaa::tests::parse_search_empty_yields_empty_vec ... ok
test ohsaa::tests::parse_search_returns_unique_schools ... ok
test ohsaa::tests::parse_sport_label_maps_correctly ... ok
test ohsaa::tests::parse_sports_table_extracts_track_field ... ok
test ohsaa::tests::parse_sports_table_extracts_xc_coaches ... ok
test ohsaa::tests::parse_sports_table_handles_tba ... ok
test ohsaa::tests::parse_sports_table_malformed_yields_empty ... ok
test ohsaa::tests::school_entities_handles_tba_girls_coach ... ok
test ohsaa::tests::school_entities_includes_ad_and_xc_coaches ... ok
test ohsaa::tests::strip_honorific_removes_prefixes ... ok
test net::execute::tests::the_longest_family_key_wins ... ok
test net::execute::tests::turns_for_one_host_are_spaced_by_exactly_the_robots_delay ... ok
test net::execute::tests::two_hosts_of_one_family_share_one_budget ... ok
test pa_piaa::tests::detail_name_filter_normalises_whitespace_and_discards_empty_names ... ok
test pa_piaa::tests::an_entity_in_a_school_name_is_decoded_like_the_prototype ... ok
test net::tests::a_bare_domain_authorizes_its_subdomains_but_not_lookalikes ... ok
test pa_piaa::tests::malformed_pages_error_instead_of_panicking ... ok
test net::tests::a_corrupted_cache_body_is_rejected_not_served ... ok
test ihsa::tournament::walk_tests::identity::mapped_ids_are_athleticnet_and_ihsa_identity_rows ... ok
test pa_piaa::tests::details_pages_keep_the_athletic_director_and_no_other_post ... ok
test net::tests::a_human_required_condition_is_counted_as_a_challenge ... ok
test net::tests::an_exact_host_never_widens_into_its_parent_domain ... ok
test pa_piaa::tests::mapped_rows_carry_the_source_identity_and_evidence ... ok
test plain_names::tests::nd_ad_coaches_include_ad_and_activities_director_only ... ok
test plain_names::tests::nd_index_dedupes_and_ignores_other_links ... ok
test plain_names::tests::nd_malformed_input_yields_no_rows ... ok
test plain_names::tests::nd_index_lists_every_member_school ... ok
test net::execute::tests::two_fetchers_sharing_one_pacing_state_share_the_host_budget ... ok
test plain_names::tests::nd_school_page_never_stores_phone_fax_or_address ... ok
test plain_names::tests::nd_page_without_ad_yields_no_director_rows ... ok
test pa_piaa::tests::the_z_letter_page_echoes_the_a_group ... ok
test plain_names::tests::nd_sport_labels_map_to_sport_and_gender ... ok
test plain_names::tests::nd_school_page_parses_school_metadata ... ok
test plain_names::tests::nd_offering_rows_and_coop_annotations_parse ... ok
test plain_names::tests::nd_fixture_reports_its_own_fill_rate ... ok
test pa_piaa::tests::directory_letter_pages_match_the_prototype_golden_field_for_field ... ok
test plain_names::tests::nd_entities_carry_no_emails_anywhere ... ok
test plain_names::tests::nd_sport_coaches_are_names_only ... ok
test plain_names::tests::nsaa_directory_parses_every_school_block ... ok
test plain_names::tests::nsaa_malformed_input_yields_no_rows ... ok
test plain_names::tests::nsaa_director_rows_map_to_athletic_director ... ok
test plain_names::tests::nsaa_coop_annotations_are_stripped_from_names ... ok
test plain_names::tests::nsaa_fixture_yields_exactly_the_verified_entities ... ok
test plain_names::tests::nsaa_fixture_reports_its_own_fill_rate_and_entity_count ... ok
test plain_names::tests::nsaa_entities_carry_no_emails_anywhere ... ok
test plain_names::tests::collect_skips_providers_it_was_not_asked_for ... ok
test plain_names::tests::nsaa_form_option_list_yields_the_member_schools ... ok
test plain_names::tests::nsaa_school_url_round_trips_the_published_name ... ok
test plain_names::tests::nsaa_multi_name_cells_split_into_one_entity_per_person ... ok
test plain_names::tests::nsaa_office_row_is_ignored_but_the_same_persons_coaching_row_is_kept ... ok
test plain_names::tests::nsaa_office_roles_are_never_emitted ... ok
test plain_names::tests::nsaa_sport_rows_map_to_head_coach_sport_and_gender ... ok
test plain_names::tests::nsaa_single_school_page_matches_the_bulk_block ... ok
test private_assoc::tests::a_body_that_names_no_association_is_refused ... ok
test private_assoc::tests::a_body_with_no_listing_is_refused ... ok
test private_assoc::tests::a_row_without_a_usable_name_lands_in_the_ledger ... ok
test private_assoc::tests::a_city_too_long_for_the_domain_is_a_note_and_the_row_survives ... ok
test private_assoc::tests::a_listing_yields_one_weak_entry_per_item ... ok
test private_assoc::tests::a_published_zip_that_is_not_a_zip_is_a_note_and_the_row_survives ... ok
test private_assoc::tests::a_state_outside_the_census_scope_is_not_claimed ... ok
test raceday::tests::divisions_parse_from_both_spellings ... ok
test private_assoc::tests::an_item_without_an_address_still_makes_a_weak_entry ... ok
test private_assoc::tests::a_name_that_leaves_no_matching_form_lands_in_the_ledger ... ok
test private_assoc::tests::the_association_name_comes_from_the_body ... ok
test recording::tests::a_recorded_unit_is_not_journaled_until_it_is_written ... ok
test recording::tests::the_recording_route_holds_rows_and_leaves_the_store_alone ... ok
test registry::tests::a_crawl_delay_host_declares_the_slower_rate ... ok
test registry::tests::access_class_names_are_stable ... ok
test registry::tests::access_class_separates_artifact_reads_from_host_fetches ... ok
test registry::tests::artifact_adapters_declare_no_fetchable_host ... ok
test registry::tests::bands_run_bulk_meet_athlete_then_directories ... ok
test registry::tests::bulk_first_puts_a_bulk_source_before_an_athlete_index ... ok
test registry::tests::descriptor_answers_every_registered_slug_and_nothing_else ... ok
test registry::tests::equal_bands_order_by_slug_and_ignore_repeats ... ok
test registry::tests::every_admission_repeats_the_transport_bound ... ok
test registry::tests::every_admission_stays_inside_the_collection_ceiling ... ok
test registry::tests::every_plan_slug_resolves_and_stays_in_the_plan ... ok
test registry::tests::every_provider_module_is_registered_exactly_once ... ok
test registry::tests::one_origin_has_one_declared_policy ... ok
test registry::tests::one_origin_has_one_transport ... ok
test registry::tests::the_declared_rate_for_a_host_is_read_from_the_table ... ok
test registry::tests::the_transport_lookup_reads_the_table ... ok
test raceday::tests::a_declined_grid_row_is_reported_as_skipped_not_counted_as_parsed ... ok
test raceday::tests::a_placement_value_is_not_mistaken_for_a_finish_time ... ok
test raceday::tests::a_table_with_no_time_column_rejects_its_rows_with_a_reason ... ok
test riil::tests::non_xc_sport_rows_exist_in_fixture ... ok
test recording::tests::the_store_route_writes_on_commit ... ok
test raceday::tests::the_team_summary_table_never_becomes_athlete_rows ... ok
test riil::tests::gender_from_barrington_rows ... ok
test raceday::tests::the_published_row_counters_are_the_rows_the_reader_took ... ok
test riil::tests::sport_label_mapping ... ok
test riil::tests::parse_directory_count ... ok
test row_hygiene::tests::a_school_name_is_dropped_when_it_is_empty_or_a_vendor_fixture ... ok
test row_hygiene::tests::cleaning_collapses_every_whitespace_run_the_prototype_collapsed ... ok
test row_hygiene::tests::only_an_unstated_or_varsity_level_survives_the_scope_filter ... ok
test riil::tests::bishop_hendricken_coaches ... ok
test raceday::tests::finish_list_rows_carry_place_grade_school_and_the_final_time ... ok
test row_hygiene::tests::the_executed_vendor_table_survives_the_port ... ok
test riil::tests::barrington_xc_coaches ... ok
test row_hygiene::tests::the_executed_person_table_survives_the_port ... ok
test riil::tests::parse_directory_returns_schools ... ok
test tfrrs::tests::a_team_page_publishes_its_roster_and_season ... ok
test tfrrs::tests::a_field_row_reads_feet_inches_beside_the_hosts_metres ... ok
test tfrrs::tests::a_relay_row_lists_its_members_without_a_single_athlete ... ok
test tfrrs::tests::routes_name_the_state_and_the_season_they_publish ... ok
test tfrrs::tests::cohort::unsupported_roster_cohort_keeps_published_grade_and_school_for_review ... ok
test tfrrs::tests::a_sprint_row_reads_every_column_it_publishes ... ok
test tfrrs::tests::the_published_vocabulary_reads_the_hosts_tokens ... ok
test tfrrs::tests::a_track_size_row_keeps_the_hosts_conversion_note ... ok
test wayzata::tests::a_school_shaped_venue_is_read_with_its_suffix_written_out ... ok
test tfrrs::tests::the_home_page_publishes_the_team_route_family ... ok
test wayzata::tests::a_track_row_lands_in_the_season_its_month_belongs_to ... ok
test wayzata::tests::a_school_venue_resolves_only_where_exactly_one_state_owns_it ... ok
test wayzata::tests::level_of_reads_the_round_out_of_the_meet_name ... ok
test tfrrs::tests::cohort::unsupported_list_cohort_retains_locator_and_does_not_count_a_phantom_performance ... ok
test tfrrs::tests::sections_keep_the_hosts_labels_sides_and_handles ... ok
test wayzata::tests::venue_state_only_answers_for_unambiguous_venues ... ok
test wiaa::tests::cfemail_decoding_matches_published_addresses ... ok
test wiaa::tests::coach_rows_map_to_sport_and_gender ... ok
test wiaa::tests::empty_index_fragment_yields_no_rows ... ok
test wiaa::tests::empty_or_malformed_payload_yields_zero_rows ... ok
test wiaa::tests::honorifics_are_stripped_from_person_names ... ok
test wiaa::tests::index_parsing_yields_org_ids_level_and_city ... ok
test wiaa::tests::measured_email_fill_rate_on_captured_pages ... ok
test wiaa::tests::office_staff_are_never_imported_as_coaches_or_directors ... ok
test riil::tests::school_extract_mints_coaches ... ok
test wiaa::tests::school_without_coach_rows_yields_no_coaching_rows ... ok
test wiaa::tests::sport_and_role_labels_are_mapped_strictly ... ok
test wiaa::tests::school_page_yields_name_city_conference_ad_and_identity ... ok
test riil::tests::xc_tf_coaches_parsed ... ok
test wiaa_results::tests::formats_are_decided_by_extension_and_sniffed_body ... ok
test wiaa_results::tests::meet_levels_come_from_the_published_name ... ok
test riil::tests::school_names_parsed ... ok
test wiaa_results::tests::school_year_follows_the_sport_boundary ... ok
test wiaa_results::tests::years_no_season_may_open_in_are_refused ... ok
test net::execute::browser::tests::a_body_over_the_ceiling_is_refused_before_it_is_allocated ... ok
test pa_piaa::tests::collect_stores_the_letter_schools_and_the_requested_details_page_from_the_cache ... ok
test wayzata::tests::schedule_rows_read_the_cross_country_table ... ok
test wiaa_results::tests::current_season_files_are_found_under_the_dated_upload_path ... ok
test wiaa_results::tests::archive_links_carry_year_stem_label_and_extension ... ok
test wayzata::tests::schedule_rows_read_the_track_table_with_its_month_heading_and_provider_slug ... ok
test xc::tests::padded_table_rows_parse_with_and_without_team_points ... ok
test xc::tests::accurace_rows_are_read_through_the_rule_line ... ok
test xc::tests::state_blocks_carry_place_grade_and_time ... ok
test wayzata::tests::collect_mints_core_meets_from_the_provider_schedule_without_touching_the_links ... ok
test wayzata::tests::a_journaled_schedule_is_skipped_on_the_next_run ... ok
test wiaa_results::tests::overlapping_archives_process_one_logical_result_once ... ok
test pa_piaa::tests::a_journalled_letter_and_school_are_skipped_on_the_next_run ... ok
test coach_contacts::artifact::tests::limits::many_small_records_can_cross_the_per_record_limit_in_each_file ... ok
test net::cache::archive_tests::captured_smoke::captured_nc_directory_and_summary_fixtures_survive_synthetic_cache_refresh ... ok
test milesplit::results::pages::tests::an_unreachable_page_is_not_read_as_a_meet_without_results ... ok
test arbiter::collect::run::tests::http_recovery::recorded_incomplete_acquisition_reacquires_after_atomic_store_application ... ok
test arbiter::collect::run::tests::http_recovery::empty_short_200_cache_reacquires_without_claiming_no_coaches ... ok
test arbiter::collect::run::tests::refusal_recovery::known_incomplete_cache_reacquisition_does_not_bypass_source_refusal ... ok
test arbiter::collect::run::tests::refusal_recovery::known_incomplete_cache_reacquisition_does_not_bypass_source_cooldown_budget ... ok
test arbiter::collect::run::tests::http_recovery::short_200_cache_reacquires_recovered_source_on_ordinary_same_school_call ... ok
test arbiter::collect::run::tests::http_recovery::malformed_coach_field_reacquires_corrected_body_without_cache_rewrite ... ok
test arbiter::collect::run::tests::http_recovery::malformed_200_cache_reacquires_recovered_source_on_ordinary_same_school_call ... ok
test arbiter::collect::run::tests::http_recovery::mixed_valid_and_malformed_rows_reacquire_without_losing_valid_coaches ... ok
test net::destination_guard::wiring_tests::an_explicit_loopback_grant_admits_the_fixture_after_its_robots ... ok
test net::execute::conditional_capture::actual_304_retains_original_acquisition_in_cache_outcome_and_archive ... ok
test net::execute::conditional_capture::same_size_cache_corruption_during_conditional_dispatch_cannot_become_a_capture ... ok
test net::execute::conditional_capture::cache_replaced_by_a_terabyte_sparse_file_during_conditional_dispatch_is_bounded_rejection ... ok
test coach_directories::map::postal_regressions::cases::malformed_summary_postal_components_keep_coaches_and_directory_facts_with_review ... ok
test arbiter::collect::run::tests::http_recovery::later_bad_page_reacquires_only_that_page_and_preserves_earlier_facts ... ok
test net::destination_guard::wiring_tests::a_same_host_redirect_is_followed_and_a_local_hop_is_refused ... ok
test arbiter::collect::run::tests::owner_recovery::same_name_incomplete_public_owners_refresh_independently_and_preserve_v1_history ... ok
test net::cache::tests::body_accepts_empty_and_exact_limit_but_refuses_a_false_small_declaration ... ok
test geocode::transport_tests::http_transport_times_out_against_a_listener_that_never_answers ... ok

test result: ok. 746 passed; 0 failed; 0 ignored; 0 measured; 0 filtered out; finished in 10.45s

     Running `/home/lewis/src/ad-law-scrape/athletic-rust-pipeline/target/debug/deps/census_domain-1a1a6ad6b2f8d1ef`

running 244 tests
test jurisdiction::tests::all_lists_every_variant_exactly_once_in_declaration_order ... ok
test jurisdiction::tests::census_scope_is_all_minus_excluded_in_order ... ok
test jurisdiction::tests::bucketed_deserialization_rejects_an_unknown_label ... ok
test jurisdiction::tests::census_scope_is_the_contiguous_states_and_dc ... ok
test jurisdiction::tests::display_prints_the_code ... ok
test jurisdiction::tests::bucket_codes_round_trip_and_reserved_labels_are_not_jurisdictions ... ok
test jurisdiction::tests::deserialization_validates_instead_of_retaining_strings ... ok
test jurisdiction::tests::meet_state_deserializes_the_sentinel_and_rejects_anything_else ... ok
test jurisdiction::tests::every_jurisdiction_round_trips_through_code_and_name ... ok
test jurisdiction::tests::codes_and_names_are_unique ... ok
test jurisdiction::tests::from_str_reports_the_domain_error ... ok
test jurisdiction::tests::meet_state_prints_the_code_or_the_store_sentinel ... ok
test jurisdiction::tests::parse_ignores_case_and_surrounding_whitespace ... ok
test jurisdiction::tests::parse_rejects_territories_and_anything_else ... ok
test jurisdiction::tests::unplaced_bucket_sorts_after_every_jurisdiction ... ok
test model::canonical_json::tests::digest_is_sha256_of_canonical_bytes ... ok
test model::canonical_json::tests::maps_and_structs_match_serde_json ... ok
test model::athlete::tests::a_row_without_any_identity_decodes_without_an_owner ... ok
test model::athlete::tests::a_legacy_identity_repeated_in_the_links_is_listed_once ... ok
test model::athlete::tests::further_legacy_identities_become_links ... ok
test model::athlete::tests::the_current_shape_encodes_the_owner_and_links_without_the_legacy_list ... ok
test model::athlete::tests::a_row_persisted_before_the_source_cutover_decodes_with_its_first_identity_as_owner ... ok
test model::canonical_json::tests::strings_escape_like_serde_json ... ok
test model::canonical_json::tests::nested_domain_shaped_payload_matches_serde_json ... ok
test model::canonical_json::tests::non_finite_floats_match_serde_json_null ... ok
test model::contact_proof::tests::claimed_digest_rejects_unicode_fake_hex ... ok
test model::canonical_json::tests::unsupported_keys_are_refused ... ok
test model::canonical_json::tests::scalars_match_serde_json ... ok
test model::canonical_json::tests::sequences_match_serde_json ... ok
test model::contact_proof::tests::claims::empty_source_url_in_claim ... ok
test model::contact_proof::tests::claims::mismatched_date_rejected ... ok
test model::contact_proof::tests::claims::source_url_not_in_row ... ok
test model::contact_proof::tests::claims::unused_empty_source_url_rejects_the_row ... ok
test model::contact_proof::tests::claims::wrong_person_for_email_claim ... ok
test model::contact_proof::tests::claims::wrong_role_for_ad_claim ... ok
test model::contact_proof::tests::claims::wrong_school_rejected ... ok
test model::contact_proof::tests::claims::wrong_role_for_coach_claim ... ok
test model::contact_proof::tests::claims::wrong_sport_rejected ... ok
test model::contact_proof::tests::claims::empty_evidence_span_cannot_verify_a_contact ... ok
test model::contact_proof::tests::claims::changed_source_url_rejects_old_proof ... ok
test model::canonical_json::tests::production_payloads_match_serde_json ... ok
test model::contact_proof::tests::claims::wrong_state_rejected ... ok
test model::contact_proof::tests::email_case_mismatch_causes_failure ... ok
test model::contact_proof::tests::empty_claims_rejected ... ok
test model::contact_proof::tests::future_claimed_date_rejected ... ok
test model::contact_proof::tests::fetched_at_invalid_format ... ok
test model::contact_proof::tests::last_observed_invalid_format ... ok
test model::contact_proof::tests::director::a_sport_specific_director_claim_cannot_cover_a_different_program ... ok
test model::contact_proof::tests::invalid_date_format_rejected ... ok
test model::contact_proof::tests::claims::changed_source_hash_rejects_old_proof ... ok
test model::canonical_json::tests::production_payload_digests_are_pinned ... ok
test model::contact_proof::tests::source_hash_in_claim_must_be_valid_hex ... ok
test model::contact_proof::tests::span_exceeds_limit ... ok
test model::contact_proof::tests::claims::valid_coach_and_ad_claims_pass ... ok
test model::contact_tenure::tests::absent_tenure_does_not_erase_an_explicit_claim_or_create_one ... ok
test model::contact_proof::tests::director::coach_claims_still_require_the_published_sport ... ok
test model::contact_tenure::tests::contradictory_current_and_former_claims_never_collapse_to_unknown ... ok
test model::contact_tenure::tests::current_means_current_in_the_requested_school_year ... ok
test model::contact_tenure::tests::empty_or_whitespace_claim_fields_are_refused ... ok
test model::contact_proof::tests::director::school_wide_director_claims_do_not_need_a_coach_sport ... ok
test model::contact_tenure::tests::former_claims_preserve_the_latest_known_year_without_using_future_facts ... ok
test model::contact_proof::tests::missing_email_claim_for_populated_email_field ... ok
test model::contact_tenure::tests::malformed_capture_metadata_cannot_qualify_a_tenure_claim ... ok
test model::contact_tenure::tests::the_statement_byte_limit_accepts_the_boundary_and_rejects_overflow ... ok
test model::contact_tenure::tests::the_contact_school_year_changes_in_august_not_on_january_first ... ok
test model::dates::tests::malformed_and_out_of_range_dates_are_rejected ... ok
test model::dates::tests::published_iso_dates_and_years_are_accepted ... ok
test model::contact_proof::tests::source_hash_rejects_short_hex ... ok
test model::fixed_mark::tests::centi_metres_round_trip ... ok
test model::fixed_mark::tests::centi_points_round_trip ... ok
test model::contact_proof::tests::valid_coach_ad_row_computes_proof ... ok
test model::fixed_mark::tests::centi_seconds_round_trips ... ok
test model::contact_proof::tests::proof_from_another_school_cannot_verify_valid_claims ... ok
test model::fixed_mark::tests::current_integer_time_deserialises ... ok
test model::contact_proof::tests::wrong_digest_rejected ... ok
test model::fixed_mark::tests::decimal_conversion_preserves_legacy_rounding_and_storage_bounds ... ok
test model::fixed_mark::tests::construction_refuses_what_cannot_be_stored ... ok
test model::fixed_mark::tests::field_mark_comparison_is_deterministic ... ok
test model::fixed_mark::tests::float_comparison_fails_where_fixed_point_succeeds ... ok
test model::contact_proof::tests::too_many_claims_rejected ... ok
test model::fixed_mark::tests::current_integer_distance_deserialises ... ok
test model::fixed_mark::tests::legacy_float_points_deserialises ... ok
test model::fixed_mark::tests::legacy_float_time_deserialises ... ok
test model::fixed_mark::tests::mark_equality_is_exact ... ok
test model::fixed_mark::tests::mark_distance_metres_round_trips_legacy_json ... ok
test model::fixed_mark::tests::mark_field_imperial_round_trips_legacy_json ... ok
test model::fixed_mark::tests::current_integer_points_deserialises ... ok
test model::fixed_mark::tests::mark_points_round_trips_legacy_json ... ok
test model::fixed_mark::tests::mark_time_seconds_round_trips_legacy_json ... ok
test model::fixed_mark::tests::non_finite_floats_are_refused_by_the_reader_not_saturated ... ok
test model::fixed_mark::tests::distance_order_is_integer_order ... ok
test model::fixed_mark::tests::null_token_is_error ... ok
test model::fixed_mark::tests::points_order_is_integer_order ... ok
test model::fixed_mark::tests::float_wire_form_is_whole_units_scaled_by_one_hundred ... ok
test model::fixed_mark::tests::fixed_point_display_preserves_sign_and_integer_extremes ... ok
test model::fixed_mark::tests::integer_wire_form_is_the_stored_sub_unit ... ok
test model::fixed_mark::tests::scaling_refuses_what_does_not_fit ... ok
test model::fixed_mark::tests::serialise_distance_emits_raw_integer ... ok
test model::fixed_mark::tests::serialise_time_emits_raw_integer ... ok
test model::fixed_mark::tests::serialise_points_emits_raw_integer ... ok
test model::fixed_mark::tests::legacy_float_overflow_is_error ... ok
test model::fixed_mark::tests::time_order_is_integer_order ... ok
test model::fixed_mark::tests::string_token_is_error ... ok
test model::fixed_mark::tests::u32_past_i32_max_is_refused_not_wrapped ... ok
test model::records::tests::joins::a_namespaced_provider_keeps_its_slug_in_the_row_id ... ok
test model::fixed_mark::tests::legacy_float_distance_deserialises ... ok
test model::identity_validation::tests::matches_evidence_rejects_empty_id ... ok
test model::records::tests::joins::a_source_object_keys_on_the_source_not_the_canonical_row ... ok
test model::identity_validation::tests::matches_evidence_rejects_mismatched_digest ... ok
test model::identity_validation::tests::matches_evidence_accepts_matching_digest ... ok
test model::records::tests::joins::every_kind_has_a_distinct_table_slug ... ok
test model::records::tests::measure::a_condition_blocks_until_its_cooldown_passes_and_forever_without_one ... ok
test model::records::tests::measure::an_access_condition_is_keyed_by_kind_and_host ... ok
test model::records::tests::measure::a_snapshot_is_keyed_by_the_pass_that_finished ... ok
test model::records::tests::observations::a_school_observation_keeps_the_sources_own_words_and_the_provider_ids ... ok
test model::records::tests::measure::coverage_rows_are_one_per_subject_and_name_their_metrics ... ok
test model::records::tests::observations::an_athlete_observation_keeps_what_its_source_published ... ok
test model::records::tests::observations::of_athlete_reads_the_providers_own_id_and_files_nothing_without_one ... ok
test model::records::tests::queue::a_rule_decided_family_is_minted_retained ... ok
test model::records::tests::queue::conflict_and_case_ids_bind_the_finding_not_the_run ... ok
test model::records::tests::queue::a_cohort_claim_its_evidence_does_not_raise_is_minted_retained ... ok
test model::records::tests::queue::evidence_normalization_ignores_case_and_whitespace ... ok
test model::review::tests::a_packet_asks_about_exactly_the_cases_it_carries ... ok
test model::records::tests::queue::new_evidence_mints_a_new_case_and_leaves_the_decided_one_as_history ... ok
test model::records::tests::queue::an_attribution_swap_is_not_the_same_evidence ... ok
test model::records::tests::queue::a_findings_membership_is_part_of_its_evidence ... ok
test model::review::tests::another_subject_cannot_supply_a_verdict_for_a_requested_case ... ok
test model::review::tests::verdicts_for_cases_the_packet_never_asked_about_are_dropped ... ok
test model::review::tests::a_confidence_outside_the_field_range_is_clamped_not_trusted ... ok
test model::records::tests::queue::a_sign_and_a_unit_are_part_of_the_value ... ok
test model::review::tests::model_reply_rejects_unknown_batch_and_verdict_fields ... ok
test model::school_address::tests::unrelated_source_labels_cannot_relabel_an_association_owned_capture ... ok
test model::review::tests::one_verdict_per_case_is_kept_and_the_rest_are_counted_as_dropped ... ok
test model::school_address::tests::source_jurisdiction_binds_the_school_even_when_address_state_is_missing ... ok
test model::school_address::tests::metadata_owner_line_breaks_cannot_forge_aligned_postal_rows ... ok
test model::tests::event_tests::every_namespace_renders_and_classifies ... ok
test model::tests::athlete_id_tests::candidate_key_equality_agrees_with_the_retained_athlete_key ... ok
test model::tests::athlete_id_tests::candidate_index_collisions_do_not_erase_distinct_categories ... ok
test model::tests::athlete_id_tests::athlete_ids_separate_gender_sides_and_ignore_spacing ... ok
test model::tests::general_model::an_unplaced_meet_remains_distinct_from_a_placed_meet ... ok
test model::tests::name_tests::flip_last_first_handles_both_shapes ... ok
test model::tests::general_model::meet_identity_is_date_and_name_scoped ... ok
test model::school_address::tests::malformed_postal_capture_dates_and_nonhttp_locators_cannot_enter_publication ... ok
test model::tests::name_tests::normalize_name_reaches_a_fixpoint_on_repeated_suffixes ... ok
test model::review::tests::a_proposal_without_a_value_is_demoted_rather_than_applied ... ok
test model::tests::name_tests::published_email_classifies_domains_and_keeps_personal_mailboxes ... ok
test model::tests::name_tests::normalize_name_turns_separators_into_one_space ... ok
test model::tests::name_tests::normalize_name_strips_school_suffixes_only_from_longer_names ... ok
test model::tests::event_tests::field_and_relay_flags_match_the_kind ... ok
test model::tests::event_tests::every_event_label_maps_to_its_kind ... ok
test model::tests::general_model::graduation_follows_grade_and_school_year ... ok
test model::tests::framing::separator_free_payloads_keep_their_digest_bytes ... ok
test model::tests::name_tests::mark_raw_reports_the_published_value_or_its_unit ... ok
test model::tests::event_tests::milesplit_gender_aliases_parse ... ok
test model::tests::framing::a_statement_cannot_impersonate_a_member_fact ... ok
test model::tests::framing::delimiter_bytes_are_escaped_out_of_payloads ... ok
test model::tests::framing::minted_ids_distinguish_parts_that_carry_a_delimiter ... ok
test model::tests::name_tests::normalize_name_folds_every_accented_arm ... ok
test model::tests::general_model::a_legacy_unresolved_meet_state_decodes_to_none ... ok
test model::tests::event_tests::structural_labels_stay_unmapped ... ok
test model::tests::school_postal::complete_postal_claim_order_is_independent_of_arrival_and_deserialized_vector_order ... ok
test model::tests::general_model::school_jurisdiction_separates_identity ... ok
test model::tests::general_model::inferred_graduation_years_reject_unsupported_cohorts_without_clamping ... ok
test model::tests::school_postal::street_only_claim_still_cannot_attach_across_source_jurisdictions ... ok
test model::tests::event_tests::wrapped_event_labels_map_to_their_kind ... ok
test model::tests::source_ownership::identical_source_inputs_are_idempotent ... ok
test model::tests::source_ownership::distinct_sources_yield_distinct_subjects ... ok
test model::tests::source_ownership::grade_agreement_is_cohort_evidence_not_identity ... ok
test model::tests::school_postal::postal_provenance_cannot_inject_extra_claim_positions_or_exceed_capture_budgets ... ok
test model::tests::school_postal::unsupported_or_foreign_source_authority_cannot_be_relabelled_as_a_postal_claim ... ok
test model::tests::source_ownership::advisory_person_links_cannot_promote_a_result_row_to_source_bound_identity ... ok
test model::tests::general_model::school_year_flips_at_august_first ... ok
test model::tests::source_ownership::a_fetched_page_alone_does_not_establish_a_parsed_person_identity ... ok
test model::tests::source_ownership::shared_bucket_does_not_merge_subjects ... ok
test model::tests::general_model::unsupported_grade_evidence_never_certifies_a_canonical_cohort ... ok
test school_directory::tests::address_tests::a_postal_address_carries_only_the_parts_it_has ... ok
test model::tests::source_ownership::shared_advisory_links_do_not_authorize_homonym_merges ... ok
test school_directory::tests::address_tests::coordinates_are_exact_scaled_integers ... ok
test school_directory::tests::address_tests::coordinates_round_the_eighth_digit_and_refuse_out_of_range ... ok
test school_directory::tests::address_tests::mixed_case_input_is_left_alone_and_all_caps_is_presented ... ok
test school_directory::tests::address_tests::street_and_city_hygiene_collapses_whitespace_and_refuses_junk ... ok
test school_directory::tests::address_tests::zip_code_accepts_the_three_published_shapes ... ok
test school_directory::tests::address_tests::zip_code_refuses_every_other_shape ... ok
test school_directory::tests::boundary_regressions::canonical_matching_case_expansion_roundtrips_at_the_checked_boundary ... ok
test school_directory::tests::boundary_regressions::association_label_rejects_empty_controls_whitespace_and_length ... ok
test school_directory::tests::boundary_regressions::canonical_presentation_case_expansion_roundtrips_at_the_checked_boundary ... ok
test model::tests::source_ownership::the_same_primary_person_identifier_can_support_a_reviewed_transfer ... ok
test school_directory::tests::boundary_regressions::city_rejects_empty_noncanonical_and_overlong_bytes ... ok
test school_directory::tests::boundary_regressions::latitude_rejects_beyond_both_geographic_limits ... ok
test school_directory::tests::boundary_regressions::longitude_rejects_beyond_both_geographic_limits ... ok
test school_directory::tests::boundary_regressions::coordinates_reject_invalid_required_components ... ok
test school_directory::tests::boundary_regressions::grade_span_inversion_and_unrankable_endpoints_reject ... ok
test school_directory::tests::boundary_regressions::matching_form_rejects_noncanonical_bytes ... ok
test school_directory::tests::boundary_regressions::nces_identity_rejects_malformed_and_noncanonical_bytes ... ok
test school_directory::tests::boundary_regressions::postal_address_rejects_present_empty_and_invalid_components ... ok
test school_directory::tests::boundary_regressions::pss_identity_rejects_malformed_and_noncanonical_bytes ... ok
test school_directory::tests::boundary_regressions::phone_rejects_empty_digit_bounds_and_noncanonical_whitespace ... ok
test school_directory::tests::boundary_regressions::state_identity_rejects_empty_whitespace_and_controls ... ok
test school_directory::tests::boundary_regressions::street_rejects_empty_noncanonical_and_overlong_bytes ... ok
test school_directory::tests::boundary_regressions::weak_identity_rejects_empty_name_or_present_empty_city ... ok
test school_directory::tests::boundary_regressions::zipcode_rejects_invalid_components_without_losing_leading_zero ... ok
test school_directory::tests::boundary_regressions::website_rejects_empty_scheme_whitespace_and_length ... ok
test school_directory::tests::change_tests::baseline_entries_are_sorted_by_key_regardless_of_arrival_order ... ok
test school_directory::tests::change_tests::an_empty_baseline_reports_every_row_as_added ... ok
test school_directory::tests::change_tests::an_unchanged_census_produces_no_changes ... ok
test school_directory::tests::collapse_tests::a_weak_key_that_no_identified_row_claims_stays_standalone ... ok
test school_directory::tests::change_tests::duplicate_keys_are_settled_before_they_can_hide_a_row ... ok
test school_directory::tests::change_tests::diffs_report_additions_removals_and_per_field_changes ... ok
test school_directory::tests::collapse_tests::a_uniquely_matching_weak_row_is_absorbed_into_the_identified_school ... ok
test model::tests::source_ownership::source_bound_identity_requires_a_checked_primary_person_identifier ... ok
test school_directory::tests::collapse_tests::a_weak_row_without_a_locality_does_not_guess ... ok
test school_directory::tests::collapse_tests::an_unmatched_weak_row_is_never_forced_onto_a_neighbour ... ok
test school_directory::tests::collapse_tests::an_ambiguous_weak_row_survives_with_a_note ... ok
test school_directory::tests::coordinates_tests::a_coordinate_longer_than_the_limit_is_refused_before_it_is_scanned ... ok
test school_directory::tests::coordinates_tests::coordinates_still_round_the_ninth_fraction_digit ... ok
test school_directory::tests::collapse_tests::rows_sharing_a_key_collapse_into_one_entry ... ok
test school_directory::tests::entry_tests::absorb_fills_gaps_and_settles_equal_priority_deterministically ... ok
test school_directory::tests::entry_tests::directory_keys_rank_identity_strength ... ok
test school_directory::tests::entry_tests::absorb_keeps_the_stronger_source_value ... ok
test school_directory::tests::entry_tests::match_form_folds_case_punctuation_and_spacing ... ok
test school_directory::tests::entry_tests::geocoded_coordinates_are_stamped_weakest_and_never_displace_a_published_source ... ok
test school_directory::tests::collapse_tests::collapse_is_order_independent_and_idempotent ... ok
test school_directory::tests::entry_tests::grades_enrollment_and_contacts_parse_the_published_forms ... ok
test school_directory::tests::entry_tests::published_identifiers_are_fixed_width_digits ... ok
test school_directory::tests::entry_tests::school_kinds_render_their_affiliation ... ok
test school_directory::tests::entry_tests::weak_keys_need_a_name_and_carry_the_locality ... ok
test school_directory::tests::review_regressions::identical_values_from_equal_rank_sources_have_order_independent_provenance ... ok
test school_directory::tests::schedule_tests::biennial_windows_follow_the_year_parity ... ok
test school_directory::tests::review_regressions::numbered_grades_keep_valid_wire_bytes_and_reject_out_of_range_values ... ok
test school_directory::tests::review_regressions::school_name_deserialization_rejects_invalid_or_noncanonical_artifacts ... ok
test school_directory::tests::review_regressions::baselines_reject_missing_or_inconsistent_provenance ... ok
test school_directory::tests::schedule_tests::decisions_follow_the_last_recorded_update ... ok
test school_directory::tests::schedule_tests::each_published_source_carries_its_own_cadence ... ok
test school_directory::tests::schedule_tests::months_and_year_months_are_validated_and_rendered ... ok
test school_directory::tests::schedule_tests::the_ledger_records_the_last_run_per_source ... ok
test school_directory::tests::schedule_tests::windows_open_on_their_month_and_stay_open ... ok
test school_directory::tests::schedule_tests::schedule_state_survives_json_round_trips ... ok
test school_directory::tests::review_regressions::field_precedence_survives_gap_filling_and_persisted_round_trips ... ok
test school_index::tests::ambiguous_labels_stay_unresolved ... ok
test school_index::tests::exact_and_abbreviated_labels_resolve ... ok
test school_index::tests::matching_never_crosses_state_lines ... ok
test school_index::tests::relay_squad_letters_are_not_part_of_the_school_name ... ok
test school_index::tests::truncated_and_prefixed_labels_resolve_to_the_unique_school ... ok
test school_directory::tests::schedule_tests::due_decisions_and_next_due_dates_always_agree ... ok

test result: ok. 244 passed; 0 failed; 0 ignored; 0 measured; 0 filtered out; finished in 0.00s

     Running `/home/lewis/src/ad-law-scrape/athletic-rust-pipeline/target/debug/deps/census_reconcile-9a5ba5a1de0a8d9e`

running 41 tests
test identity::tests::identity_is_a_pure_function_of_its_fields ... ok
test identity::tests::every_jurisdiction_fits_the_identity_ceiling ... ok
test identity::tests::a_full_scope_identity_fits_the_ceiling ... ok
test identity::tests::jurisdiction_identity_matches_the_documented_form ... ok
test identity::tests::national_identity_matches_the_documented_form ... ok
test identity::tests::a_changed_scope_is_a_changed_run_and_the_same_scope_reproduces_its_identity ... ok
test identity::tests::the_scope_digest_is_order_stable_over_a_set ... ok
test index::tests::a_review_decision_survives_the_next_derivation ... ok
test verify_tests::column_index_case_sensitive ... ok
test verify_tests::column_index_finds_exact_match ... ok
test verify_tests::k_equals_rows_returns_index_zero ... ok
test verify_tests::k_larger_than_rows_returns_index_zero ... ok
test verify_tests::empty_table_returns_no_indices ... ok
test verify_tests::k_one_samples_every_row ... ok
test verify_tests::k_two_samples_even_indices ... ok
test verify_tests::large_table_capped_at_5000 ... ok
test verify_tests::missing_columns_detects_absent_headers ... ok
test verify_tests::large_table_with_stride ... ok
test verify_tests::missing_columns_empty_when_all_present ... ok
test verify_tests::single_row_returns_index_zero ... ok
test verify_tests::moderate_table_below_cap ... ok
test verify_tests::performance_partitions_keep_one_header_and_stable_data_order ... ok
test index::tests::source_object_identities_keep_provider_ids_verbatim_and_name_their_table ... ok
test index::tests::source_rows_count_what_each_namespace_contributes_per_table ... ok
test index::tests::the_jurisdiction_row_carries_its_measured_denominators ... ok
test index::tests::a_pending_case_whose_finding_is_gone_is_superseded ... ok
test index::stage_gate_tests::index_preserves_located_unsupported_cohort_review_without_a_canonical_subject ... ok
test verify::performances::tests::duplicate_unsampled_result_cannot_hide_a_missing_result ... ok
test index::tests::a_cohort_claim_the_rules_decide_is_stored_retained ... ok
test index::application_tests::reviewed_membership_permutation_preserves_application_history ... ok
test verify::performances::tests::equal_marks_at_different_meets_cannot_be_substituted ... ok
test index::tests::a_canonical_id_collision_reaches_the_conflict_queue ... ok
test index::application_tests::derive_does_not_promote_or_merge_provider_owned_homonyms ... ok
test index::tests::a_repeated_pass_reuses_every_id_and_keeps_one_snapshot_a_day ... ok
test verify::performances::tests::unknown_result_id_and_missing_numeric_cell_are_rejected ... ok
test index::tests::a_pass_appends_every_index_and_a_snapshot_of_the_store ... ok
test index::tests::a_recorded_decision_survives_the_next_derivation ... ok
test index::stage_gate_tests::receipt_does_not_hide_missing_mutable_projection_rows ... ok
test index::stage_gate_tests::a_changed_input_reruns_the_index_stage ... ok
test verify::performances::tests::altered_conditions_dates_and_source_references_are_rejected ... ok
test index::application_tests::derive_applies_source_binding_once_and_preserves_history_after_reopen ... ok

test result: ok. 41 passed; 0 failed; 0 ignored; 0 measured; 0 filtered out; finished in 0.04s

     Running `/home/lewis/src/ad-law-scrape/athletic-rust-pipeline/target/debug/deps/census_report-8e083624d3ce1363`

running 170 tests
test bests::measure::notation::tests::a_published_omitted_zero_inch_part_remains_a_measurable_jump ... ok
test bests::tests::imperial_parser_rejects_malformed_unicode_and_fraction ... ok
test bests::tests::cross_country_events_do_not_compete_across_contexts ... ok
test bests::tests::key_excluded_unresolved_surface ... ok
test bests::tests::imperial_boundaries_preserve_exact_units_or_refuse_the_mark ... ok
test bests::tests::key_construction_outdoor ... ok
test bests::tests::measure_field_imperial_exact_micrometres ... ok
test bests::tests::measure_normalized_distance ... ok
test bests::tests::measure_normalized_raw_is_none ... ok
test bests::tests::measure_normalized_points ... ok
test bests::tests::key_no_meet_is_excluded ... ok
test bests::tests::key_separates_timing_methods_at_one_meet ... ok
test bests::tests::measure_normalized_time ... ok
test bests::tests::measure_distance_better_is_higher ... ok
test bests::tests::measure_distance_value_metric_cm ... ok
test bests::tests::measure_field_imperial_hundredth_inch_exact ... ok
test bests::tests::key_separates_wind_assisted_and_legal_results ... ok
test bests::tests::measure_of_field_imperial_is_distance ... ok
test bests::tests::measure_of_points ... ok
test bests::tests::measure_of_distance ... ok
test bests::tests::measure_of_raw_is_none ... ok
test bests::tests::measure_of_time ... ok
test bests::tests::measure_points_better_is_higher ... ok
test bests::tests::measure_points_value ... ok
test bests::tests::measure_time_better_is_lower ... ok
test bests::tests::measure_time_value ... ok
test bests::tests::measure_value_type_mismatch ... ok
test bests::tests::metric_scaling_widens_before_multiplication ... ok
test bests::tests::non_finite_wind_cannot_establish_legal_or_assisted_results ... ok
test bests::tests::reduce_equal_value_picks_later_date ... ok
test bests::tests::reduce_non_relay_included ... ok
test bests::tests::reduce_relay_excluded ... ok
test bests::tests::reduce_different_events_different_keys ... ok
test bests::tests::should_replace_equal_value_later_wins ... ok
test bests::tests::should_replace_equal_value_older_loses ... ok
test bests::tests::should_replace_equal_value_same_date_meet_wins ... ok
test bests::tests::reduce_same_meet_different_dates_picks_later ... ok
test bests::tests::should_replace_equal_value_same_meet_perf_wins ... ok
test bests::tests::should_replace_strictly_better ... ok
test bests::tests::should_replace_worse_value ... ok
test bests::tests::surface_ambiguous_excluded ... ok
test bests::tests::surface_empty_excluded ... ok
test bests::tests::surface_indoor_only ... ok
test bests::tests::surface_outdoor_only ... ok
test bests::tests::surface_xc_only ... ok
test bests::tests::timing_annotations_do_not_classify_field_marks ... ok
test bests::tests::timing_fat ... ok
test bests::tests::timing_hand ... ok
test bests::tests::timing_none_with_distance_mark_is_non_time ... ok
test bests::tests::timing_none_with_points_mark_is_non_time ... ok
test bests::tests::timing_none_with_raw_mark_is_non_time ... ok
test bests::tests::timing_none_with_time_mark_is_unknown ... ok
test bests::tests::timing_unknown_explicit ... ok
test bests::tests::wind_assisted_above_2_0 ... ok
test bests::tests::wind_legal_at_exactly_2_0 ... ok
test bests::tests::wind_legal_below_2_0 ... ok
test bests::tests::wind_not_applicable_indoor ... ok
test bests::tests::wind_not_applicable_non_sensitive_event ... ok
test bests::tests::wind_not_applicable_xc ... ok
test bests::tests::wind_not_sensitive_400m_hurdles ... ok
test bests::tests::wind_not_sensitive_field_xc ... ok
test bests::tests::wind_sensitive_jump_events ... ok
test bests::tests::wind_sensitive_sprints_hurdles ... ok
test bests::tests::wind_unknown_missing_wind ... ok
test bests::write::tests::csv_text_is_literalized_while_the_raw_jsonl_is_preserved ... ok
test bests::write::tests::ordinary_text_and_negative_numerics_publish_unchanged ... ok
test workbook::meta::queues::conflicts::tests::the_family_retains_exactly_what_the_identity_key_groups ... ok
test workbook::performances::spill::tests::the_spill_directory_is_named_for_the_process_and_removed_with_the_rows ... ok
test workbook::meta::queues::conflicts::tests::every_retained_row_states_the_class_the_key_put_it_in ... ok
test workbook::meta::queues::conflicts::tests::the_table_holds_cases_that_group_and_cases_that_do_not ... ok
test report::tests::core_scope_keeps_only_non_athletic_net_evidence ... ok
test workbook::performances::tests::sheet_names_zero_pad_to_three_digits_and_grow_past_them ... ok
test workbook::performances::tests::the_columns_are_the_objectives_order_and_the_budget_keeps_the_margin ... ok
test report::coverage::tests::an_out_of_scope_jurisdiction_enters_no_denominator_and_still_reconciles ... ok
test report::coverage::tests::reconcile_refuses_a_report_whose_rows_lost_or_invented_a_row ... ok
test report::coverage::tests::an_empty_store_publishes_every_jurisdiction_with_a_gap ... ok
test report::tests::census_counts_class_of_2027_with_evidence ... ok
test export::postal::tests::foreign_postal_owner_cannot_be_published_as_a_school_fact ... ok
test report::coverage::tests::gap_classes_carry_the_count_that_produced_them ... ok
test bests::tests::reduction_selects_the_faster_result_without_inventing_a_team_school ... ok
test report::coverage::tests::a_jurisdiction_row_carries_the_counted_columns ... ok
test report::tests::census_reads_merged_observations_without_consolidating ... ok
test report::tests::every_jurisdiction_publishes_a_by_state_row ... ok
test workbook::performances::tests::a_budget_that_holds_no_row_is_rejected_naming_the_row ... ok
test report::coverage::tests::reconcile_refuses_a_read_count_the_rows_do_not_publish ... ok
test report::tests::out_of_scope_jurisdiction_is_named_in_notes_not_counted ... ok
test report::coverage::tests::a_mirror_result_plane_row_is_counted_but_never_core ... ok
test workbook::performances::tests::a_row_prints_the_canonical_values_behind_it ... ok
test workbook::performances::tests::a_spill_budget_that_holds_no_row_or_no_range_is_rejected ... ok
test report::coverage::tests::jurisdiction_rows_sum_to_the_store_totals ... ok
test workbook::performances::tests::affiliation::an_out_of_scope_historical_school_keeps_the_school_blank ... ok
test export::postal::tests::school_city_and_state_do_not_supply_an_uncaptured_postal_address ... ok
test workbook::performances::tests::affiliation::an_unresolved_historical_team_keeps_the_school_blank ... ok
test workbook::recruiting::contact::tests::conflicts::an_unresolved_head_coach_conflict_is_not_hidden_by_director_fallback ... ok
test export::postal::tests::maximum_postal_metadata_is_retained_and_an_additional_byte_is_refused ... ok
test workbook::recruiting::contact::tests::conflicts::complementary_current_fields_of_one_owner_merge_without_reclassifying_personal_mail ... ok
test workbook::recruiting::contact::tests::conflicts::an_unrelated_programme_conflict_does_not_poison_a_qualified_contact ... ok
test workbook::recruiting::contact::tests::conflicts::contradictory_current_addresses_for_one_owner_are_not_ranked ... ok
test workbook::recruiting::contact::tests::conflicts::fetch_recency_and_mailboxes_do_not_resolve_distinct_current_coaches ... ok
test workbook::recruiting::contact::tests::current_program_name_outranks_former_other_sport_email ... ok
test workbook::recruiting::contact::tests::missing_coach_rows_do_not_invent_a_research_attempt_or_a_negative_finding ... ok
test workbook::recruiting::contact::tests::personal_director_address_never_enters_a_professional_coach_column ... ok
test workbook::recruiting::contact::tests::qualified_coach_mailboxes_outrank_director_without_becoming_professional ... ok
test workbook::performances::tests::a_performance_the_store_cannot_join_is_still_written ... ok
test workbook::recruiting::contact::tests::qualified_director_is_an_explicit_address_fallback_not_a_head_coach ... ok
test workbook::performances::tests::affiliation::a_transfer_keeps_the_result_school_of_the_history ... ok
test workbook::publication::tests::revision_two_frozen_inputs_are_preserved_but_not_reused_under_new_projection_policy ... ok
test workbook::performances::tests::a_last_sheet_that_fills_exactly_is_not_followed_by_an_empty_one ... ok
test export::postal::tests::captured_postal_claim_preserves_raw_capture_provenance_and_published_components ... ok
test workbook::publication::tests::a_changed_dataset_cannot_masquerade_as_the_captured_input ... ok
test export::postal::tests::conflicting_postal_claims_keep_their_corresponding_owner_capture_and_missing_components ... ok
test workbook::recruiting::contact::tests::scopes::a_school_index_entry_cannot_be_applied_to_another_school ... ok
test workbook::recruiting::contact::tests::scopes::assistants_require_current_matching_programme_and_side_without_becoming_head_coaches ... ok
test workbook::recruiting::contact::tests::scopes::opposite_or_unspecified_sides_never_supply_athlete_contact_columns ... ok
test workbook::recruiting::contact::tests::scopes::indoor_outdoor_and_cross_country_contacts_keep_their_programmes ... ok
test workbook::recruiting::contact::tests::scopes::the_specific_team_coach_is_selected_before_mailbox_preference ... ok
test workbook::recruiting::contact::tests::scopes::unknown_sport_or_role_does_not_mean_school_wide_head_coach ... ok
test workbook::recruiting::contact::tests::tenure::an_undated_observation_cannot_lend_an_address_to_a_current_name ... ok
test workbook::recruiting::contact::tests::tenure::a_recently_fetched_legacy_row_without_tenure_is_not_current ... ok
test workbook::recruiting::contact::tests::tenure::incomplete_tenure_metadata_refuses_selection_but_remains_a_distinct_state ... ok
test workbook::recruiting::contact::tests::tenure::conflicting_tenure_across_observations_is_retained_in_either_order ... ok
test workbook::recruiting::provenance_tests::identity_url_fallback_has_no_unrelated_observation_date ... ok
test workbook::recruiting::contact::tests::tenure::only_the_queried_academic_year_qualifies_a_current_claim ... ok
test workbook::recruiting::provenance_tests::source_and_date_are_selected_from_the_newest_url_bearing_observation ... ok
test workbook::recruiting::contact::tests::persisted::conflicting_persisted_addresses_do_not_collapse_to_the_first_mailbox ... ok
test workbook::performances::tests::the_frozen_entry_point_writes_the_partitioned_sheets ... ok
test workbook::recruiting::contact::tests::persisted::differing_tenure_interpretations_of_one_capture_survive_the_store_merge ... ok
test workbook::publication::verify_sidecars::tests::bests::valid_best_results_sidecars_pass_and_forgeries_fail ... ok
test workbook::publication::tests::an_export_job_keeps_its_input_and_changed_evidence_requires_a_new_export ... ok
test workbook::publication::tests::a_frozen_input_reopens_after_new_source_rows_and_store_reopen ... ok
test workbook::recruiting::csv::tests::published_recruiting_csv_literalizes_source_text_without_rewriting_it ... ok
test workbook::meta::tests::the_sheets_render_the_rows_the_store_retains ... ok
test workbook::performances::tests::two_partitions_repeat_the_header_and_split_the_sorted_rows ... ok
test workbook::recruiting::contact::tests::persisted::persisted_currentness_cannot_attach_an_undated_address_in_either_append_order ... ok
test workbook::performances::tests::the_spilled_rows_match_the_collected_rows_across_range_seams ... ok
test export::postal::tests::a_postal_claim_over_the_publication_count_budget_is_refused_instead_of_dropped ... ok
test workbook::recruiting::tests::identity::same_name_provider_owned_people_remain_separate_and_unresolved_status_is_explicit ... ok
test workbook::meta::tests::scope_divergence_is_published_in_the_coverage_sheet ... ok
test workbook::recruiting::tests::the_run_audits_every_sheet_against_the_store_counts_behind_it ... ok
test workbook::performances::tests::the_same_rows_in_a_differently_ordered_store_partition_identically ... ok
test workbook::recruiting::tests::an_athlete_without_a_performance_is_published_as_identity_only ... ok
test workbook::recruiting::tests::an_unrelated_programmes_personal_address_is_retained_only_in_raw_coach_history ... ok
test workbook::meta::tests::unsupported_graduation_cases_are_retained_in_review_without_a_canonical_athlete ... ok
test workbook::recruiting::tests::the_coaches_sheet_publishes_the_school_contact_graph ... ok
test workbook::recruiting::tests::the_athletes_sheet_publishes_the_objective_columns_and_the_stored_facts ... ok
test workbook::recruiting::tests::the_three_recruiting_sheets_are_named_after_the_objective ... ok
test workbook::recruiting::tests::the_url_columns_follow_the_evidence_scope ... ok
test workbook::recruiting::tests::the_prs_sheet_retains_shared_winners_units_dates_and_provenance ... ok
test workbook::recruiting::tests::summaries::headline_and_wide_cells_retain_every_compatible_course_context_after_ten_prs ... ok
test workbook::publication::tests::a_corrupt_sidecar_invalidates_the_whole_generation ... ok
test workbook::meta::tests::an_empty_store_still_writes_every_sheet_with_its_header ... ok
test workbook::publication::verify_sidecars::tests::valid_generated_sidecars_pass_semantic_readback ... ok
test workbook::publication::tests::a_stale_exporter_cannot_replace_a_newer_generation ... ok
test workbook::publication::verify_sidecars::tests::a_forged_census_sidecar_fails_semantic_readback ... ok
test workbook::publication::verify_sidecars::tests::extra_and_missing_bundle_sidecars_are_rejected ... ok
test workbook::publication::verify_sidecars::tests::a_forged_recruiting_sidecar_fails_semantic_readback ... ok
test workbook::publication::tests::a_failed_generation_keeps_the_previous_publication ... ok
test workbook::recruiting::tests::identity::accepted_aliases_publish_one_person_with_all_events_profiles_and_supported_metadata ... ok
test workbook::verify::meta::tests::altered_metadata_cells_are_rejected ... ok
test workbook::publication::verify_sidecars::tests::postal::source_backed_postal_sidecar_rejects_each_tampered_address_and_provenance_field ... ok
test workbook::publication::tests::source_advance_during_render_cannot_switch_the_publication_pointer ... ok
test workbook::recruiting::tests::postal::a_same_named_school_without_a_claim_does_not_inherit_another_schools_postal_address ... ok
test workbook::recruiting::tests::postal::accepted_alias_school_affiliations_preserve_their_source_owned_postal_claims ... ok
test workbook::recruiting::tests::postal::unresolved_same_named_athletes_keep_postal_affiliations_distinct_in_workbook_and_csv ... ok
test workbook::recruiting::tests::postal::contradictory_postal_addresses_keep_aligned_provenance_on_both_workbook_sheets_and_csv ... ok
test workbook::recruiting::tests::postal::ordering::displaced_athlete_rows_cannot_hide_forged_postal_ownership_from_full_verification ... ok
test workbook::recruiting::tests::postal::captured_zcum49_claim_reaches_school_athlete_and_csv_consumers_without_losing_public_email ... ok
test workbook::recruiting::tests::postal::tampering_any_published_postal_component_or_provenance_cell_fails_workbook_readback ... ok
test workbook::recruiting::tests::summaries::complete_summary_that_fits_excel_does_not_reserve_an_overflow_marker ... ok
test workbook::recruiting::tests::summaries::excel_limit_is_explicit_while_the_pr_sheet_retains_all_course_contexts ... ok

test result: ok. 170 passed; 0 failed; 0 ignored; 0 measured; 0 filtered out; finished in 1.28s

     Running `/home/lewis/src/ad-law-scrape/athletic-rust-pipeline/target/debug/deps/census_review-2b2d31695dbf4150`

running 126 tests
test athlete_packet::tests::flags::rows_that_disagree_on_the_class_are_flagged_and_never_called_an_agreement ... ok
test athlete_packet::tests::group::a_group_is_every_row_the_merge_kept_apart_under_one_key ... ok
test athlete_packet::tests::flags::provider_objects_that_differ_are_stated_and_never_called_a_shared_one ... ok
test athlete_packet::tests::flags::the_flags_state_what_the_store_already_knows_before_the_model_runs ... ok
test athlete_packet::tests::flags::unsupported_inference_survives_the_model_packet ... ok
test athlete_packet::tests::group::a_packet_carries_both_sides_source_identity_fields ... ok
test athlete_verdict::tests::a_matching_name_school_and_cohort_does_not_admit_same_person ... ok
test athlete_verdict::tests::a_verdict_that_names_another_case_decides_nothing ... ok
test athlete_verdict::tests::a_proposal_that_answers_another_field_is_refused ... ok
test athlete_verdict::tests::same_person_is_rejected_when_gender_differs ... ok
test athlete_verdict::tests::different_person_is_accepted_despite_hard_contradiction ... ok
test athlete_verdict::tests::same_person_is_rejected_when_grade_evidence_differs ... ok
test athlete_verdict::tests::an_answer_that_is_not_one_of_the_three_is_refused_with_the_value_it_carried ... ok
test athlete_verdict::tests::identity_advice_uses_only_the_declared_answer_vocabulary ... ok
test athlete_verdict::tests::same_person_is_rejected_with_the_retained_source_conflict_reason ... ok
test athlete_verdict::tests::same_person_is_accepted_when_no_hard_contradiction_exists ... ok
test athlete_verdict::tests::the_two_decisions_validate_and_the_decline_closes_nothing ... ok
test athlete_verdict::tests::each_of_the_three_answers_reads_as_this_familys_verdict ... ok
test checkpoint_tests::reconcile_athletes_writes_both_tables_in_one_commit ... ok
test athlete_tests::a_finding_held_by_both_the_conflict_and_the_review_table_is_selected_once ... ok
test athlete_clusters::tests::reopened_receipt::exact_reconcile_repetition_preserves_standing_case_verdict_and_receipt ... ok
test athlete_clusters::tests::reopened_receipt::same_timestamp_reconcile_refuses_receipted_decision_when_case_was_explicitly_reopened ... ok
test athlete_clusters::tests::three_members::first_empty_cohort_cannot_hide_contradictory_later_members_of_one_provider_object ... ok
test athlete_clusters::tests::a_row_naming_two_objects_of_one_provider_is_filed ... ok
test athlete_clusters::tests::a_later_pass_on_the_same_date_applies_its_own_payload ... ok
test athlete_clusters::tests::unsupported_grade_observation_blocks_shared_provider_acceptance ... ok
test athlete_clusters::tests::the_deterministic_lane_does_not_merge_contradictory_rows ... ok
test athlete_clusters::tests::a_second_pass_leaves_a_decided_case_alone ... ok
test athlete_clusters::tests::the_deterministic_lane_does_not_merge_gender_contradictory_rows ... ok
test athlete_clusters::tests::a_provider_object_on_two_schools_is_one_athlete ... ok
test athlete_clusters::tests::the_case_does_not_depend_on_append_order ... ok
test consensus::tests::dual_dry_run_reports_consensus_without_persisting_any_advice_or_state ... ok
test consensus::tests::every_case_requires_both_independent_lanes_and_retains_both_advice_packets ... ok
test checkpoint_tests::deterministic_identity_decisions_are_not_submitted_for_model_advice ... ok
test consensus::tests::format_change::reopened_case_reasks_changed_format_and_reuses_exact_unchanged_peer_advice ... ok
test athlete_tests::contradictory_cohorts::dual_same_person_agreement_cannot_accept_identical_contradictory_cohorts ... ok
test consensus::tests::lanes::single_duplicate_and_extra_lanes_are_explicitly_nonaccepting ... ok
test consensus::tests::reopened_receipt::same_observed_at_reopening_applies_a_fresh_transition_and_preserves_original_receipt ... ok
test athlete_tests::dual_same_person_agreement_cannot_override_a_gender_contradiction ... ok
test consensus::tests::reopened_receipt::exactly_applied_checkpoint_repetition_preserves_rows_and_receipt ... ok
test consensus::tests::replay::a_case_superseded_during_advice_is_not_resurrected_by_the_checkpoint ... ok
test consensus::tests::replay::historical_single_model_acceptance_is_reasked_and_cannot_survive_disagreement ... ok
test families::tests::an_askable_family_is_minted_pending_and_names_itself ... ok
test families::tests::the_families_the_census_decides_are_minted_retained_and_asked_about_by_nobody ... ok
test athlete_tests::dual_same_person_agreement_never_promotes_name_school_and_cohort_alone ... ok
test consensus::tests::replay::missing_subjects_are_durable_unresolved_review_not_silent_success ... ok
test consensus::tests::replay::cached_cases_do_not_consume_the_budget_for_new_ambiguous_cases ... ok
test model::tests::a_verdict_array_without_its_subject_envelope_is_rejected ... ok
test model::tests::dns_domain_is_rejected ... ok
test model::tests::dns_name_is_rejected ... ok
test model::tests::empty_and_whitespace_only_models_are_rejected_at_the_options_boundary ... ok
test model::tests::empty_message_error_has_no_url ... ok
test model::tests::fragment_is_rejected ... ok
test model::tests::https_is_rejected ... ok
test model::tests::invalid_content_returns_error_without_echo ... ok
test model::tests::invalid_endpoint_display_has_no_url ... ok
test model::tests::ipv4_loopback_is_accepted ... ok
test model::tests::ipv6_loopback_is_accepted ... ok
test model::tests::max_tokens_is_capped_at_8192 ... ok
test model::tests::non_root_path_is_rejected ... ok
test consensus::tests::one_failed_lane_retains_the_successful_advice_and_the_failure_without_acceptance ... ok
test model::tests::oversized_model_is_rejected ... ok
test model::tests::parse_batch_from_valid_content ... ok
test model::tests::query_string_is_rejected ... ok
test model::tests::remote_ip_is_rejected ... ok
test athlete_tests::contradictory_cohorts::dual_different_person_agreement_accepts_identical_contradictory_cohorts ... ok
test model::tests::status_error_display_has_no_url ... ok
test model::tests::one_oversized_fact_returns_its_rejected_size_without_echoing_content ... ok
test model::tests::truncated_string_stays_on_char_boundary ... ok
test model::tests::userinfo_is_rejected ... ok
test model::tests::verdict_with_no_value_stays_a_verdict ... ok
test consensus::tests::resources::zero_budget_refuses_corrupt_revocation_inputs_without_model_requests ... ok
test athlete_tests::agreed_different_person_advice_preserves_the_existing_contradiction_semantics ... ok
test consensus::tests::replay::evidence_changed_during_advice_prevents_acceptance_of_the_old_snapshot ... ok
test consensus::tests::replay::changed_evidence_invalidates_standing_advice_and_binds_the_new_packet ... ok
test consensus::tests::replay::exact_dual_advice_replays_without_reasking_or_writing_another_checkpoint ... ok
test consensus::tests::reuse::superseded_cases_and_legacy_resolved_cases_do_not_consume_new_review_budget ... ok
test consensus::tests::transitions::evidence_change_revokes_standing_acceptance_even_with_zero_model_call_budget ... ok
test model::transport_tests::empty_message_returns_empty_error ... ok
test model::tests::request_overflow_returns_typed_error ... ok
test athlete_tests::insufficient_and_invalid_identity_advice_are_retained_with_the_original_answers ... ok
test model::transport_tests::response_format::shapes::parser_preserves_typed_object_replies_with_string_kinds ... ok
test model::transport_tests::response_format::shapes::parser_rejects_positional_envelopes_verdicts_and_object_kinds ... ok
test model::transport_tests::malformed_batch_returns_content_error ... ok
test model::tests::the_encoded_request_limit_counts_escaping_and_accepts_the_exact_boundary ... ok
test consensus::tests::reuse::explicitly_reopened_cases_finalize_from_exact_advice_without_repeating_model_calls ... ok
test tests::a_covered_state_is_admitted_as_a_code_and_normalized_from_a_name ... ok
test tests::a_family_is_looked_up_by_the_label_the_store_retained ... ok
test tests::a_family_parses_from_the_cli_spelling ... ok
test tests::a_meets_jurisdiction_is_admitted_the_same_way ... ok
test tests::a_proposal_for_a_field_no_family_asks_about_is_refused ... ok
test tests::a_state_that_is_not_a_jurisdiction_is_refused ... ok
test tests::a_subject_that_already_carries_a_jurisdiction_is_not_re_proposed ... ok
test tests::insufficient_advice_does_not_count_as_a_resolved_review ... ok
test tests::triage_keeps_a_refused_proposal_as_a_verdict_without_a_value ... ok
test consensus::tests::cancellation::cancelled_dual_advice_commits_neither_half_a_vote_nor_a_case_transition ... ok
test consensus::tests::reuse::malformed_advice_is_never_reused_even_when_its_stored_dropped_count_is_forged ... ok
test model::transport_tests::chunked_overflow_returns_response_error ... ok
test model::transport_tests::http_503_returns_status_error ... ok
test consensus::tests::reuse::retrying_a_failed_lane_reuses_the_other_lanes_exact_bound_advice ... ok
test membership_tests::an_explicit_nonfirst_pair_reviews_a_and_c_without_substituting_b ... ok
test athlete_tests::retained_conflict::a_retained_source_conflict_refuses_same_person_but_preserves_different_person ... ok
test consensus::tests::transitions::format_change_revokes_unasked_acceptance_beyond_the_model_call_budget ... ok
test model::transport_tests::response_format::valid_prompt_json_insufficient_evidence_remains_answered_but_unaccepted ... ok
test model::transport_tests::redirect_is_not_followed ... ok
test athlete_tests::inflight_binding::a_source_url_or_retained_conflict_arriving_during_advice_refuses_the_old_binding ... ok
test consensus::tests::reuse::reordered_lanes_reuse_unresolved_advice_without_network_or_another_checkpoint ... ok
test model::transport_tests::body_stall_returns_timeout ... ok
test model::transport_tests::response_format::matching_prompt_json_proposals_cannot_introduce_an_invalid_jurisdiction ... ok
test model::transport_tests::header_stall_returns_timeout ... ok
test model::transport_tests::response_format::text_only_backend_requires_explicit_prompt_json_before_consensus_acceptance ... ok
test consensus::tests::transitions::returning_to_prior_advice_binding_applies_the_new_transition_on_the_same_date ... ok
test model::transport_tests::response_format::shapes::typed_object_proposals_are_accepted_under_both_response_formats ... ok
test consensus::tests::reuse::only_the_changed_model_or_request_lane_is_reasked_after_explicit_reopening ... ok
test athlete_tests::cached_binding::source_url_ownership_and_conflict_changes_cannot_reuse_another_snapshots_advice ... ok
test consensus::tests::aggregate_output::aggregate_joined_advice_refuses_before_any_checkpoint_state_is_published ... ok
test consensus::tests::resources::irrelevant_large_advice_history_is_not_part_of_the_selected_checkpoint_budget ... ok
test membership_tests::group_advice_is_not_requested_when_only_two_of_three_members_would_be_reviewed ... ok
test membership_tests::shared_nonperson_and_invalid_person_links_cannot_authorize_same_person_advice ... ok
test model::transport_tests::response_format::shapes::malformed_shapes_fail_before_acceptance_under_both_response_formats ... ok
test consensus::tests::resources::aggregate_selected_advice_over_eight_mib_refuses_without_partial_checkpoint ... ok
test consensus::tests::oversized_evidence_is_refused_without_truncation_or_partial_checkpoint_publication ... ok
test consensus::tests::disagreement_insufficient_missing_and_malformed_advice_never_resolve_a_case ... ok
test consensus::tests::cancellation::cancellation_preserves_completed_checkpoints_without_acknowledging_the_inflight_case ... ok
test consensus::tests::checkpoints::both_advice_lanes_and_case_states_cross_the_checkpoint_boundary_together ... ok
test model::transport_tests::response_format::malformed_prompt_json_advice_remains_failed_without_extracting_embedded_json ... ok

test result: ok. 126 passed; 0 failed; 0 ignored; 0 measured; 0 filtered out; finished in 1.75s

     Running `/home/lewis/src/ad-law-scrape/athletic-rust-pipeline/target/debug/deps/census_service-53a6e104ef659ee3`

running 200 tests
test bootstrap::guard::tests::a_status_without_vm_rss_yields_nothing ... ok
test bootstrap::guard::tests::a_vm_rss_line_yields_kibibytes ... ok
test bootstrap::guard::tests::this_process_reports_a_resident_set ... ok
test bootstrap::serve::tests::a_deployment_without_a_lane_builds_no_client ... ok
test bootstrap::tests::options_name_the_flag_whose_value_is_missing_or_unparseable ... ok
test bootstrap::tests::options_parse_every_flag ... ok
test bootstrap::guard::tests::a_reading_over_budget_trips_the_watcher ... ok
test bootstrap::tests::stop_reason_round_trips_through_its_wire_byte ... ok
test bootstrap::tests::options_reject_unknown_flags_and_zero_concurrency ... ok
test census::meets::tests::a_page_that_repeats_its_predecessor_ends_the_season ... ok
test bootstrap::tests::options_refuse_a_lane_whose_default_browser_no_path_entry_holds ... ok
test bootstrap::tests::options_enable_the_lane_only_with_a_profile ... ok
test census::meets::tests::a_meet_without_a_published_day_stays_day_less ... ok
test census::meets::tests::a_row_is_keyed_by_the_providers_own_meet_id ... ok
test census::meets::tests::a_state_with_no_stored_meets_selects_nothing ... ok
test census::meets::tests::all_seasons_selects_every_year ... ok
test census::meets::tests::a_limit_is_applied_per_state ... ok
test census::meets::tests::meets_are_selected_in_a_reproducible_order ... ok
test census::meets::tests::season_scope_applies_before_limit ... ok
test census::meets::tests::season_scope_filters_by_year_before_jurisdiction_and_limit ... ok
test census::meets::tests::the_journal_phase_carries_the_version_that_forces_a_re_read ... ok
test census::seal::tests::access_conditions_split_into_refusals_and_throttles ... ok
test census::seal::tests::the_ladder_stops_at_the_first_artifact_the_store_lacks ... ok
test census::state::tests::a_jurisdiction_is_terminal_only_when_every_stage_ran ... ok
test census::state::tests::a_seal_is_refused_before_the_export_phase ... ok
test census::state::tests::a_source_object_is_owed_until_it_accepts_an_observation_or_completes_a_window ... ok
test census::state::tests::a_census_that_claims_work_but_proves_nothing_is_refused ... ok
test census::state::tests::a_pending_cohort_case_is_owed_a_decision ... ok
test census::state::tests::a_seal_counted_before_the_rename_still_reads ... ok
test census::state::tests::a_decided_cohort_case_is_not_owed_again ... ok
test census::state::tests::acquiring_cannot_reach_complete_or_skip_a_phase ... ok
test census::state::tests::the_default_open_work_is_unmeasured_and_refuses ... ok
test census::state::tests::sealing_twice_returns_the_same_seal ... ok
test census::state::tests::every_open_decision_refuses_the_seal_by_name ... ok
test census::state::tests::retained_findings_do_not_block_a_seal_and_travel_inside_it ... ok
test census::state::tests::the_lattice_advances_one_phase_at_a_time_from_discovery_to_export ... ok
test census::state::tests::owing_names_each_unfinished_piece_in_run_order ... ok
test census::state::tests::another_lanes_pending_case_is_not_a_cohort_decision ... ok
test census::state::tests::the_objects_that_finished_empty_are_named_rather_than_owed ... ok
test census::state::tests::the_pass_mints_no_cohort_case_a_decision_is_owed_for ... ok
test census::state::tests::the_workbook_must_carry_every_cohort_athlete ... ok
test census::state::tests::every_pending_case_is_an_open_identity_candidate ... ok
test census::state::tests::the_seal_binds_the_workbook_it_certifies ... ok
test census::state::tests::the_seal_digest_is_stable_and_moves_with_the_counts ... ok
test census::state::tests::an_unreconciled_workbook_refuses_the_seal ... ok
test census::sweep::access::tests::no_other_failure_is_a_refusal ... ok
test census::state::tests::unread_jurisdictions_count_as_owing ... ok
test census::state::tests::unmeasured_open_work_refuses_the_seal_by_name ... ok
test census::sweep::access::tests::a_contiguous_run_of_forbidden_pages_ends_a_walk ... ok
test coachverify::spans::tests::paragraphs_are_the_fallback_when_no_record_exists ... ok
test coachverify::spans::tests::entity_references_decode ... ok
test coachverify::spans::tests::plain_text_without_markup_keeps_its_lines ... ok
test coachverify::spans::tests::unclosed_items_split_on_the_next_item ... ok
test census::state::tests::the_digest_is_pinned_field_by_field ... ok
test coachverify::tests::a_different_school_cannot_verify_the_claimed_institution ... ok
test coachverify::tests::basketball_only_does_not_establish_xc ... ok
test coachverify::tests::different_school_card_does_not_verify ... ok
test coachverify::tests::contradiction_overrides_a_matching_role ... ok
test coachverify::tests::exact_email_bytes_preserved_not_casefolded ... ok
test coachverify::spans::tests::table_rows_are_records_and_headings_are_read_once ... ok
test census::tests::the_transport_report_reads_the_counters_once ... ok
test coachverify::tests::adjacent_staff_cards_cannot_supply_someone_elses_email ... ok
test coachverify::spans::tests::script_text_is_not_treated_as_markup ... ok
test coachverify::spans::tests::unclosed_rows_split_on_the_next_row ... ok
test census::sweep::access::tests::a_rate_limit_ends_a_walk_at_once ... ok
test coachverify::spans::tests::a_record_containing_another_record_is_not_reported ... ok
test census::sweep::access::tests::one_forbidden_page_does_not_end_a_walk ... ok
test coachverify::tests::former_role_escapes_as_contradiction ... ok
test coachverify::tests::future_observation_dates_cannot_be_verified ... ok
test coachverify::tests::uncertain_or_failed_evidence_never_ships ... ok
test coachverify::tests::public_role_consumer_mailbox_is_not_discarded ... ok
test census::sweep::access::tests::a_served_roster_breaks_the_run ... ok
test coachverify::tests::not_current_role_triggers_contradiction ... ok
test coachverify::tests::real_name_does_not_verify_an_absent_address ... ok
test coachverify::tests::valid_dual_sport_appointment_accepted ... ok
test ingress::tests::an_absent_origin_is_the_local_deployment_and_a_blank_one_is_refused ... ok
test coachverify::tests::exact_record_preserves_field_relationship_and_source_bytes ... ok
test coachverify::spans::tests::class_tokens_are_records_wherever_they_appear ... ok
test outcome::tests::drain_state_completed ... ok
test outcome::tests::from_join_err_wraps_error ... ok
test outcome::tests::from_join_ok_wraps_value ... ok
test outcome::tests::drain_state_cancelled_on_abort ... ok
test coachverify::tests::proof_digest_matches_evidence ... ok
test restate_services::browser_session::tests::the_key_names_the_one_profile ... ok
test restate_services::ingest_post::tests::a_window_is_the_iso_week_of_the_run_day ... ok
test restate_services::browser_session::tests::drain_counts_keep_every_counter ... ok
test ingress::tests::a_loopback_origin_is_accepted_and_anything_else_is_not ... ok
test restate_services::ingest_post::tests::an_endpoint_is_the_slugs_own_name_with_the_state ... ok
test restate_services::jurisdiction::stages::tests::no_slug_is_armed_by_two_stages ... ok
test restate_services::browser_session::tests::operator_replies_round_trip ... ok
test restate_services::jurisdiction::stages::tests::the_arms_are_the_dispatched_slugs ... ok
test outcome::tests::drain_state_panicked_on_task_panic ... ok
test restate_services::browser_session::tests::an_unstarted_lane_reads_as_not_running_and_refuses_fetches ... ok
test outcome::tests::from_join_cancelled_is_cancelled ... ok
test restate_services::plan::tests::a_browser_source_with_a_lane_is_swept ... ok
test bootstrap::tests::drain_completes_tasks_that_finish_before_the_deadline ... ok
test restate_services::ingest_post::tests::a_run_day_that_is_not_a_calendar_day_refuses ... ok
test restate_services::plan::tests::a_browser_source_without_a_lane_is_refused_by_name ... ok
test restate_services::plan::tests::a_recorded_plan_partitions_the_dispositions_in_plan_order ... ok
test outcome::tests::from_join_panic_is_panicked ... ok
test restate_services::plan::tests::a_source_no_stage_runs_is_owed_by_name ... ok
test restate_services::plan::tests::a_current_state_without_a_recorded_plan_reads_with_no_plan ... ok
test restate_services::plan::tests::an_open_source_needs_no_lane ... ok
test restate_services::open_work::tests::completed_teams_allow_jurisdiction_completion ... ok
test restate_services::plan::tests::every_dispatched_slug_is_registered ... ok
test restate_services::plan::tests::a_states_own_directory_walk_is_planned_only_for_that_state ... ok
test restate_services::plan::tests::a_jurisdiction_the_research_does_not_evidence_plans_nothing ... ok
test restate_services::plan::tests::fingerprint_is_deterministic ... ok
test restate_services::plan::tests::fingerprint_changes_with_different_inputs ... ok
test restate_services::plan::tests::owed_keeps_plan_order_and_sweepable_excludes_refusals ... ok
test restate_services::plan::tests::a_jurisdiction_plans_the_sources_the_table_evidences_in_order ... ok
test restate_services::plan::tests::a_recorded_plan_round_trips_through_the_journal ... ok
test restate_services::plan::tests::the_dispatch_question_is_asked_before_the_lane ... ok
test restate_services::plan::tests::nothing_sweepable_is_a_source_no_stage_runs ... ok
test restate_services::plan::tests::the_meet_walks_are_planned_for_the_states_they_publish ... ok
test restate_services::open_work::tests::failed_teams_remain_owed_without_automatic_work ... ok
test restate_services::results_arms::tests::a_meet_index_walk_is_not_a_results_arm ... ok
test restate_services::retry_policy_tests::a_bare_effect_fails_and_a_chained_policy_holds ... ok
test restate_services::results_arms::tests::a_foreign_host_is_never_read_as_an_athleticnet_meet ... ok
test restate_services::retry_policy_tests::a_ceiling_the_scan_cannot_read_fails_instead_of_being_skipped - should panic ... ok
test restate_services::results_arms::tests::only_a_milesplit_results_page_is_read_by_the_result_set_arm ... ok
test restate_services::retry_policy_tests::the_run_scan_reads_split_chains_and_ignores_prose_and_clients ... ok
test coachverify::tests::final_reconciliation_detects_email_or_citation_mutation ... ok
test restate_services::retry_policy_tests::the_scan_reads_only_what_the_contract_calls_a_ceiling ... ok
test restate_services::sweep::wait_windows_tests::tests::a_signal_mid_sweep_keeps_the_windows_observed_so_far ... ok
test restate_services::tests::a_named_jurisdiction_set_keeps_the_callers_order ... ok
test restate_services::results_arms::tests::the_seed_reads_both_row_shapes_and_only_this_jurisdiction ... ok
test restate_services::tests::a_refused_source_is_owed_evidence_and_is_never_dispatched ... ok
test restate_services::sweep::wait_windows_tests::tests::all_windows_elapse_without_a_signal ... ok
test restate_services::tests::a_walk_with_no_concurrency_is_refused ... ok
test restate_services::tests::a_state_named_twice_is_refused_instead_of_walked_twice ... ok
test restate_services::tests::a_state_that_did_not_answer_becomes_a_failure_row_and_the_run_keeps_its_summaries ... ok
test restate_services::tests::an_omitted_scope_matches_the_cli_default_and_unknown_scopes_are_rejected ... ok
test restate_services::tests::cohort_label_names_the_reduction ... ok
test restate_services::tests::classification_survives_through_job_error ... ok
test restate_services::tests::an_empty_jurisdiction_list_covers_the_census_scope_in_declaration_order ... ok
test restate_services::tests::crawl_error_survives_through_collect_error_and_job_error ... ok
test restate_services::tests::deterministic_store_errors_classify_terminal ... ok
test restate_services::tests::differing_semantic_parts_produce_different_keys ... ok
test restate_services::tests::environmental_store_errors_classify_transient ... ok
test restate_services::tests::empty_table_list_means_every_table_in_order ... ok
test restate_services::tests::fetch_error_retryable_variants_become_transient ... ok
test restate_services::tests::fetch_error_nonretryable_variants_become_terminal ... ok
test restate_services::tests::identical_semantic_requests_with_same_generation_attach ... ok
test restate_services::tests::non_fetch_crawl_errors_are_terminal ... ok
test restate_services::tests::run_key_is_independent_of_wall_clock ... ok
test restate_services::tests::same_semantics_different_generation_produces_new_key ... ok
test restate_services::tests::table_names_resolve_and_reject_typos ... ok
test restate_services::tests::the_collection_date_is_the_days_today_unless_the_request_names_one ... ok
test restate_services::tests::the_roster_ceiling_admits_its_boundary_and_refuses_one_past_it ... ok
test restate_services::tests::the_walk_options_carry_the_runs_shared_knobs ... ok
test restate_services::wire::teams_tests::completed_wrapper_wire_rejects_errors_even_without_stage_envelope ... ok
test restate_services::wire::teams_tests::completed_wire_with_source_errors_is_rejected ... ok
test restate_services::wire::teams_tests::explicitly_owed_wire_state_remains_eligible_for_initial_teams_work ... ok
test restate_services::wire::teams_tests::legacy_null_missing_and_untagged_teams_states_fail_closed ... ok
test restate_services::wire::teams_tests::source_complete_outcome_retains_counts_notes_and_acquisition_date ... ok
test restate_services::wire::teams_tests::partial_source_outcome_cannot_complete_and_retains_raw_progress ... ok
test restate_services::wire::teams_tests::terminal_failure_retains_details_without_completion_or_automatic_work ... ok
test school_address::generation::tests::manifest_digest_matches_the_adr017_encoder_bytes ... ok
test bootstrap::tests::drain_counts_aborted_tasks_after_the_deadline ... ok
test spawn::tests::adopting_counts_the_set_it_was_handed ... ok
test spawn::tests::blocking_classifies_a_panicking_job_as_panicked ... ok
test spawn::tests::blocking_returns_the_jobs_value_and_the_jobs_error ... ok
test spawn::tests::counts_saturate_instead_of_wrapping ... ok
test spawn::tests::drain_aborts_and_counts_what_outlives_the_deadline ... ok
test spawn::tests::drain_counts_a_panicking_task_as_panicked ... ok
test spawn::tests::drain_reaps_and_counts_a_task_that_finishes_inside_the_deadline ... ok
test restate_services::sweep::wait_windows_tests::tests::an_arrived_signal_cuts_the_first_window_short ... ok
test restate_services::sweep::wait_windows_tests::tests::a_zero_second_window_waits_once_per_window ... ok
test restate_services::sweep::wait_windows_tests::tests::zero_windows_waits_for_nothing ... ok
test spawn::tests::a_timeout_the_clock_cannot_represent_still_drains ... ok
test spawn::tests::a_task_started_after_a_drain_belongs_to_the_next_one ... ok
test spawn::tests::a_drain_counts_finished_work_and_the_deadline_separately ... ok
test restate_services::tests::job_failures_classify_for_retry_but_a_violated_invariant_and_a_panic_never_retry ... ok
test spawn::tests::drain_returns_promptly_when_task_overruns_deadline ... ok
test spawn::tests::a_full_region_refuses_work_until_a_slot_frees ... ok

running 1 test
test bootstrap::tests::a_non_loopback_listen_is_refused ... ok
interrupt at BeforeDirectory; staging /tmp/.tmpHejl4B/.staging.2869540; complete generation /tmp/.tmpHejl4B/generations/486420e598f3242c
test school_address::generation::tests::consumers_reject_hash_digest_report_and_pointer_mismatches ... ok
test restate_services::tests::a_second_operation_with_different_rows_is_not_mistaken_for_a_replay ... ok
test restate_services::tests::rows_without_an_id_are_rejected_by_the_store_and_nothing_is_written ... ok
test spawn::tests::the_default_region_admits_its_capacity_and_refuses_the_next_task ... ok

running 1 test
interrupt at BeforePointer; staging /tmp/.tmpETSHAV/.staging.2869590; complete generation /tmp/.tmpETSHAV/generations/486420e598f3242c
test restate_services::tests::three_attempts_at_one_operation_append_it_once_and_leave_one_receipt ... ok

running 1 test
interrupt at AfterPointer; staging /tmp/.tmphK97UZ/.staging.2869596; complete generation /tmp/.tmphK97UZ/generations/486420e598f3242c
test school_address::generation::tests::crash_boundaries_never_publish_a_mixed_generation ... ok
test restate_services::retry_policy_transport_tests::the_transport_declares_no_attempt_budget_of_its_own ... ok
test restate_services::retry_policy_tests::the_scan_reaches_the_ceilings_the_tree_declares ... ok
test restate_services::retry_policy_tests::every_retry_ceiling_holds_the_single_retry_owner_contract ... ok
test bootstrap::serve::tests::a_deployment_that_serves_the_lane_hands_the_census_a_client ... ok
test restate_services::tests::oversized_batches_are_refused_without_touching_the_store ... ok
test restate_services::jurisdiction::stages::tests::without_a_lane_the_fetcher_has_none_and_the_plan_refuses ... ok
test restate_services::results_arms::tests::a_selection_that_names_no_meet_is_not_a_pull ... ok
test restate_services::retry_policy_tests::every_ctx_run_carries_a_chained_retry_policy ... ok
test census::seal::tests::a_workbook_is_what_lifts_the_ladder_into_exporting ... ok
test restate_services::retry_policy_tests::the_run_scan_reaches_the_effects_the_tree_declares ... ok
test restate_services::jurisdiction::stages::tests::the_fetcher_carries_the_lane_the_endpoint_was_given ... ok
test spawn::tests::a_running_blocking_job_is_waited_for_and_counted_as_completed ... ok
test census::seal::tests::a_complete_frozen_bundle_is_the_seal_certificate ... ok
test spawn::tests::a_full_region_parks_a_blocking_job_until_a_slot_frees ... ok
test census::seal::tests::a_limited_bundle_cannot_certify_the_whole_cohort ... ok
test census::seal::tests::new_source_evidence_invalidates_the_old_seal_candidate ... ok
test bootstrap::guard::tests::a_reading_within_budget_never_trips ... ok

test result: ok. 200 passed; 0 failed; 0 ignored; 0 measured; 0 filtered out; finished in 0.10s

     Running `/home/lewis/src/ad-law-scrape/athletic-rust-pipeline/target/debug/deps/census_serve-4d1b2686ac68f1b8`

running 0 tests

test result: ok. 0 passed; 0 failed; 0 ignored; 0 measured; 0 filtered out; finished in 0.00s

     Running `/home/lewis/src/ad-law-scrape/athletic-rust-pipeline/target/debug/deps/census_service-3a73562b9831eaaa`

running 71 tests
test cli::census_doc::format_sections::tests::limits_do_not_point_at_removed_tooling ... ok
test cli::census_doc::format_sections::tests::reproduce_block_names_the_rust_verbs ... ok
test cli::census_doc::counted_seeds::tests::a_missing_snapshot_fails_the_counts_rather_than_counting_zero ... ok
test cli::merge_coaches::tests::does_not_resolve_soccer ... ok
test cli::export_data::csv::tests::csv_fields_are_safe_for_spreadsheets ... ok
test cli::merge_coaches::tests::missing_school_rejected ... ok
test cli::merge_coaches::tests::resolves_cross_country ... ok
test cli::merge_coaches::tests::resolves_indoor ... ok
test cli::merge_coaches::tests::resolves_track ... ok
test cli::merge_coaches::tests::state_mismatch_rejected ... ok
test cli::national::tests::a_blocked_row_owes_the_index_it_did_not_walk ... ok
test cli::national::report::tests::owed_sources_are_the_plans_refusals_in_order ... ok
test cli::national::report::tests::nothing_owed_is_an_empty_segment ... ok
test cli::national::tests::a_national_report_prints_every_jurisdiction_row_it_is_given ... ok
test cli::national::tests::a_national_run_with_a_failed_jurisdiction_exits_non_zero ... ok
test cli::national::tests::a_national_run_without_failures_exits_successfully ... ok
test cli::national::tests::a_report_carrying_a_blocked_row_still_exits_successfully ... ok
test cli::retained_events::tests::checked_counters_fail_without_wrapping ... ok
test cli::national::tests::totals_sum_when_every_row_records_the_denominator ... ok
test cli::qa_reports::tests::section_re_matches_actual_heading ... ok
test cli::merge_coaches::tests::professional_mail_kept ... ok
test cli::merge_coaches::tests::url_with_no_https_stays_untrimmed ... ok
test cli::merge_coaches::tests::dedupe_keeps_newer_row ... ok
test cli::merge_coaches::tests::multi_url_trims_to_first ... ok
test cli::merge_coaches::tests::dedupe_keeps_richer_row ... ok
test cli::merge_coaches::tests::invalid_url_rejected ... ok
test cli::merge_coaches::tests::director_with_nonempty_sport_rejected ... ok
test cli::merge_coaches::tests::coach_with_unrelated_sport_rejected ... ok
test cli::merge_coaches::tests::coach_with_no_name_rejected ... ok
test cli::merge_coaches::tests::no_contact_published_rejected ... ok
test cli::merge_coaches::tests::role_both_coach_and_director_rejected ... ok
test cli::merge_coaches::tests::role_neither_coach_nor_director_rejected ... ok
test cli::review_tests::unknown_family_is_refused_by_name ... ok
test cli::tests::a_restriction_with_no_flag_is_empty_not_wisconsin ... ok
test cli::tests::all_states_selects_the_census_run_scope ... ok
test cli::tests::an_explicit_list_is_kept_in_caller_order ... ok
test cli::tests::combining_the_two_flags_is_refused ... ok
test cli::tests::no_flag_defaults_to_wisconsin ... ok
test cli::merge_coaches::tests::placeholder_names_rejected ... ok
test cli::review_tests::mismatched_model_counts_are_rejected ... ok
test cli::review_tests::explicit_formats_and_models_follow_endpoint_order ... ok
test cli::review_tests::a_single_explicit_format_applies_to_both_endpoints ... ok
test cli::qa_reports::tests::required_sections_compile ... ok
test cli::retained_marks::tests::metric_distance_correction_preserves_history_and_unrelated_timing ... ok
test cli::review_tests::unequal_explicit_format_counts_are_rejected_before_endpoint_construction ... ok
test cli::merge_coaches::tests::phone_in_school_rejected ... ok
test cli::retained_events::tests::applied_corrections_remain_idempotent_after_store_reopen ... ok
test cli::review_tests::unknown_response_formats_fail_during_cli_parsing ... ok
test cli::merge_coaches::tests::coach_with_resolvable_sport_passes ... ok
test cli::merge_coaches::tests::director_with_empty_sport_passes ... ok
test cli::merge_coaches::tests::coach_with_indoor_sport_passes ... ok
test cli::merge_coaches::tests::personal_mail_domain_in_email_rejected ... ok
test cli::merge_coaches::tests::invalid_email_rejected ... ok
test cli::merge_coaches::tests::valid_url_passes ... ok
test cli::merge_coaches::tests::merge_round_trip_keeps_every_row_importable_and_distinct ... ok
test cli::retained_marks::tests::source_owner_provenance_not_locator_substrings_controls_admission ... ok
test cli::export_data::tests::postal::foreign_postal_claim_refuses_school_metadata_export_instead_of_publishing_a_fact ... ok
test cli::retained_events::tests::full_and_partial_batches_preserve_every_original_and_skip_known_events ... ok
test cli::retained_marks::tests::dry_run_apply_and_rerun_preserve_original_facts_and_observation_history ... ok
test cli::export_data::tests::unresolved_same_name_candidates_remain_individually_addressable ... ok
test cli::retained_marks::tests::hand_timing_is_preserved_without_automatic_conversion ... ok
test cli::export_data::tests::recruiting_csv_selects_current_contacts_for_each_gender ... ok
test cli::retained_events::tests::dry_run_preserves_every_observation_and_table_digest ... ok
test cli::retained_events::tests::reported_hurdles_refine_without_changing_identity_context_or_source_labels ... ok
test cli::retained_events::tests::field_and_relay_labels_with_multiple_agreeing_sources_are_refined ... ok
test cli::retained_marks::tests::field_status_unknown_suffix_and_known_timing_conflict_remain_unmodified ... ok
test cli::export_data::tests::postal::captured_zcum49_postal_claim_publishes_on_school_metadata_and_recruiting_csv ... ok
test cli::retained_events::tests::unsupported_contradictory_and_unbound_events_remain_retained ... ok
test cli::retained_marks::tests::final_partial_chunk_and_full_chunk_both_commit_exactly_once ... ok
test cli::tests::verification_uses_the_frozen_generation_after_the_store_changes ... ok
test cli::tests::verification_refuses_a_changed_artifact_in_the_published_bundle ... ok

test result: ok. 71 passed; 0 failed; 0 ignored; 0 measured; 0 filtered out; finished in 0.06s

     Running `/home/lewis/src/ad-law-scrape/athletic-rust-pipeline/target/debug/deps/athleticnet_bio_replay-f1db8db9ef33ca38`

running 1 test
test athleticnet_bio_route_absorbs_both_scopes_and_journals_each_url ... ok

test result: ok. 1 passed; 0 failed; 0 ignored; 0 measured; 0 filtered out; finished in 0.03s

     Running `/home/lewis/src/ad-law-scrape/athletic-rust-pipeline/target/debug/deps/athleticnet_meet_parity-2b2e6e9cba67cb9a`

running 3 tests
test athleticnet_second_run_resumes_from_the_journal_and_spends_nothing ... ok
test athleticnet_third_request_is_spent_only_when_asked_and_changes_no_row ... ok
test athleticnet_whole_meet_route_pulls_two_requests_and_stores_every_storable_row ... ok

test result: ok. 3 passed; 0 failed; 0 ignored; 0 measured; 0 filtered out; finished in 0.13s

     Running `/home/lewis/src/ad-law-scrape/athletic-rust-pipeline/target/debug/deps/athleticnet_parser_properties-b0e0404eb4bf606c`

running 15 tests
test marks::a_no_mark_word_is_not_a_mark ... ok
test marks::a_multi_event_total_is_whole_points ... ok
test marks::a_metric_field_mark_is_a_distance_and_never_a_time ... ok
test marks::the_notation_table_holds_and_defers_to_one_time_parser ... ok
test requests::a_negative_id_is_carried_rather_than_normalised_away ... ok
test marks::a_qualifier_is_stripped_rather_than_read_as_part_of_the_mark ... ok
test requests::every_request_goes_to_one_https_host_and_a_distinct_endpoint ... ok
test requests::every_request_names_the_meet_it_was_built_from ... ok
test totalness::figures_that_are_not_finite_are_never_marks ... ok
test marks::a_published_time_reads_as_the_duration_it_prints ... ok
test marks::an_automatic_suffix_marks_the_flag_not_the_mark ... ok
test totalness::arbitrary_tokens_answer_or_refuse ... ok
test totalness::mark_shaped_tokens_answer_or_refuse ... ok
test totalness::the_same_token_gives_the_same_mark ... ok
test totalness::an_accepted_mark_is_finite ... ok

test result: ok. 15 passed; 0 failed; 0 ignored; 0 measured; 0 filtered out; finished in 0.02s

     Running `/home/lewis/src/ad-law-scrape/athletic-rust-pipeline/target/debug/deps/backup_restore-1a1013ea04c5aeb9`

running 6 tests
test a_copy_whose_journal_stops_mid_batch_keeps_the_complete_prefix ... ok
test a_copy_taken_while_the_store_handle_is_open_keeps_every_committed_batch ... ok
test a_copy_with_a_torn_byte_inside_a_row_never_yields_an_invented_row ... ok
test a_second_open_of_a_live_store_is_refused ... ok
test the_restored_store_reopens_and_appends_without_overwriting ... ok
test cold_copy_backup_restores_the_read_model_exactly ... ok

test result: ok. 6 passed; 0 failed; 0 ignored; 0 measured; 0 filtered out; finished in 3.70s

     Running `/home/lewis/src/ad-law-scrape/athletic-rust-pipeline/target/debug/deps/compiled_parser_properties-7feddd2d1e60659b`

running 14 tests
test lines::a_form_feed_splits_the_page_where_a_newline_does ... ok
test lines::carriage_returns_are_not_part_of_a_line ... ok
test totalness::a_body_without_a_meet_header_is_refused ... ok
test accounting::the_counters_cover_the_rows_the_events_carry ... ok
test accounting::a_blocks_rows_belong_to_that_blocks_event ... ok
test accounting::a_relay_rows_legs_are_the_legs_printed_beneath_it ... ok
test accounting::every_row_and_leg_of_these_pages_carries_a_year ... ok
test prefix_laws::the_single_heat_page_stays_a_prefix_when_cut_short ... ok
test prefix_laws::the_two_block_page_stays_a_prefix_when_cut_short ... ok
test totalness::a_body_of_shaped_text_parses_or_is_refused ... ok
test lines::trailing_padding_never_reaches_a_reading ... ok
test totalness::the_same_lines_give_the_same_answer ... ok
test lines::the_two_front_ends_agree_on_a_body_with_no_page_break ... ok
test totalness::a_body_of_arbitrary_text_parses_or_is_refused ... ok

test result: ok. 14 passed; 0 failed; 0 ignored; 0 measured; 0 filtered out; finished in 0.17s

     Running `/home/lewis/src/ad-law-scrape/athletic-rust-pipeline/target/debug/deps/corpus_walk-1a2c6a890ac0f91f`

running 1 test
test walk_derived_tables ... ignored, operator instrument: needs WALK_ROOT naming a store root

test result: ok. 0 passed; 0 failed; 1 ignored; 0 measured; 0 filtered out; finished in 0.00s

     Running `/home/lewis/src/ad-law-scrape/athletic-rust-pipeline/target/debug/deps/exporter_kill_restart-65eb3795f0ea88a1`

running 2 tests
test b_workbook_without_interrupt_exits_cleanly ... ok
test a_workbook_export_interrupted_by_sigkill_rebuilds_completely_on_restart ... ok

test result: ok. 2 passed; 0 failed; 0 ignored; 0 measured; 0 filtered out; finished in 32.27s

     Running `/home/lewis/src/ad-law-scrape/athletic-rust-pipeline/target/debug/deps/fjall_restate_e2e-220105f8d1e50031`

running 5 tests
test store_roundtrip::store_round_trip_merges_observations_and_reports_stats ... ok
test report_chain::report_bests_and_workbook_chain_over_synthetic_entities ... ok
test restate_endpoint::restate_endpoint_advertises_the_lane_when_it_serves_one ... ok
test restate_endpoint::restate_endpoint_advertises_services_and_drains_on_request ... ok
test restate_endpoint::an_unrequested_stop_does_not_end_the_endpoint_at_the_drain_deadline ... ok

test result: ok. 5 passed; 0 failed; 0 ignored; 0 measured; 0 filtered out; finished in 0.82s

     Running `/home/lewis/src/ad-law-scrape/athletic-rust-pipeline/target/debug/deps/hytek_parser_properties-43f1b42c8a5d4d87`

running 14 tests
test marks::five_foot_six_is_five_foot_six_however_it_is_written ... ok
test roundtrip::the_vendors_own_notation_reads_exactly ... ok
test marks::a_bare_metre_figure_is_a_distance_mark ... ok
test roundtrip::a_seconds_field_of_sixty_or_more_is_not_a_time ... ok
test marks::the_published_spelling_is_kept_beside_the_value ... ok
test totalness::figures_that_are_not_finite_are_never_marks ... ok
test marks::a_feet_only_mark_is_whole_feet ... ok
test totalness::a_negative_or_overlong_field_figure_is_not_a_mark ... ok
test roundtrip::a_rendered_time_reads_back_as_the_same_duration ... ok
test totalness::arbitrary_tokens_answer_or_refuse ... ok
test totalness::the_same_token_gives_the_same_mark ... ok
test totalness::an_accepted_time_is_finite_and_non_negative ... ok
test totalness::an_accepted_mark_is_finite_and_positive ... ok
test totalness::mark_shaped_tokens_answer_or_refuse ... ok

test result: ok. 14 passed; 0 failed; 0 ignored; 0 measured; 0 filtered out; finished in 0.02s

     Running `/home/lewis/src/ad-law-scrape/athletic-rust-pipeline/target/debug/deps/merge_properties-b5398387ab348fc2`

running 29 tests
test laws_writers::school_name_keeps_the_longer_prefix_extension ... ok
test laws_source_identity::a_school_merge_keeps_exactly_the_union_of_the_source_identities ... ok
test laws_unions::school_merge_is_idempotent ... ok
test laws_writers::school_scalar_fields_keep_the_first_observation ... ok
test contact_policy::publish_routes_valid_addresses_and_rejects_malformed ... ok
test laws_unions::school_unions_are_commutative ... ok
test laws_unions::meet_merge_is_idempotent ... ok
test laws_source_identity::an_athlete_merge_keeps_exactly_the_union_of_the_source_identities ... ok
test laws_unions::team_unions_are_commutative ... ok
test laws_unions::team_merge_is_idempotent ... ok
test laws_writers::meet_location_is_first_writer_wins ... ok
test laws_unions::athlete_merge_is_idempotent ... ok
test laws_unions::meet_unions_are_commutative ... ok
test laws_writers::meet_level_fills_an_unknown_hole_and_keeps_a_known_one ... ok
test laws_writers::a_silent_observation_leaves_confidence_alone ... ok
test laws_unions::event_merge_is_idempotent ... ok
test laws_writers::team_level_is_first_writer_wins_and_survives_a_missing_level ... ok
test laws_source_identity::two_ids_under_one_namespace_both_survive_the_merge ... ok
test laws_source_identity::every_namespace_a_side_named_answers_from_the_merged_athlete ... ok
test laws_writers::athlete_merge_unions_known_names_under_one_natural_key ... ok
test laws_writers::disagreement_lowers_confidence_and_agreement_raises_it ... ok
test contact_policy::publish_targets_the_address_the_first_writer_contributed ... ok
test laws_unions::athlete_unions_are_commutative ... ok
test laws_source_identity::a_refused_athlete_merge_keeps_its_identities_and_names_both_sides ... ok
test laws_unions::event_unions_are_commutative ... ok
test laws_writers::athlete_merge_records_a_second_name_instead_of_absorbing_it ... ok
test laws_unions::absorbing_one_raw_observation_twice_is_absorbing_it_once ... ok
test laws_unions::coach_merge_is_idempotent ... ok
test laws_writers::coach_merge_keeps_the_first_contact_details ... ok

test result: ok. 29 passed; 0 failed; 0 ignored; 0 measured; 0 filtered out; finished in 0.01s

     Running `/home/lewis/src/ad-law-scrape/athletic-rust-pipeline/target/debug/deps/milesplit_parser_properties-689163a1095f36dc`

running 16 tests
test index_laws::the_file_list_names_files_with_positive_ids ... ok
test totalness::a_formatted_result_url_is_refused ... ok
test totalness::an_accepted_result_url_is_addressable ... ok
test index_laws::the_pager_and_the_rows_disagree_only_when_the_page_says_so ... ok
test accounting::the_capture_parses_the_rows_it_publishes_and_drops_none ... ok
test accounting::the_rows_parsed_agree_with_the_rows_the_events_hold ... ok
test accounting::a_row_on_the_captures_published_columns_is_a_row ... ok
test accounting::the_captures_rows_keep_their_published_fields ... ok
test totalness::parse_raw_answers_or_refuses_arbitrary_bytes ... ok
test totalness::the_index_answers_or_refuses_arbitrary_bytes ... ok
test index_laws::every_meet_of_the_index_is_distinct ... ok
test accounting::every_result_file_derives_a_raw_url_the_reader_accepts ... ok
test index_laws::every_meet_of_the_index_names_its_own_numeric_id ... ok
test totalness::parse_raw_answers_or_refuses_shaped_bytes ... ok
test totalness::the_same_bytes_give_the_same_answer ... ok
test totalness::the_index_answers_or_refuses_shaped_bytes ... ok

test result: ok. 16 passed; 0 failed; 0 ignored; 0 measured; 0 filtered out; finished in 0.07s

     Running `/home/lewis/src/ad-law-scrape/athletic-rust-pipeline/target/debug/deps/milesplit_roster_observations-ffcd24db5d7603b2`

running 2 tests
test a_roster_pass_files_an_observation_per_published_athlete ... ok
test partial_and_quarantined_rosters_remain_incomplete_after_reopening ... ok

test result: ok. 2 passed; 0 failed; 0 ignored; 0 measured; 0 filtered out; finished in 0.07s

     Running `/home/lewis/src/ad-law-scrape/athletic-rust-pipeline/target/debug/deps/mshsl_directory_properties-19de57714682f9ca`

running 9 tests
test hidden::the_providers_own_encoding_round_trips ... ok
test listing::the_pager_follows_the_page_the_listing_prints ... ok
test listing::a_listed_school_is_published_with_its_own_slug ... ok
test hidden::a_fragment_publishes_each_hidden_address_once ... ok
test the_committed_captures_read_the_same_way_twice ... ok
test hidden::the_two_forms_hide_the_same_addresses ... ok
test detail::every_printed_administration_row_is_published ... ok
test detail::a_school_page_publishes_the_facts_it_prints ... ok
test totalness::arbitrary_markup_reads_to_schools_or_to_none ... ok

test result: ok. 9 passed; 0 failed; 0 ignored; 0 measured; 0 filtered out; finished in 0.02s

     Running `/home/lewis/src/ad-law-scrape/athletic-rust-pipeline/target/debug/deps/nces_directory_properties-fc70ffe97fd8f6b3`

running 8 tests
test nces_an_empty_artifact_is_refused_rather_than_read_as_no_rows ... ok
test nces_the_ccd_reader_refuses_a_file_without_the_identity_column ... ok
test nces_the_pss_reader_refuses_a_file_without_the_name_column ... ok
test nces_a_quoted_pss_field_keeps_the_comma_it_carries ... ok
test nces_the_pss_window_maps_names_addresses_coordinates_and_enrollment ... ok
test nces_the_ccd_reader_maps_identity_address_grades_and_charter_status ... ok
test nces_every_alabama_row_becomes_an_entry_and_alaska_is_a_state_skip ... ok
test nces_the_ccd_window_reads_the_same_way_twice ... ok

test result: ok. 8 passed; 0 failed; 0 ignored; 0 measured; 0 filtered out; finished in 0.04s

     Running `/home/lewis/src/ad-law-scrape/athletic-rust-pipeline/target/debug/deps/offline_cycle-d1bb8634efe5eb40`

running 1 test
test the_offline_cycle_publishes_each_cohort_athlete_once_in_a_verified_bundle ... ok

test result: ok. 1 passed; 0 failed; 0 ignored; 0 measured; 0 filtered out; finished in 0.09s

     Running `/home/lewis/src/ad-law-scrape/athletic-rust-pipeline/target/debug/deps/ohsaa_directory_properties-b8a83f245fcb289c`

running 8 tests
test the_committed_captures_read_the_same_way_twice ... ok
test sports::a_cell_that_names_nobody_publishes_nobody ... ok
test sports::a_coach_cell_publishes_the_name_and_address_it_prints ... ok
test search::a_school_listed_twice_is_published_once ... ok
test ad_page::the_director_the_page_names_first_is_the_one_published ... ok
test search::a_printed_name_resolves_to_the_school_that_printed_it ... ok
test sports::a_table_publishes_its_track_and_cross_country_rows ... ok
test totalness::arbitrary_markup_reads_to_rows_or_to_none ... ok

test result: ok. 8 passed; 0 failed; 0 ignored; 0 measured; 0 filtered out; finished in 0.01s

     Running `/home/lewis/src/ad-law-scrape/athletic-rust-pipeline/target/debug/deps/parity_mideast-807bb5e8150b3f64`

running 9 tests
test ohsaa_coffman_entities_match_golden ... ok
test ks_fixtures_match_the_golden_corpus ... ok
test ohsaa_fixtures_match_the_golden_corpus ... ok
test ihsa_fixtures_match_the_golden_corpus ... ok
test compiled_documented_exports_match_golden ... ok
test wayzata_fixtures_match_the_golden_corpus ... ok
test ks_collect_from_a_seeded_cache_matches_golden ... ok
test ohsaa_collect_from_a_seeded_cache_matches_golden ... ok
test wayzata_collect_from_a_seeded_cache_matches_golden ... ok

test result: ok. 9 passed; 0 failed; 0 ignored; 0 measured; 0 filtered out; finished in 0.04s

     Running `/home/lewis/src/ad-law-scrape/athletic-rust-pipeline/target/debug/deps/parity_national-4f9b0bb42b0f0c8f`

running 5 tests
test athleticnet_inline_capture_parity ... ok
test athleticlive_athletes_fixture_corpus_parity ... ok
test athleticlive_harvest_parity ... ok
test coach_contacts_csv_parity ... ok
test milesplit_html_parity ... FAILED

failures:

---- milesplit_html_parity stdout ----
Error: uncovered milesplit fixture `troy_725218_raw_projection_provenance.json`: parity_national.rs has no case for it


failures:
    milesplit_html_parity

test result: FAILED. 4 passed; 1 failed; 0 ignored; 0 measured; 0 filtered out; finished in 0.05s

error: test failed, to rerun pass `-p census-service --test parity_national`

*** result: Failure(101)
